PathFileType	4	(X/Y/Z)	Running2.trc
DataRate	CameraRate	NumFrames	NumMarkers	Units	OrigDataRate	OrigDataStartFrame	OrigNumFrames
100	100	6000	2	mm	100	1	6000
Frame#	Time	mal_lat_left			mal_lat_right		
		X	Y	Z	X	Y	Z	
1	0.0	507.421173095703	423.270904541016	258.817779541016	1049.2412109375	218.00862121582	107.948524475098
2	0.005	504.659759521484	423.516876220703	264.204620361328	1052.00573730469	218.709533691406	105.34171295166
3	0.01	502.387542724609	423.722503662109	269.609680175781	1053.77014160156	219.357086181641	102.491546630859
4	0.015	500.514923095703	424.132202148438	274.996307373047	1054.26550292969	219.747451782227	99.6109924316406
5	0.02	499.240783691406	424.379455566406	280.231048583984	1053.85852050781	220.216995239258	96.4170455932617
6	0.025	498.404479980469	424.639953613281	285.718078613281	1052.61096191406	220.505020141602	93.2595291137695
7	0.03	498.240417480469	424.845550537109	290.734649658203	1050.42016601562	220.556915283203	90.6410217285156
8	0.035	498.666656494141	424.953002929688	295.692474365234	1047.35803222656	220.804214477539	88.8086090087891
9	0.04	499.599731445312	425.054351806641	300.447784423828	1042.47814941406	221.598159790039	86.4836120605469
10	0.045	501.198394775391	424.917236328125	304.81884765625	1035.25756835938	222.594161987305	84.6686630249023
11	0.05	503.469909667969	424.908172607422	309.227844238281	1026.18859863281	223.903259277344	83.7245559692383
12	0.055	506.390045166016	424.914154052734	313.429168701172	1015.23638916016	225.401336669922	83.4395599365234
13	0.06	510.012237548828	424.854827880859	317.454803466797	1003.13647460938	227.378341674805	83.904052734375
14	0.065	514.328735351562	424.927429199219	321.243041992188	992.727844238281	228.322280883789	85.3117523193359
15	0.07	519.37255859375	424.914337158203	324.711364746094	983.910339355469	229.133758544922	86.8152847290039
16	0.075	525.137756347656	425.031341552734	327.915130615234	975.246459960938	229.776809692383	88.229118347168
17	0.08	531.509033203125	425.002227783203	330.690155029297	965.365844726562	230.511779785156	89.3597412109375
18	0.085	538.453796386719	424.968597412109	333.043029785156	954.372314453125	231.214279174805	90.4811935424805
19	0.09	545.82470703125	425.041229248047	335.027099609375	943.239196777344	231.543502807617	91.1976165771484
20	0.095	553.649536132812	425.028747558594	336.601257324219	932.157409667969	231.711135864258	91.4160461425781
21	0.1	561.717163085938	425.205200195312	337.720062255859	920.868225097656	231.752960205078	91.6394882202148
22	0.105	570.041015625	425.418151855469	338.402465820312	909.057922363281	231.725631713867	91.9164886474609
23	0.11	578.558288574219	425.735260009766	338.614807128906	897.32275390625	231.894866943359	91.8823928833008
24	0.115	587.205078125	426.126586914062	338.390075683594	885.305541992188	232.097518920898	91.9937210083008
25	0.12	595.949157714844	426.53271484375	337.669647216797	873.199890136719	232.377792358398	92.1713409423828
26	0.125	604.778381347656	427.058715820312	336.555206298828	860.90625	232.642868041992	92.459587097168
27	0.13	613.728759765625	427.586517333984	334.951171875	848.622802734375	232.792633056641	92.7600860595703
28	0.135	622.815124511719	428.122680664062	332.830596923828	836.635192871094	233.104080200195	92.8863372802734
29	0.14	631.856628417969	428.640441894531	330.270751953125	824.195373535156	233.012405395508	93.3533096313477
30	0.145	641.026000976562	429.182281494141	327.263244628906	811.935729980469	232.80924987793	93.8602828979492
31	0.15	650.204528808594	429.672241210938	323.777954101562	799.701599121094	232.584838867188	94.4939346313477
32	0.155	659.362060546875	430.096405029297	319.938995361328	787.531921386719	232.235778808594	95.2754974365234
33	0.16	668.496032714844	430.555328369141	315.632263183594	775.505615234375	231.738800048828	96.175163269043
34	0.165	677.659606933594	430.815734863281	310.99267578125	763.860778808594	230.816619873047	97.176399230957
35	0.17	686.859619140625	431.130706787109	306.005493164062	751.710876464844	230.395294189453	98.5113983154297
36	0.175	696.155456542969	431.303619384766	300.645751953125	740.051696777344	229.582168579102	99.9853820800781
37	0.18	705.416564941406	431.412780761719	295.031860351562	728.465454101562	228.608428955078	101.832321166992
38	0.185	714.985778808594	431.395904541016	289.103607177734	717.410827636719	227.120330810547	103.984344482422
39	0.19	724.5029296875	431.322387695312	283.021179199219	705.795837402344	226.282028198242	106.757659912109
40	0.195	734.3251953125	430.934020996094	276.417633056641	694.884887695312	225.02409362793	109.618293762207
41	0.2	744.284545898438	430.452697753906	269.745147705078	684.35791015625	223.665313720703	112.883972167969
42	0.205	754.457458496094	429.897918701172	262.794708251953	674.018737792969	222.231872558594	116.389457702637
43	0.21	764.778869628906	429.13427734375	255.667739868164	664.123474121094	220.834289550781	120.209808349609
44	0.215	775.390441894531	428.359619140625	248.348510742188	654.535583496094	219.391571044922	124.230842590332
45	0.22	786.178466796875	427.434509277344	240.84326171875	645.632873535156	218.205947875977	127.920585632324
46	0.225	797.212829589844	426.439514160156	233.241928100586	636.840454101562	216.736114501953	132.275177001953
47	0.23	808.510070800781	425.374664306641	225.505065917969	628.439819335938	215.169799804688	136.809158325195
48	0.235	820.025634765625	424.282318115234	217.731643676758	620.3134765625	213.659652709961	141.361038208008
49	0.24	831.728271484375	423.059509277344	209.867599487305	612.432922363281	212.000930786133	146.060333251953
50	0.245	843.706481933594	421.858642578125	202.041244506836	605.074523925781	210.481323242188	150.742813110352
51	0.25	855.808349609375	420.698455810547	194.30908203125	598.018920898438	208.790328979492	155.538955688477
52	0.255	867.82177734375	419.700744628906	186.733627319336	591.328308105469	207.211975097656	160.454544067383
53	0.26	880.691162109375	418.353485107422	179.152236938477	584.830322265625	205.537734985352	165.357986450195
54	0.265	893.330078125	417.173858642578	171.964920043945	578.721557617188	203.925399780273	170.278305053711
55	0.27	906.362182617188	415.769866943359	164.957794189453	572.881713867188	202.317642211914	175.156387329102
56	0.275	919.236267089844	414.680938720703	158.490463256836	567.365600585938	200.876113891602	180.143997192383
57	0.28	932.049926757812	413.430419921875	152.359756469727	562.02490234375	199.755737304688	185.049118041992
58	0.285	944.686279296875	412.180297851562	146.727279663086	556.907653808594	198.567825317383	189.977905273438
59	0.29	956.888366699219	410.951263427734	141.537902832031	551.897644042969	197.620956420898	194.902603149414
60	0.295	968.634216308594	409.6611328125	136.865310668945	547.045959472656	196.90788269043	199.651153564453
61	0.3	979.643737792969	408.389495849609	132.654968261719	542.048889160156	196.25212097168	204.496429443359
62	0.305	989.978759765625	407.064086914062	128.883728027344	536.918395996094	195.545227050781	209.465606689453
63	0.31	999.413391113281	405.663330078125	125.476928710938	531.668579101562	195.107574462891	214.308197021484
64	0.315	1007.94110107422	404.319274902344	122.637199401855	526.168273925781	194.776397705078	219.34211730957
65	0.32	1015.46936035156	402.938507080078	120.159042358398	520.347412109375	194.583404541016	224.573989868164
66	0.325	1022.07452392578	401.479309082031	117.993087768555	514.484924316406	194.452438354492	229.967910766602
67	0.33	1027.7998046875	399.942077636719	116.013114929199	508.787963867188	194.797103881836	235.457901000977
68	0.335	1032.45373535156	398.383972167969	114.174629211426	503.551361083984	194.917266845703	241.094543457031
69	0.34	1036.09045410156	396.786895751953	112.360252380371	498.690002441406	195.126770019531	246.79460144043
70	0.345	1038.74597167969	395.048126220703	110.446632385254	494.429077148438	195.307723999023	252.511291503906
71	0.35	1040.49841308594	393.443542480469	108.441528320312	490.696685791016	195.426620483398	258.276245117188
72	0.355	1041.41589355469	391.936340332031	106.272895812988	487.595184326172	195.391647338867	264.021820068359
73	0.36	1041.43518066406	390.628540039062	104.067352294922	485.086975097656	195.216506958008	269.682861328125
74	0.365	1040.73742675781	389.456390380859	101.627220153809	483.207061767578	194.922607421875	275.241790771484
75	0.37	1039.33093261719	388.401580810547	98.8554306030273	481.927520751953	194.401443481445	280.738250732422
76	0.375	1037.08801269531	387.485778808594	96.1280212402344	481.214111328125	193.884384155273	286.037322998047
77	0.38	1033.56091308594	386.13330078125	94.3076248168945	481.090362548828	193.224533081055	291.175109863281
78	0.385	1028.44299316406	383.789031982422	92.7377471923828	481.592864990234	192.412445068359	296.146759033203
79	0.39	1018.90014648438	380.576416015625	91.2461700439453	482.878570556641	191.834365844727	300.699310302734
80	0.395	1005.171875	377.207794189453	90.0805358886719	484.778289794922	190.992401123047	305.112854003906
81	0.4	992.070861816406	375.070007324219	89.5289306640625	487.496215820312	190.277145385742	309.286804199219
82	0.405	980.513671875	373.796966552734	89.3740539550781	490.972747802734	189.453979492188	313.202575683594
83	0.41	970.086364746094	372.634552001953	90.077766418457	495.242767333984	188.761245727539	316.808868408203
84	0.415	959.899108886719	371.756744384766	90.986686706543	500.266296386719	188.109451293945	320.141784667969
85	0.42	948.870544433594	370.877593994141	92.137451171875	505.978149414062	187.556350708008	323.146789550781
86	0.425	937.316101074219	370.445098876953	93.3598327636719	512.260925292969	187.150161743164	325.770080566406
87	0.43	925.611999511719	370.422760009766	94.1961364746094	519.073425292969	186.71875	328.040588378906
88	0.435	914.409606933594	370.930755615234	94.9065246582031	526.374633789062	186.509948730469	329.836456298828
89	0.44	903.175048828125	371.819702148438	95.6746368408203	534.104919433594	186.328338623047	331.210052490234
90	0.445	891.816223144531	372.838409423828	96.2973098754883	542.20458984375	186.217803955078	332.007171630859
91	0.45	880.404174804688	373.706298828125	96.5929565429688	550.490539550781	186.053100585938	332.336364746094
92	0.455	868.871276855469	374.453369140625	97.0902633666992	559.060791015625	185.850692749023	332.122650146484
93	0.46	857.214233398438	374.833038330078	97.4771728515625	567.778381347656	185.639389038086	331.404998779297
94	0.465	845.355163574219	375.001617431641	98.1079635620117	576.597778320312	185.498199462891	330.110443115234
95	0.47	833.542419433594	375.117614746094	98.7659378051758	585.245361328125	185.51350402832	328.3427734375
96	0.475	821.732421875	375.029205322266	99.4407196044922	594.898498535156	185.016265869141	325.947143554688
97	0.48	809.776123046875	375.055206298828	100.351745605469	604.070983886719	184.808319091797	323.169525146484
98	0.485	797.88330078125	375.108947753906	101.36686706543	613.246887207031	184.817672729492	319.878540039062
99	0.49	786.00732421875	375.142028808594	102.450325012207	622.495788574219	184.705184936523	316.151489257812
100	0.495	774.204956054688	375.311737060547	103.739669799805	631.68603515625	184.708572387695	312.042938232422
101	0.5	762.485412597656	375.553344726562	105.276885986328	640.980346679688	184.887817382812	307.554138183594
102	0.505	751.038879394531	375.804595947266	107.037979125977	650.279479980469	185.020095825195	302.670318603516
103	0.51	739.770568847656	376.167419433594	109.133926391602	659.686401367188	185.321731567383	297.430236816406
104	0.515	728.768371582031	376.511749267578	111.490715026855	669.26904296875	185.710800170898	291.855621337891
105	0.52	717.99609375	377.037017822266	114.131187438965	678.973205566406	186.170791625977	285.946136474609
106	0.525	707.570678710938	377.545623779297	117.013771057129	688.869384765625	186.763565063477	279.704376220703
107	0.53	697.386657714844	378.140350341797	120.225326538086	698.978576660156	187.318817138672	273.197052001953
108	0.535	687.5869140625	378.878662109375	123.640312194824	709.38525390625	187.94514465332	266.410034179688
109	0.54	677.996398925781	379.764495849609	127.266067504883	719.928955078125	188.746765136719	259.46240234375
110	0.545	668.720153808594	380.511047363281	131.056121826172	730.841430664062	189.438385009766	252.245651245117
111	0.55	659.766235351562	381.595397949219	135.051864624023	741.947448730469	190.18717956543	244.847885131836
112	0.555	651.2685546875	382.717712402344	139.091934204102	753.301513671875	190.970001220703	237.372894287109
113	0.56	642.994995117188	383.859222412109	143.283630371094	765.014709472656	191.734451293945	229.697387695312
114	0.565	635.047485351562	385.149566650391	147.544158935547	776.986694335938	192.405227661133	221.920181274414
115	0.57	627.523498535156	386.357879638672	151.780487060547	789.295166015625	193.209609985352	214.059127807617
116	0.575	620.274719238281	387.668670654297	156.159255981445	801.845520019531	193.775039672852	206.255386352539
117	0.58	613.309753417969	389.007293701172	160.536010742188	814.80908203125	194.32389831543	198.412673950195
118	0.585	606.638244628906	390.359832763672	164.937591552734	828.184875488281	194.845062255859	190.454940795898
119	0.59	600.18115234375	391.72607421875	169.377563476562	841.612182617188	195.088439941406	182.887496948242
120	0.595	594.047241210938	393.096893310547	173.864776611328	855.359313964844	195.324493408203	175.250534057617
121	0.6	588.112609863281	394.521514892578	178.405197143555	869.393249511719	195.314346313477	167.756454467773
122	0.605	582.585144042969	395.922882080078	182.974014282227	883.515625	195.107788085938	160.519149780273
123	0.61	577.286010742188	397.361022949219	187.58251953125	897.847229003906	194.813949584961	153.461196899414
124	0.615	572.286926269531	398.731353759766	192.17008972168	912.195617675781	194.310989379883	146.753402709961
125	0.62	567.549682617188	400.081451416016	196.664688110352	926.388793945312	193.611328125	140.489700317383
126	0.625	562.956726074219	401.409637451172	201.180618286133	940.514526367188	192.86979675293	134.635101318359
127	0.63	558.579833984375	402.587615966797	205.550827026367	954.296081542969	192.031005859375	129.341690063477
128	0.635	554.212280273438	403.793701171875	209.961715698242	967.578552246094	190.94384765625	124.679374694824
129	0.64	549.753662109375	404.920806884766	214.388916015625	980.353881835938	189.957321166992	120.508567810059
130	0.645	545.279907226562	406.015777587891	218.822341918945	992.414733886719	189.03190612793	116.972816467285
131	0.65	540.348388671875	407.049102783203	223.528869628906	1003.62896728516	188.085830688477	114.14281463623
132	0.655	535.411254882812	407.880218505859	228.506744384766	1013.82653808594	187.483703613281	111.800804138184
133	0.66	530.592346191406	408.680450439453	233.658828735352	1022.95684814453	187.133712768555	109.815155029297
134	0.665	525.981689453125	409.319854736328	238.992736816406	1030.7626953125	187.104827880859	108.287239074707
135	0.67	521.760192871094	409.948547363281	244.459976196289	1037.40209960938	187.191162109375	106.671669006348
136	0.675	518.091369628906	410.397583007812	249.966247558594	1042.74609375	187.342697143555	105.123359680176
137	0.68	514.914428710938	410.837646484375	255.503662109375	1047.19665527344	187.584075927734	103.271858215332
138	0.685	512.3544921875	411.366973876953	260.988677978516	1050.24548339844	187.671722412109	101.100463867188
139	0.69	510.298553466797	411.839691162109	266.380096435547	1052.1708984375	187.813385009766	98.7368469238281
140	0.695	508.906311035156	412.206909179688	271.561676025391	1052.86242675781	187.789260864258	96.2446899414062
141	0.7	508.037719726562	412.712036132812	276.739501953125	1052.56970214844	187.857452392578	93.4770889282227
142	0.705	507.756103515625	413.179840087891	281.743591308594	1051.2275390625	187.792327880859	91.1581878662109
143	0.71	508.116760253906	413.616149902344	286.600952148438	1048.89233398438	187.756088256836	89.3190307617188
144	0.715	509.026428222656	414.095123291016	291.312561035156	1044.94616699219	188.098068237305	87.179573059082
145	0.72	510.614837646484	414.452667236328	295.811920166016	1039.08801269531	189.093856811523	85.35888671875
146	0.725	512.739196777344	414.779266357422	300.148681640625	1031.02685546875	190.687149047852	84.1378021240234
147	0.73	515.580078125	415.059051513672	304.306610107422	1020.95635986328	192.405975341797	83.3839645385742
148	0.735	519.052917480469	415.231872558594	308.226135253906	1008.93438720703	194.44026184082	83.182487487793
149	0.74	523.299926757812	415.175689697266	311.922546386719	997.010864257812	195.957656860352	83.8471221923828
150	0.745	528.168762207031	415.344299316406	315.430480957031	987.287902832031	196.677261352539	85.3263168334961
151	0.75	533.722351074219	415.327362060547	318.68798828125	978.677185058594	197.2890625	86.9356231689453
152	0.755	539.9853515625	415.309448242188	321.553955078125	969.837280273438	197.66650390625	88.3299865722656
153	0.76	546.692810058594	415.264373779297	324.074981689453	959.512084960938	198.314071655273	89.6850204467773
154	0.765	553.896545410156	414.979522705078	326.063446044922	948.36767578125	198.908798217773	90.8314514160156
155	0.77	561.465026855469	414.806182861328	327.789825439453	937.278137207031	199.154647827148	91.5401992797852
156	0.775	569.403198242188	414.425231933594	328.964935302734	926.326538085938	199.212432861328	91.9127426147461
157	0.78	577.46826171875	414.152526855469	329.782958984375	914.915283203125	198.982299804688	92.2747802734375
158	0.785	585.778747558594	413.914215087891	330.202362060547	903.205078125	198.886520385742	92.3308410644531
159	0.79	594.21337890625	413.716125488281	330.185760498047	891.262512207031	198.935256958008	92.3909683227539
160	0.795	602.756958007812	413.616607666016	329.710083007812	879.283081054688	199.090042114258	92.498176574707
161	0.8	611.468566894531	413.448455810547	328.774291992188	867.354064941406	199.511138916016	92.5869598388672
162	0.805	620.222900390625	413.238922119141	327.309173583984	855.171264648438	199.76643371582	93.028564453125
163	0.81	629.069091796875	413.103302001953	325.516540527344	843.0478515625	199.996032714844	93.4124145507812
164	0.815	637.9072265625	412.722290039062	323.017639160156	830.8173828125	200.027633666992	93.9795761108398
165	0.82	646.812866210938	412.456787109375	320.299713134766	818.562194824219	199.814910888672	94.5977249145508
166	0.825	655.806579589844	412.092346191406	317.134399414062	806.430114746094	199.586227416992	95.1951293945312
167	0.83	664.730285644531	411.658111572266	313.620635986328	794.298767089844	199.240203857422	96.0215148925781
168	0.835	673.67529296875	411.226593017578	309.786895751953	782.257995605469	198.801727294922	96.9843063354492
169	0.84	682.613952636719	410.658508300781	305.55859375	770.2998046875	198.131546020508	98.1346282958984
170	0.845	691.524719238281	410.018737792969	301.071624755859	758.569763183594	197.514541625977	99.4641723632812
171	0.85	700.464050292969	409.27197265625	296.245269775391	747.030578613281	196.872360229492	101.090110778809
172	0.855	709.557434082031	408.494232177734	291.096527099609	735.534484863281	196.077758789062	103.160545349121
173	0.86	718.700256347656	407.413696289062	285.548126220703	724.449890136719	194.990951538086	105.501937866211
174	0.865	728.083740234375	406.443054199219	279.830169677734	713.278747558594	194.117248535156	108.189582824707
175	0.87	737.610900878906	405.379699707031	273.779541015625	702.651916503906	193.015228271484	111.143478393555
176	0.875	747.229675292969	404.297729492188	267.509338378906	692.244689941406	191.849670410156	114.365020751953
177	0.88	757.260925292969	403.154876708984	260.972381591797	682.091247558594	190.537155151367	117.990242004395
178	0.885	767.440856933594	402.08154296875	254.221694946289	672.289001464844	189.169891357422	121.690879821777
179	0.89	778.042785644531	400.976196289062	247.256195068359	662.714416503906	187.807006835938	125.779083251953
180	0.895	788.876892089844	399.870788574219	240.097564697266	653.521240234375	186.291839599609	129.869186401367
181	0.9	800.086364746094	398.843811035156	232.728927612305	644.837646484375	184.810562133789	134.091033935547
182	0.905	811.5947265625	397.862945556641	225.233032226562	636.406005859375	183.189208984375	138.462432861328
183	0.91	823.45947265625	396.951965332031	217.664703369141	628.394958496094	181.510543823242	142.895416259766
184	0.915	835.622741699219	396.039337158203	209.988433837891	620.662719726562	179.75993347168	147.389022827148
185	0.92	847.980895996094	395.221160888672	202.391906738281	613.359252929688	178.025955200195	151.871231079102
186	0.925	860.683837890625	394.535064697266	194.80729675293	606.15380859375	176.279678344727	156.590057373047
187	0.93	873.691223144531	393.762481689453	187.2392578125	599.452758789062	174.568267822266	161.191619873047
188	0.935	886.849060058594	393.149841308594	179.879379272461	593.060729980469	172.785278320312	165.951919555664
189	0.94	900.202575683594	392.431823730469	172.719482421875	586.797119140625	171.042739868164	170.687072753906
190	0.945	913.777587890625	391.725250244141	165.796295166016	580.861511230469	169.421875	175.448623657227
191	0.95	927.332946777344	390.793823242188	159.206558227539	575.084899902344	167.871978759766	180.245040893555
192	0.955	940.739501953125	390.122589111328	153.147155761719	569.699523925781	166.522811889648	185.087768554688
193	0.96	953.794555664062	389.353240966797	147.495788574219	564.4931640625	165.267913818359	189.941650390625
194	0.965	966.499572753906	388.564025878906	142.382232666016	559.351196289062	164.17366027832	194.791107177734
195	0.97	978.545837402344	387.677276611328	137.778228759766	554.263549804688	163.279006958008	199.528137207031
196	0.975	989.759094238281	386.717468261719	133.652389526367	549.029296875	162.371536254883	204.255401611328
197	0.98	1000.17041015625	385.558166503906	129.989624023438	543.648315429688	161.563720703125	208.961364746094
198	0.985	1009.54461669922	384.366241455078	126.64363861084	538.030578613281	160.863571166992	213.68879699707
199	0.99	1017.94421386719	383.250244140625	123.856796264648	532.112731933594	160.419525146484	218.682312011719
200	0.995	1025.21020507812	382.109436035156	121.471549987793	525.912719726562	160.159652709961	223.865280151367
201	1.0	1031.63488769531	381.037536621094	119.26978302002	519.799499511719	160.021560668945	229.247497558594
202	1.005	1037.07214355469	380.038726806641	117.369049072266	513.879638671875	160.090591430664	234.749389648438
203	1.01	1041.55090332031	379.068450927734	115.505096435547	508.340576171875	160.21240234375	240.440246582031
204	1.015	1045.01220703125	378.355590820312	113.669044494629	503.396331787109	160.381286621094	246.188659667969
205	1.02	1047.42822265625	377.689575195312	111.725440979004	499.0234375	160.581283569336	252.006866455078
206	1.025	1048.8203125	377.189514160156	109.595947265625	495.372711181641	160.818634033203	257.847290039062
207	1.03	1049.22277832031	376.813598632812	107.286643981934	492.217926025391	160.863754272461	263.759674072266
208	1.035	1048.64453125	376.587677001953	104.854644775391	489.730133056641	161.002365112305	269.679840087891
209	1.04	1047.2021484375	376.561614990234	102.26717376709	487.893524169922	160.952117919922	275.624053955078
210	1.045	1044.88037109375	376.649475097656	99.2552947998047	486.786376953125	160.846572875977	281.327941894531
211	1.05	1041.52575683594	376.557159423828	96.3456039428711	486.301849365234	160.687454223633	286.901336669922
212	1.055	1036.63903808594	375.870544433594	94.5617141723633	486.506805419922	160.463684082031	292.31396484375
213	1.06	1029.34497070312	374.039276123047	92.7380142211914	487.425933837891	160.286331176758	297.460662841797
214	1.065	1016.79553222656	370.888031005859	90.9584808349609	489.045959472656	160.41047668457	302.243041992188
215	1.07	1003.11248779297	368.202026367188	90.0356597900391	491.444732666016	160.297485351562	306.885681152344
216	1.075	990.967102050781	366.341583251953	89.6887893676758	494.594757080078	160.321502685547	311.28271484375
217	1.08	980.318237304688	364.867523193359	90.2816619873047	498.611541748047	160.365966796875	315.414306640625
218	1.085	970.576232910156	363.968658447266	91.432975769043	503.380767822266	160.56526184082	319.25146484375
219	1.09	960.006652832031	363.149230957031	92.6915893554688	508.890594482422	160.779235839844	322.650268554688
220	1.095	948.651000976562	362.688385009766	94.0234985351562	515.119750976562	161.184310913086	325.652465820312
221	1.1	937.018493652344	362.558349609375	95.0367965698242	521.9326171875	161.684356689453	328.204620361328
222	1.105	925.806091308594	362.930053710938	95.7116241455078	529.286804199219	162.224624633789	330.296905517578
223	1.11	914.647033691406	363.85107421875	96.6058349609375	537.125244140625	162.728164672852	331.825042724609
224	1.115	903.434753417969	364.756164550781	97.3194732666016	545.337951660156	163.384811401367	332.8193359375
225	1.12	891.982971191406	365.526306152344	97.8233261108398	553.851379394531	163.930709838867	333.2109375
226	1.125	880.498291015625	366.115173339844	98.1919479370117	562.264282226562	164.771133422852	333.081787109375
227	1.13	868.872863769531	366.461944580078	98.5899658203125	571.675903320312	164.806564331055	332.350738525391
228	1.135	856.967224121094	366.615478515625	99.0651168823242	580.815979003906	165.301559448242	331.057891845703
229	1.14	845.076721191406	366.638916015625	99.4852676391602	590.196594238281	165.800720214844	329.131103515625
230	1.145	833.067565917969	366.610260009766	100.087211608887	599.584899902344	166.224182128906	326.712188720703
231	1.15	821.046447753906	366.524108886719	100.81583404541	609.049255371094	166.781387329102	323.783813476562
232	1.155	808.945495605469	366.485961914062	101.573677062988	618.648010253906	167.360778808594	320.320831298828
233	1.16	796.970275878906	366.421264648438	102.543792724609	628.294860839844	167.979568481445	316.444915771484
234	1.165	784.968444824219	366.462158203125	103.654510498047	638.033203125	168.409027099609	312.132843017578
235	1.17	773.043518066406	366.590728759766	104.932571411133	647.846008300781	169.239685058594	307.381988525391
236	1.175	761.299865722656	366.736846923828	106.411552429199	657.597045898438	170.023620605469	302.181976318359
237	1.18	749.769653320312	367.037811279297	108.223762512207	667.445983886719	171.006881713867	296.701507568359
238	1.185	738.493896484375	367.355499267578	110.266983032227	677.390625	171.983825683594	290.842712402344
239	1.19	727.42822265625	367.864379882812	112.653984069824	687.572143554688	173.111114501953	284.711547851562
240	1.195	716.656311035156	368.293182373047	115.361289978027	697.932800292969	174.225189208984	278.224487304688
241	1.2	706.131286621094	368.931427001953	118.287826538086	708.333618164062	175.432571411133	271.54248046875
242	1.205	695.919799804688	369.688842773438	121.513580322266	719.274597167969	176.746383666992	264.604705810547
243	1.21	686.056091308594	370.580871582031	124.97607421875	730.348693847656	178.22346496582	257.450958251953
244	1.215	676.458618164062	371.572845458984	128.692199707031	741.735656738281	179.619491577148	250.135757446289
245	1.22	667.202758789062	372.540588378906	132.540664672852	753.331481933594	181.085342407227	242.734710693359
246	1.225	658.318237304688	373.689788818359	136.482528686523	765.167297363281	182.603942871094	235.249710083008
247	1.23	649.837158203125	374.911834716797	140.651336669922	777.331420898438	184.298049926758	227.498565673828
248	1.235	641.5908203125	376.210479736328	144.870300292969	789.828735351562	185.836441040039	219.795913696289
249	1.24	633.733154296875	377.554626464844	149.175476074219	802.568359375	187.298492431641	211.968612670898
250	1.245	626.209655761719	378.961761474609	153.526260375977	815.693603515625	188.663635253906	204.240570068359
251	1.25	619.000183105469	380.348022460938	157.892303466797	829.155456542969	189.996398925781	196.472549438477
252	1.255	612.0595703125	381.801605224609	162.312271118164	842.841003417969	191.34196472168	188.753982543945
253	1.26	605.41650390625	383.268310546875	166.777145385742	856.740173339844	192.489227294922	181.216262817383
254	1.265	598.999572753906	384.766754150391	171.269058227539	870.681945800781	193.455902099609	173.963317871094
255	1.27	592.9228515625	386.257873535156	175.830841064453	884.966003417969	194.306732177734	166.764129638672
256	1.275	587.042846679688	387.713500976562	180.452209472656	899.37255859375	194.997634887695	159.866165161133
257	1.28	581.558654785156	389.186584472656	185.075744628906	913.871765136719	195.551742553711	153.340713500977
258	1.285	576.263305664062	390.698760986328	189.740295410156	928.37548828125	195.961242675781	147.186813354492
259	1.29	571.162658691406	392.174102783203	194.370834350586	942.828979492188	196.225616455078	141.512496948242
260	1.295	566.27099609375	393.529602050781	198.946350097656	957.000366210938	196.465133666992	136.254577636719
261	1.3	561.448852539062	394.9150390625	203.505187988281	970.806518554688	196.621826171875	131.547012329102
262	1.305	556.771606445312	396.199493408203	208.043182373047	984.119323730469	196.690155029297	127.196495056152
263	1.31	552.045104980469	397.538177490234	212.638549804688	996.757141113281	196.652770996094	123.550071716309
264	1.315	547.27294921875	398.768341064453	217.314361572266	1008.57098388672	196.608535766602	120.350189208984
265	1.32	542.342102050781	399.816955566406	221.967864990234	1019.48657226562	196.578765869141	117.796211242676
266	1.325	537.199829101562	400.738037109375	227.012573242188	1029.30932617188	196.738143920898	115.702758789062
267	1.33	532.095825195312	401.731689453125	232.289428710938	1037.81506347656	197.029983520508	114.221885681152
268	1.335	527.223999023438	402.542999267578	237.719772338867	1045.28540039062	197.685562133789	112.766883850098
269	1.34	522.681762695312	403.277374267578	243.294616699219	1051.54956054688	198.397644042969	111.235580444336
270	1.345	518.585388183594	403.905456542969	248.899978637695	1056.68347167969	199.248489379883	109.630325317383
271	1.35	515.114013671875	404.651977539062	254.586837768555	1060.57592773438	199.928329467773	107.702850341797
272	1.355	512.087890625	405.290130615234	260.23193359375	1063.38317871094	200.551788330078	105.549224853516
273	1.36	509.602783203125	406.034729003906	265.832794189453	1064.98669433594	201.091339111328	103.11589050293
274	1.365	507.616821289062	406.796875	271.389343261719	1065.4169921875	201.611343383789	100.451972961426
275	1.37	506.234283447266	407.629058837891	276.82568359375	1064.78308105469	202.188415527344	97.6367263793945
276	1.375	505.314819335938	408.437683105469	282.192169189453	1063.18334960938	202.611373901367	94.6101989746094
277	1.38	505.024810791016	409.288940429688	287.408843994141	1060.65100097656	202.850921630859	91.6779861450195
278	1.385	505.357574462891	410.048858642578	292.430908203125	1057.42248535156	202.929626464844	89.3522491455078
279	1.39	506.214477539062	410.591369628906	297.283020019531	1052.98266601562	203.478958129883	87.0205383300781
280	1.395	507.789154052734	411.375	302.010498046875	1046.58166503906	204.454742431641	84.6545867919922
281	1.4	509.982574462891	412.045257568359	306.448608398438	1038.62927246094	206.2314453125	83.0176773071289
282	1.405	512.793395996094	412.723419189453	310.717834472656	1029.18383789062	208.114715576172	82.0356292724609
283	1.41	516.431701660156	413.284973144531	314.572113037109	1017.56695556641	210.647384643555	81.6632537841797
284	1.415	520.71875	413.885894775391	318.190765380859	1005.75305175781	212.484603881836	82.5904159545898
285	1.42	525.738220214844	414.514953613281	321.507141113281	995.913208007812	213.584167480469	84.1823272705078
286	1.425	531.408447265625	415.222198486328	324.558074951172	987.129821777344	214.233551025391	85.9225921630859
287	1.43	537.765502929688	415.827667236328	327.254058837891	978.26904296875	214.782791137695	87.216926574707
288	1.435	544.60302734375	416.301391601562	329.459106445312	967.936584472656	215.346740722656	88.5082855224609
289	1.44	551.843078613281	416.688659667969	331.363922119141	956.905517578125	215.676834106445	89.7602386474609
290	1.445	559.406066894531	417.192474365234	332.970642089844	945.835571289062	215.679138183594	90.4647369384766
291	1.45	567.322265625	417.446563720703	334.161499023438	934.8310546875	215.420944213867	91.0172500610352
292	1.455	575.4580078125	417.897674560547	334.921936035156	923.391845703125	215.110900878906	91.4820938110352
293	1.46	583.781188964844	418.264953613281	335.266418457031	911.6796875	214.857925415039	91.7201385498047
294	1.465	592.243103027344	418.717590332031	335.232269287109	899.952026367188	214.820129394531	91.6898040771484
295	1.47	600.874450683594	419.134918212891	334.732543945312	888.083984375	214.925628662109	91.9926071166992
296	1.475	609.599182128906	419.553161621094	333.797729492188	876.097290039062	215.0888671875	92.3747940063477
297	1.48	618.450988769531	419.948547363281	332.37255859375	863.988830566406	215.369598388672	92.9516143798828
298	1.485	627.405395507812	420.343078613281	330.533905029297	852.484802246094	215.936187744141	93.237174987793
299	1.49	636.435485839844	420.60693359375	328.246063232422	840.168640136719	216.036178588867	93.748908996582
300	1.495	645.476379394531	420.873901367188	325.576080322266	828.008483886719	216.094863891602	94.3827362060547
301	1.5	654.618225097656	421.008453369141	322.441345214844	815.9169921875	216.015106201172	94.9838027954102
302	1.505	663.691101074219	421.067718505859	318.969757080078	803.847778320312	215.880218505859	95.703742980957
303	1.51	672.771057128906	421.079528808594	315.180358886719	791.834106445312	215.592575073242	96.6051788330078
304	1.515	681.856262207031	420.926940917969	310.933715820312	779.909362792969	215.177947998047	97.6302490234375
305	1.52	690.849975585938	420.737243652344	306.442901611328	768.1015625	214.754776000977	98.8860855102539
306	1.525	699.915832519531	420.426147460938	301.609375	756.386535644531	214.225814819336	100.339920043945
307	1.53	709.057006835938	420.027770996094	296.473480224609	744.991455078125	213.360153198242	102.159744262695
308	1.535	718.229370117188	419.587615966797	291.031829833984	733.276916503906	212.673355102539	104.389701843262
309	1.54	727.555908203125	418.853332519531	285.172546386719	722.115234375	211.7783203125	106.717094421387
310	1.545	736.997375488281	418.108673095703	279.018127441406	711.195129394531	210.626190185547	109.420516967773
311	1.55	746.648315429688	417.368591308594	272.635864257812	700.955688476562	209.510543823242	112.037033081055
312	1.555	756.417846679688	416.557556152344	266.027465820312	690.370727539062	208.361099243164	115.352645874023
313	1.56	766.453491210938	415.693756103516	259.139709472656	680.317810058594	207.062896728516	118.612907409668
314	1.565	776.797912597656	414.863403320312	252.075973510742	670.5224609375	205.572463989258	122.207588195801
315	1.57	787.4765625	413.8369140625	244.664962768555	660.940063476562	204.50439453125	125.987190246582
316	1.575	798.3212890625	413.067962646484	237.172012329102	651.721374511719	203.079177856445	130.102676391602
317	1.58	809.559326171875	412.023529052734	229.451843261719	643.040954589844	201.561920166016	134.044631958008
318	1.585	820.981079101562	411.180389404297	221.609237670898	634.602661132812	199.971664428711	138.333618164062
319	1.59	832.580871582031	410.224304199219	213.760772705078	626.60498046875	198.347625732422	142.50537109375
320	1.595	844.494812011719	409.288421630859	205.784774780273	619.048828125	196.591949462891	146.782180786133
321	1.6	856.659484863281	408.382293701172	197.919357299805	611.707702636719	194.824584960938	151.174026489258
322	1.605	868.638671875	407.783660888672	190.128356933594	604.66357421875	193.002883911133	155.614700317383
323	1.61	881.358520507812	406.68017578125	182.39111328125	597.989013671875	191.193572998047	160.074996948242
324	1.615	894.0390625	405.526000976562	174.749542236328	591.562316894531	189.40641784668	164.669006347656
325	1.62	906.767456054688	404.59423828125	167.46240234375	585.423950195312	187.614776611328	169.211608886719
326	1.625	919.559265136719	403.542114257812	160.473571777344	579.545959472656	186.030899047852	173.84260559082
327	1.63	932.255737304688	402.518341064453	153.834594726562	573.939758300781	184.383514404297	178.453918457031
328	1.635	944.815307617188	401.489135742188	147.636810302734	568.610473632812	182.931381225586	183.146911621094
329	1.64	956.993408203125	400.447509765625	141.80143737793	563.570922851562	181.734664916992	187.532470703125
330	1.645	968.739868164062	399.299224853516	136.52880859375	558.564147949219	180.437271118164	192.087799072266
331	1.65	979.817749023438	398.164886474609	131.680740356445	553.723083496094	179.21809387207	196.524429321289
332	1.655	990.112487792969	396.950988769531	127.309089660645	548.981628417969	178.18537902832	200.960113525391
333	1.66	999.481872558594	395.744384765625	123.351699829102	544.400024414062	177.20524597168	205.443481445312
334	1.665	1007.79223632812	394.535125732422	119.80818939209	539.851928710938	176.328308105469	209.802490234375
335	1.67	1015.099609375	393.237945556641	116.712799072266	535.407287597656	175.614898681641	214.285980224609
336	1.675	1021.21545410156	391.924591064453	114.06657409668	530.907897949219	174.982223510742	218.897674560547
337	1.68	1026.27600097656	390.404113769531	111.735717773438	526.248168945312	174.520584106445	223.674682617188
338	1.685	1030.22924804688	388.799041748047	109.692314147949	521.673278808594	174.061111450195	228.664688110352
339	1.69	1033.05029296875	387.051361083984	107.693992614746	517.222778320312	173.77766418457	233.735473632812
340	1.695	1034.71337890625	385.284637451172	105.654113769531	513.100769042969	173.470962524414	238.953689575195
341	1.7	1035.27294921875	383.499084472656	103.444862365723	509.441192626953	173.314971923828	244.294998168945
342	1.705	1034.85693359375	381.85986328125	101.050025939941	506.409851074219	173.197952270508	249.614700317383
343	1.71	1033.42834472656	380.344421386719	98.5608291625977	504.001831054688	173.10466003418	254.902313232422
344	1.715	1031.12719726562	379.158721923828	96.0882873535156	502.190093994141	173.113067626953	260.168548583984
345	1.72	1027.96081542969	377.849822998047	94.3129730224609	501.019683837891	173.065170288086	265.311767578125
346	1.725	1023.41333007812	376.497863769531	93.0797958374023	500.579376220703	173.12043762207	270.276977539062
347	1.73	1016.49749755859	374.361755371094	92.1355285644531	500.779113769531	173.141708374023	274.930908203125
348	1.735	1004.71966552734	371.525238037109	90.9227752685547	501.690887451172	173.017852783203	279.366668701172
349	1.74	990.549621582031	369.023468017578	90.2107315063477	503.344604492188	172.903610229492	283.440338134766
350	1.745	977.979370117188	368.228973388672	89.9672317504883	505.733276367188	172.712448120117	287.263031005859
351	1.75	966.605773925781	367.765686035156	90.2421340942383	508.957946777344	172.586883544922	290.823760986328
352	1.755	956.334350585938	367.555877685547	91.1460418701172	512.972778320312	172.526641845703	294.054321289062
353	1.76	946.143249511719	367.358062744141	92.2496109008789	517.8310546875	172.495544433594	296.981842041016
354	1.765	935.4599609375	367.233093261719	93.6120147705078	523.414916992188	172.53547668457	299.551483154297
355	1.77	924.396301269531	367.135864257812	94.7940216064453	529.771728515625	172.762115478516	301.741668701172
356	1.775	913.071838378906	367.545532226562	95.8226318359375	536.599731445312	173.043395996094	303.553405761719
357	1.78	902.213439941406	368.083190917969	96.6973724365234	543.919006347656	173.379501342773	304.938537597656
358	1.785	891.30712890625	368.837829589844	97.3147277832031	551.547912597656	173.786026000977	305.863616943359
359	1.79	879.990417480469	369.316802978516	97.5700378417969	559.546875	174.299270629883	306.290802001953
360	1.795	868.550964355469	369.386871337891	97.713020324707	567.677490234375	174.808441162109	306.245727539062
361	1.8	856.686096191406	369.628723144531	98.0289306640625	575.744750976562	175.416198730469	305.725555419922
362	1.805	844.7490234375	369.551239013672	98.3147048950195	584.824340820312	175.557083129883	304.593200683594
363	1.81	832.673950195312	369.306396484375	98.6047134399414	593.585144042969	175.897552490234	302.966125488281
364	1.815	820.616638183594	369.138244628906	99.0846252441406	602.623474121094	176.34587097168	300.827972412109
365	1.82	808.505493164062	369.019561767578	99.5094299316406	611.770446777344	176.742980957031	298.171783447266
366	1.825	796.347351074219	368.998748779297	100.216903686523	621.126281738281	177.249633789062	295.049621582031
367	1.83	784.287475585938	369.103881835938	100.85383605957	630.593994140625	177.72200012207	291.492553710938
368	1.835	772.289611816406	369.233306884766	101.670921325684	640.160522460938	178.267959594727	287.531463623047
369	1.84	760.368713378906	369.505279541016	102.607627868652	649.845153808594	178.83544921875	283.208221435547
370	1.845	748.550903320312	369.892822265625	103.810844421387	659.612670898438	179.476226806641	278.548645019531
371	1.85	736.888488769531	370.178192138672	105.133590698242	669.483459472656	180.238494873047	273.437713623047
372	1.855	725.35498046875	370.602569580078	106.743980407715	679.478271484375	181.0888671875	268.139099121094
373	1.86	714.015014648438	371.026733398438	108.724128723145	689.581726074219	182.011779785156	262.417755126953
374	1.865	702.939575195312	371.536804199219	110.98038482666	699.879333496094	182.881332397461	256.449157714844
375	1.87	692.0927734375	372.120788574219	113.533882141113	710.405578613281	183.879028320312	250.285980224609
376	1.875	681.449645996094	372.750823974609	116.410415649414	721.152221679688	184.994583129883	243.81916809082
377	1.88	671.143127441406	373.400024414062	119.481582641602	732.202819824219	186.03466796875	237.205764770508
378	1.885	661.110717773438	374.187316894531	122.93318939209	743.476013183594	187.136520385742	230.371444702148
379	1.89	651.469909667969	375.122100830078	126.579734802246	755.086547851562	188.26448059082	223.504119873047
380	1.895	642.10205078125	375.952728271484	130.376037597656	767.048828125	189.286209106445	216.388626098633
381	1.9	633.095764160156	377.060394287109	134.405181884766	779.181640625	190.345901489258	209.344848632812
382	1.905	624.519165039062	378.133544921875	138.548004150391	791.797180175781	191.393188476562	202.205169677734
383	1.91	616.185729980469	379.327331542969	142.825592041016	804.616088867188	192.235153198242	195.13444519043
384	1.915	608.287231445312	380.623565673828	147.221038818359	817.749572753906	192.998245239258	188.0302734375
385	1.92	600.71728515625	381.973022460938	151.691757202148	831.3427734375	193.66194152832	180.907913208008
386	1.925	593.482421875	383.439300537109	156.240234375	845.233215332031	194.328689575195	173.944549560547
387	1.93	586.621887207031	384.867858886719	160.781143188477	859.119079589844	194.467483520508	167.372482299805
388	1.935	579.981262207031	386.39794921875	165.416534423828	873.518188476562	194.75080871582	160.690902709961
389	1.94	573.668090820312	387.92431640625	169.981002807617	888.047302246094	194.748840332031	154.374465942383
390	1.945	567.5927734375	389.508331298828	174.704238891602	902.747253417969	194.580520629883	148.237976074219
391	1.95	561.79150390625	391.155944824219	179.402145385742	917.432495117188	194.241439819336	142.535797119141
392	1.955	556.367370605469	392.776611328125	184.186218261719	932.102722167969	193.834808349609	137.172698974609
393	1.96	551.219116210938	394.468841552734	189.031341552734	946.642761230469	193.3369140625	132.209274291992
394	1.965	546.346984863281	396.055694580078	193.91584777832	960.946899414062	192.735015869141	127.686111450195
395	1.97	541.675048828125	397.666137695312	198.777481079102	974.7734375	192.036483764648	123.65315246582
396	1.975	537.17919921875	399.239990234375	203.610076904297	988.087768554688	191.434097290039	120.061058044434
397	1.98	532.808227539062	400.763458251953	208.423248291016	1000.7822265625	190.781646728516	117.049865722656
398	1.985	528.491821289062	402.305450439453	213.250961303711	1012.65399169922	190.269836425781	114.614959716797
399	1.99	524.246154785156	403.630645751953	217.96907043457	1023.56469726562	189.954071044922	112.675575256348
400	1.995	519.956176757812	405.086791992188	222.897964477539	1033.49816894531	189.935287475586	111.113319396973
401	2.0	515.311889648438	406.463043212891	228.040802001953	1042.32202148438	190.190078735352	109.715179443359
402	2.005	510.793060302734	407.78955078125	233.399459838867	1049.95251464844	190.673034667969	108.63395690918
403	2.01	506.346588134766	409.068481445312	239.01139831543	1056.28991699219	191.301315307617	107.594650268555
404	2.015	502.216033935547	410.205932617188	244.779251098633	1061.57958984375	191.962936401367	106.386932373047
405	2.02	498.533966064453	411.274291992188	250.632339477539	1065.62219238281	192.643600463867	104.925048828125
406	2.025	495.298187255859	412.223052978516	256.594543457031	1068.61865234375	193.381942749023	103.206077575684
407	2.03	492.626373291016	413.161804199219	262.592926025391	1070.3671875	194.04328918457	101.276962280273
408	2.035	490.565551757812	414.119140625	268.573211669922	1071.02795410156	194.809814453125	99.0860595703125
409	2.04	489.007720947266	414.919952392578	274.40576171875	1070.59619140625	195.536544799805	96.8030548095703
410	2.045	488.125457763672	415.705200195312	280.143493652344	1069.34936523438	196.257049560547	94.3565063476562
411	2.05	487.814514160156	416.501068115234	285.826751708984	1067.30383300781	196.855117797852	92.1601104736328
412	2.055	488.186065673828	417.184600830078	291.342956542969	1064.64343261719	197.18489074707	90.5721817016602
413	2.06	489.165588378906	417.833190917969	296.693420410156	1060.97741699219	197.851913452148	88.7143020629883
414	2.065	490.773834228516	418.396575927734	301.890808105469	1056.07067871094	198.498565673828	86.5998458862305
415	2.07	493.068908691406	418.780242919922	306.886505126953	1049.05200195312	199.277893066406	84.796989440918
416	2.075	495.974212646484	418.905578613281	311.727233886719	1040.34741210938	200.261352539062	83.6415786743164
417	2.08	499.669067382812	419.052154541016	316.355407714844	1030.28796386719	201.448287963867	83.1468963623047
418	2.085	503.995483398438	419.085906982422	320.730834960938	1018.61315917969	203.023788452148	83.4621810913086
419	2.09	509.020294189453	419.022705078125	324.77294921875	1007.84539794922	204.633438110352	84.4900970458984
420	2.095	514.665832519531	418.878051757812	328.61083984375	998.6943359375	205.686645507812	85.9555587768555
421	2.1	520.895446777344	418.765563964844	332.114440917969	989.89990234375	206.815505981445	87.2151489257812
422	2.105	527.659484863281	418.61083984375	335.272399902344	980.330444335938	207.793533325195	88.2859115600586
423	2.11	534.87841796875	418.293090820312	338.045471191406	969.53564453125	208.664077758789	89.3600921630859
424	2.115	542.440795898438	417.963348388672	340.266326904297	958.452331542969	209.202499389648	90.1416244506836
425	2.12	550.526550292969	417.727172851562	342.111083984375	947.42333984375	209.310836791992	90.4975738525391
426	2.125	558.7939453125	417.377288818359	343.372619628906	936.194763183594	209.366241455078	90.8900833129883
427	2.13	567.308044433594	417.340240478516	344.216461181641	924.640930175781	209.455596923828	91.2931671142578
428	2.135	576.029479980469	417.293182373047	344.574523925781	912.940673828125	209.578216552734	91.6445846557617
429	2.14	584.864440917969	417.328399658203	344.415802001953	901.085144042969	209.78401184082	91.8533706665039
430	2.145	593.776184082031	417.537048339844	343.802154541016	889.14306640625	209.961761474609	92.2097778320312
431	2.15	602.755249023438	417.784851074219	342.700958251953	877.198913574219	210.255630493164	92.5376968383789
432	2.155	611.9072265625	418.071502685547	341.117004394531	865.247253417969	210.469604492188	92.7129745483398
433	2.16	621.031372070312	418.473449707031	339.073150634766	853.16650390625	210.587753295898	93.1372985839844
434	2.165	630.237854003906	418.786102294922	336.551635742188	841.082153320312	210.617370605469	93.5719833374023
435	2.17	639.465148925781	419.155853271484	333.519409179688	828.884704589844	210.464385986328	94.0957489013672
436	2.175	648.600158691406	419.560333251953	330.138031005859	816.714538574219	210.342895507812	94.7292556762695
437	2.18	657.744262695312	419.558410644531	326.0390625	804.566528320312	210.082214355469	95.4713363647461
438	2.185	666.818054199219	419.778076171875	321.724853515625	792.4736328125	209.785629272461	96.3314819335938
439	2.19	676.029418945312	420.001892089844	317.032257080078	780.520568847656	209.522903442383	97.2820129394531
440	2.195	685.134094238281	420.01708984375	312.010101318359	768.507385253906	209.170883178711	98.4483032226562
441	2.2	694.257507324219	420.16015625	306.637145996094	756.638916015625	208.679138183594	99.7466735839844
442	2.205	703.394409179688	420.099395751953	300.946258544922	744.956970214844	208.103713989258	101.212310791016
443	2.21	712.62939453125	420.075256347656	295.041534423828	733.199890136719	207.414215087891	103.142639160156
444	2.215	721.918579101562	419.867279052734	288.731658935547	721.65087890625	206.572555541992	105.304832458496
445	2.22	731.3701171875	419.486328125	282.133056640625	710.482849121094	205.607345581055	107.767158508301
446	2.225	740.902221679688	419.092376708984	275.351196289062	699.788696289062	204.636093139648	110.289962768555
447	2.23	750.664733886719	418.583129882812	268.385498046875	689.537475585938	203.242065429688	113.241996765137
448	2.235	760.548522949219	417.864074707031	261.114898681641	678.6923828125	202.366455078125	116.686981201172
449	2.24	770.668884277344	417.086456298828	253.631896972656	668.641906738281	201.169006347656	120.176681518555
450	2.245	780.942749023438	416.226531982422	246.003997802734	658.889038085938	199.889556884766	123.993003845215
451	2.25	791.513427734375	415.276000976562	238.230926513672	649.548889160156	198.69970703125	127.891456604004
452	2.255	802.331176757812	414.091339111328	230.192092895508	640.567016601562	197.349670410156	131.963836669922
453	2.26	813.303344726562	413.007049560547	222.238708496094	631.9208984375	196.064086914062	136.217758178711
454	2.265	824.617858886719	411.849426269531	214.150939941406	623.497802734375	195.143890380859	140.549133300781
455	2.27	835.997497558594	410.69580078125	206.096328735352	615.522644042969	193.712478637695	144.930297851562
456	2.275	847.692321777344	409.606201171875	198.067535400391	607.889343261719	192.263290405273	149.411193847656
457	2.28	859.460144042969	408.555419921875	190.064239501953	600.504516601562	190.826904296875	154.037887573242
458	2.285	871.519592285156	407.592651367188	182.225692749023	593.535461425781	189.493316650391	158.72184753418
459	2.29	883.806335449219	406.641906738281	174.495162963867	586.791259765625	188.1435546875	163.523284912109
460	2.295	896.234558105469	405.819396972656	166.970092773438	580.346862792969	186.754333496094	168.351333618164
461	2.3	908.6943359375	404.936889648438	159.681213378906	574.251586914062	185.505615234375	173.132690429688
462	2.305	921.189392089844	404.3759765625	152.851623535156	568.385681152344	184.633346557617	177.911148071289
463	2.31	933.591247558594	403.731903076172	146.403839111328	562.713623046875	183.61882019043	182.772171020508
464	2.315	945.577941894531	403.256072998047	140.457656860352	557.271118164062	182.847839355469	187.566787719727
465	2.32	957.161743164062	402.788024902344	135.107772827148	552.078186035156	182.220458984375	192.206268310547
466	2.325	967.978637695312	402.265014648438	130.301300048828	546.939453125	181.632690429688	196.909317016602
467	2.33	977.998779296875	401.652252197266	126.040496826172	541.81640625	181.005157470703	201.592956542969
468	2.335	986.915649414062	400.984069824219	122.340141296387	536.791931152344	180.475708007812	206.125289916992
469	2.34	994.816528320312	400.259887695312	119.093841552734	531.830383300781	179.904251098633	210.737487792969
470	2.345	1001.69927978516	399.362396240234	116.318580627441	526.8515625	179.417358398438	215.371612548828
471	2.35	1007.3173828125	398.352264404297	114.045127868652	521.74169921875	179.012390136719	220.069808959961
472	2.355	1011.89666748047	397.228546142578	112.044502258301	516.593444824219	178.538848876953	224.96662902832
473	2.36	1015.44464111328	396.009399414062	110.259384155273	511.665283203125	178.202072143555	229.966186523438
474	2.365	1017.91760253906	394.614837646484	108.451469421387	507.067657470703	177.892349243164	235.164932250977
475	2.37	1019.31353759766	393.181396484375	106.522926330566	502.946136474609	177.59553527832	240.492538452148
476	2.375	1019.71252441406	391.881530761719	104.491020202637	499.334167480469	177.381057739258	245.782348632812
477	2.38	1019.29437255859	390.605834960938	102.225471496582	496.2421875	177.102020263672	251.177047729492
478	2.385	1018.09045410156	389.449340820312	99.8907928466797	493.809448242188	176.806701660156	256.528472900391
479	2.39	1016.13647460938	388.610626220703	97.320182800293	491.969696044922	176.462448120117	261.803070068359
480	2.395	1013.16784667969	387.796447753906	95.4071044921875	490.767395019531	175.987243652344	266.973358154297
481	2.4	1008.79766845703	386.494689941406	94.1579666137695	490.248962402344	175.546966552734	271.963623046875
482	2.405	1001.86981201172	384.346984863281	92.968864440918	490.354583740234	175.089324951172	276.780853271484
483	2.41	989.894165039062	381.513122558594	91.8982009887695	491.127349853516	174.55061340332	281.42578125
484	2.415	975.835388183594	379.224426269531	91.1760559082031	492.682647705078	173.987594604492	285.761871337891
485	2.42	963.065185546875	378.270446777344	90.835563659668	494.955535888672	173.474151611328	289.911651611328
486	2.425	951.489501953125	377.683776855469	90.8119277954102	498.053344726562	172.924163818359	293.823883056641
487	2.43	941.127502441406	377.256683349609	91.3135833740234	501.949279785156	172.477630615234	297.403289794922
488	2.435	930.60205078125	377.183441162109	92.1492156982422	506.672943115234	172.082946777344	300.764068603516
489	2.44	919.653991699219	376.963562011719	93.1800231933594	512.120300292969	171.780487060547	303.731719970703
490	2.445	908.096374511719	376.898834228516	94.1827392578125	518.171508789062	171.624877929688	306.374420166016
491	2.45	896.566833496094	376.994506835938	94.9311599731445	524.772521972656	171.620254516602	308.616394042969
492	2.455	885.592956542969	377.518707275391	95.5967864990234	531.787780761719	171.729431152344	310.458801269531
493	2.46	874.558288574219	378.071014404297	96.0536880493164	539.190979003906	171.873611450195	311.904479980469
494	2.465	863.013549804688	378.798095703125	96.4359283447266	546.927917480469	172.154022216797	312.847534179688
495	2.47	851.401489257812	379.1689453125	96.670166015625	554.901794433594	172.441024780273	313.363861083984
496	2.475	839.627258300781	379.373199462891	96.9170837402344	563.113403320312	172.814346313477	313.377288818359
497	2.48	827.645935058594	379.417449951172	97.269172668457	571.172607421875	173.411437988281	312.968872070312
498	2.485	815.576843261719	379.25341796875	97.702995300293	580.313537597656	173.352569580078	311.958953857422
499	2.49	803.447448730469	379.270355224609	98.1976318359375	589.124267578125	173.734024047852	310.477416992188
500	2.495	791.361877441406	379.143280029297	98.7316207885742	598.1552734375	174.0029296875	308.427612304688
501	2.5	779.241027832031	379.1474609375	99.3288040161133	607.318603515625	174.412673950195	305.955017089844
502	2.505	767.178039550781	379.243927001953	100.125648498535	616.585815429688	174.765365600586	302.994934082031
503	2.51	755.103576660156	379.292327880859	100.962203979492	625.902954101562	175.208435058594	299.563812255859
504	2.515	743.188537597656	379.403747558594	101.966247558594	635.357543945312	175.704208374023	295.739410400391
505	2.52	731.359191894531	379.599273681641	103.229461669922	644.871887207031	176.206832885742	291.518951416016
506	2.525	719.595458984375	379.839477539062	104.642478942871	654.440979003906	176.766403198242	286.890502929688
507	2.53	708.0400390625	380.218322753906	106.362281799316	664.200988769531	177.402297973633	281.964965820312
508	2.535	696.759155273438	380.475341796875	108.37769317627	674.041137695312	178.159362792969	276.679565429688
509	2.54	685.5712890625	380.945373535156	110.777336120605	684.040771484375	178.809432983398	271.074493408203
510	2.545	674.738830566406	381.380340576172	113.518890380859	694.332946777344	179.589233398438	265.177337646484
511	2.55	664.177001953125	381.811157226562	116.454299926758	704.776916503906	180.56428527832	258.988555908203
512	2.555	653.8916015625	382.407806396484	119.869674682617	715.408447265625	181.387313842773	252.621185302734
513	2.56	643.982971191406	383.138732910156	123.541465759277	726.321594238281	182.35514831543	245.983764648438
514	2.565	634.425598144531	384.085540771484	127.420104980469	737.454467773438	183.49951171875	239.281402587891
515	2.57	625.21630859375	385.059478759766	131.573211669922	748.924987792969	184.415145874023	232.405517578125
516	2.575	616.429016113281	386.087158203125	135.785598754883	760.66064453125	185.409133911133	225.381896972656
517	2.58	608.030639648438	387.358520507812	140.241424560547	772.702087402344	186.259750366211	218.205673217773
518	2.585	600.000610351562	388.732421875	144.779113769531	785.143737792969	187.196151733398	211.052337646484
519	2.59	592.336853027344	390.231262207031	149.397003173828	797.858520507812	188.145858764648	203.738494873047
520	2.595	585.06640625	391.825042724609	154.051651000977	810.811645507812	189.008483886719	196.566680908203
521	2.6	578.240478515625	393.525146484375	158.696914672852	824.208557128906	189.735473632812	189.194152832031
522	2.605	571.738647460938	395.232940673828	163.375106811523	837.871276855469	190.451324462891	181.98176574707
523	2.61	565.576232910156	396.984771728516	168.079360961914	851.868896484375	190.912689208984	174.828201293945
524	2.615	559.701477050781	398.749481201172	172.891357421875	866.063720703125	191.437530517578	167.836807250977
525	2.62	554.166931152344	400.53173828125	177.806777954102	880.486877441406	191.775390625	161.016677856445
526	2.625	549.06396484375	402.331359863281	182.785522460938	894.933532714844	192.057556152344	154.432632446289
527	2.63	544.26513671875	404.197357177734	187.796234130859	909.5546875	192.265274047852	148.145660400391
528	2.635	539.742248535156	405.983917236328	192.809265136719	924.194946289062	192.405471801758	142.225219726562
529	2.64	535.455505371094	407.716186523438	197.777206420898	938.561462402344	192.493423461914	136.67204284668
530	2.645	531.341674804688	409.397369384766	202.684265136719	952.85205078125	192.528533935547	131.590713500977
531	2.65	527.317565917969	410.953125	207.554443359375	966.746276855469	192.494689941406	126.883720397949
532	2.655	523.284057617188	412.417541503906	212.36637878418	980.025939941406	192.501007080078	122.941833496094
533	2.66	519.270690917969	413.8076171875	217.317474365234	992.798889160156	192.554611206055	119.261917114258
534	2.665	515.110778808594	415.148773193359	222.367370605469	1004.69458007812	192.670516967773	116.221794128418
535	2.67	510.656890869141	416.400817871094	227.657089233398	1015.76446533203	192.993469238281	113.602508544922
536	2.675	506.286773681641	417.571197509766	233.184600830078	1025.61340332031	193.450531005859	111.516166687012
537	2.68	502.15380859375	418.618774414062	238.836044311523	1034.33422851562	194.274597167969	109.639198303223
538	2.685	498.424560546875	419.626861572266	244.664886474609	1041.73742675781	195.257888793945	108.008697509766
539	2.69	495.060882568359	420.456329345703	250.547027587891	1048.01879882812	196.436935424805	106.362602233887
540	2.695	492.368133544922	421.236999511719	256.523895263672	1053.11486816406	197.627944946289	104.600234985352
541	2.7	490.229064941406	421.987823486328	262.481689453125	1056.97888183594	198.926712036133	102.666709899902
542	2.705	488.602294921875	422.6240234375	268.403991699219	1059.83190917969	200.080337524414	100.462615966797
543	2.71	487.682830810547	423.196350097656	274.161590576172	1061.46813964844	201.293411254883	98.0605316162109
544	2.715	487.238220214844	423.697357177734	279.914886474609	1061.89599609375	202.295120239258	95.3974304199219
545	2.72	487.395233154297	424.146911621094	285.548309326172	1061.45153808594	203.359634399414	92.715461730957
546	2.725	487.999908447266	424.494140625	291.057678222656	1060.21215820312	204.180618286133	90.590202331543
547	2.73	489.314178466797	424.720153808594	296.338653564453	1057.86450195312	205.002517700195	88.8011779785156
548	2.735	491.138519287109	424.831481933594	301.479827880859	1054.00952148438	205.96516418457	86.6037902832031
549	2.74	493.661437988281	424.877655029297	306.339965820312	1047.97998046875	207.047866821289	84.6585006713867
550	2.745	496.7470703125	424.734008789062	311.018768310547	1039.74304199219	208.266616821289	83.500244140625
551	2.75	500.492156982422	424.335876464844	315.412689208984	1029.66796875	209.617141723633	82.870979309082
552	2.755	504.880920410156	423.961669921875	319.517425537109	1017.82904052734	211.570983886719	82.7947540283203
553	2.76	509.89794921875	423.554718017578	323.365997314453	1006.28570556641	212.743713378906	83.7673492431641
554	2.765	515.568603515625	423.171417236328	326.885833740234	997.044799804688	213.498947143555	85.1955871582031
555	2.77	521.811706542969	422.749328613281	330.005615234375	988.48046875	214.111297607422	86.5814895629883
556	2.775	528.510192871094	422.067535400391	332.691711425781	979.215759277344	214.620422363281	87.8142852783203
557	2.78	535.686157226562	421.524017333984	335.098022460938	968.714294433594	215.215194702148	89.0354919433594
558	2.785	543.234558105469	420.83251953125	337.122833251953	957.721557617188	215.552810668945	90.0179977416992
559	2.79	551.218322753906	420.043029785156	338.6376953125	946.751403808594	215.465850830078	90.428596496582
560	2.795	559.523132324219	419.432739257812	339.816223144531	935.574340820312	215.282409667969	90.7228164672852
561	2.8	568.030822753906	418.882751464844	340.439422607422	924.00146484375	215.162185668945	91.0113220214844
562	2.805	576.730651855469	418.412170410156	340.677276611328	912.143432617188	215.052139282227	91.1796722412109
563	2.81	585.58837890625	418.055847167969	340.372955322266	900.213684082031	215.078552246094	91.2295989990234
564	2.815	594.520080566406	417.775054931641	339.658630371094	888.153137207031	215.195861816406	91.399055480957
565	2.82	603.593872070312	417.586975097656	338.401458740234	875.924865722656	215.269180297852	91.7138442993164
566	2.825	612.7158203125	417.365692138672	336.733978271484	863.633850097656	215.371826171875	91.9973449707031
567	2.83	621.9208984375	417.225250244141	334.568145751953	851.522216796875	215.453506469727	92.3208847045898
568	2.835	631.080200195312	417.104644775391	332.021209716797	839.281616210938	215.475326538086	92.4721298217773
569	2.84	640.343505859375	416.909576416016	328.941833496094	826.921325683594	215.300109863281	92.8939437866211
570	2.845	649.588439941406	416.689666748047	325.430236816406	814.650146484375	215.017684936523	93.4313507080078
571	2.85	658.705749511719	416.277862548828	321.366485595703	802.375061035156	214.662490844727	94.1024551391602
572	2.855	667.86962890625	415.893310546875	317.116760253906	790.254211425781	214.358169555664	94.9208831787109
573	2.86	677.082397460938	415.453582763672	312.415985107422	778.270568847656	213.982635498047	95.891960144043
574	2.865	686.194641113281	415.02001953125	307.554504394531	766.361328125	213.529525756836	97.0595092773438
575	2.87	695.314270019531	414.453186035156	302.265197753906	754.570251464844	212.968154907227	98.4414291381836
576	2.875	704.539428710938	413.875762939453	296.695556640625	743.028381347656	212.118270874023	100.044906616211
577	2.88	713.834228515625	413.085479736328	290.725708007812	731.184509277344	211.583053588867	102.151176452637
578	2.885	723.276733398438	412.190460205078	284.530334472656	719.785034179688	210.808135986328	104.440055847168
579	2.89	732.816101074219	411.132751464844	278.027557373047	708.694885253906	209.768783569336	107.020965576172
580	2.895	742.622619628906	410.033721923828	271.244689941406	698.152770996094	208.453659057617	109.914260864258
581	2.9	752.609619140625	408.795715332031	264.281219482422	687.198547363281	207.461395263672	113.312377929688
582	2.905	762.877563476562	407.501525878906	257.044067382812	676.92919921875	206.180130004883	116.775413513184
583	2.91	773.398620605469	406.121337890625	249.685302734375	667.064270019531	204.743011474609	120.509613037109
584	2.915	784.225646972656	404.492919921875	241.983428955078	657.490051269531	203.341339111328	124.39111328125
585	2.92	795.297607421875	402.945404052734	234.275497436523	648.544982910156	202.072631835938	128.003082275391
586	2.925	806.612426757812	401.456756591797	226.379180908203	639.698181152344	200.573455810547	132.157363891602
587	2.93	818.190490722656	399.918853759766	218.489349365234	631.082397460938	199.109161376953	136.444061279297
588	2.935	829.994567871094	398.291717529297	210.461608886719	622.983337402344	197.507751464844	140.882400512695
589	2.94	842.131103515625	396.757995605469	202.494995117188	615.162048339844	195.905029296875	145.402908325195
590	2.945	854.2890625	395.405792236328	194.667388916016	607.621337890625	194.303344726562	149.918045043945
591	2.95	867.100524902344	393.690979003906	186.767379760742	600.38330078125	192.691146850586	154.61296081543
592	2.955	879.90087890625	392.257904052734	179.166839599609	593.425048828125	191.048370361328	159.362731933594
593	2.96	892.653137207031	390.761535644531	171.808563232422	586.826904296875	189.550857543945	164.116744995117
594	2.965	905.586669921875	389.246215820312	164.760864257812	580.470947265625	188.019683837891	168.861251831055
595	2.97	918.331726074219	387.725402832031	157.978271484375	574.437927246094	186.578186035156	173.798904418945
596	2.975	930.980163574219	386.272521972656	151.586929321289	568.553649902344	185.267013549805	178.683822631836
597	2.98	943.40673828125	384.818176269531	145.68586730957	562.966430664062	184.364517211914	183.480926513672
598	2.985	955.335876464844	383.425415039062	140.250259399414	557.5146484375	183.242340087891	188.360244750977
599	2.99	966.745300292969	381.951202392578	135.378295898438	552.11669921875	182.144927978516	193.209075927734
600	2.995	977.450439453125	380.565124511719	131.007369995117	546.851379394531	181.420959472656	197.867706298828
601	3.0	987.234558105469	379.041870117188	127.088912963867	541.40771484375	180.584869384766	202.728118896484
602	3.005	996.153625488281	377.665405273438	123.657272338867	535.90380859375	179.868759155273	207.693923950195
603	3.01	1004.06005859375	376.180603027344	120.681289672852	530.268920898438	179.429534912109	212.741149902344
604	3.015	1010.98675537109	374.638427734375	118.149948120117	524.331298828125	179.195785522461	217.958129882812
605	3.02	1016.91235351562	373.212097167969	116.047096252441	518.164672851562	179.077285766602	223.422790527344
606	3.025	1022.01208496094	371.664642333984	114.137603759766	512.206604003906	179.069869995117	228.993011474609
607	3.03	1026.07580566406	370.152618408203	112.322334289551	506.412475585938	179.400482177734	234.599319458008
608	3.035	1029.07177734375	368.657836914062	110.459205627441	501.03759765625	179.432983398438	240.391036987305
609	3.04	1031.10278320312	367.211303710938	108.532333374023	496.169006347656	179.642822265625	246.180862426758
610	3.045	1032.18212890625	365.794921875	106.383033752441	491.808898925781	179.763900756836	252.080947875977
611	3.05	1032.38354492188	364.585876464844	104.152458190918	488.046325683594	179.931060791016	257.955352783203
612	3.055	1031.892578125	363.5400390625	101.706230163574	484.873443603516	179.881072998047	263.809906005859
613	3.06	1030.38842773438	362.726470947266	99.2964401245117	482.393585205078	179.782669067383	269.544097900391
614	3.065	1028.22839355469	362.02880859375	96.5446090698242	480.625823974609	179.636291503906	275.170715332031
615	3.07	1024.95190429688	361.346160888672	94.4106369018555	479.53857421875	179.409439086914	280.641143798828
616	3.075	1020.19952392578	359.954864501953	93.0874710083008	479.181793212891	179.110321044922	285.893218994141
617	3.08	1012.45556640625	357.382019042969	91.7562255859375	479.477264404297	178.73405456543	290.906372070312
618	3.085	999.826965332031	354.351348876953	90.3707733154297	480.483215332031	178.502349853516	295.530120849609
619	3.09	985.959289550781	351.976348876953	89.660026550293	482.185516357422	178.038970947266	299.998138427734
620	3.095	973.761474609375	350.76806640625	89.3025207519531	484.594482421875	177.542373657227	304.182220458984
621	3.1	962.649597167969	349.6640625	89.7165145874023	487.784210205078	177.107192993164	308.097412109375
622	3.105	952.546020507812	348.822937011719	90.6908721923828	491.77294921875	176.487640380859	311.699279785156
623	3.11	942.01123046875	348.041961669922	91.7714996337891	496.540161132812	175.956436157227	314.973266601562
624	3.115	930.823974609375	347.629791259766	93.035758972168	502.017242431641	175.35823059082	317.902740478516
625	3.12	919.226196289062	347.591247558594	94.1089096069336	508.124908447266	174.90022277832	320.4091796875
626	3.125	907.894409179688	347.966186523438	94.892936706543	514.780395507812	174.482757568359	322.498504638672
627	3.13	896.8662109375	349.039459228516	95.6960372924805	521.925354003906	174.075958251953	324.164947509766
628	3.135	885.741516113281	350.092224121094	96.3356857299805	529.496643066406	173.691299438477	325.274719238281
629	3.14	874.418029785156	350.999816894531	96.7429275512695	537.350463867188	173.204452514648	325.963653564453
630	3.145	862.972045898438	351.501098632812	97.009521484375	545.432373046875	172.828491210938	326.119537353516
631	3.15	851.494873046875	351.661254882812	97.2674179077148	553.7333984375	172.335525512695	325.750274658203
632	3.155	839.586547851562	351.8388671875	97.7075042724609	562.147521972656	171.887054443359	324.883819580078
633	3.16	827.627685546875	351.682037353516	98.0928649902344	570.296203613281	171.619705200195	323.533020019531
634	3.165	815.528564453125	351.562255859375	98.5763397216797	579.628295898438	170.683364868164	321.672210693359
635	3.17	803.447143554688	351.566772460938	99.0866088867188	588.423217773438	170.322906494141	319.363403320312
636	3.175	791.321350097656	351.470458984375	99.7540283203125	597.423889160156	169.80859375	316.539306640625
637	3.18	779.16259765625	351.577545166016	100.55738067627	606.302673339844	169.420959472656	313.373962402344
638	3.185	767.195007324219	351.615447998047	101.412124633789	615.347534179688	169.075805664062	309.848876953125
639	3.19	755.29833984375	351.772003173828	102.532829284668	624.490539550781	169.042922973633	305.920562744141
640	3.195	743.490905761719	351.946594238281	103.879470825195	633.688171386719	168.966720581055	301.642730712891
641	3.2	731.881713867188	352.193023681641	105.440589904785	643.027893066406	169.100952148438	297.074890136719
642	3.205	720.455993652344	352.500701904297	107.344779968262	652.485473632812	169.149536132812	292.117980957031
643	3.21	709.258361816406	352.906433105469	109.563377380371	661.951232910156	169.551803588867	286.880981445312
644	3.215	698.386108398438	353.364654541016	112.100173950195	671.594360351562	170.005111694336	281.401489257812
645	3.22	687.762634277344	353.860900878906	114.962928771973	681.53955078125	170.414840698242	275.593963623047
646	3.225	677.404541015625	354.505645751953	118.095916748047	691.658569335938	170.972763061523	269.576629638672
647	3.23	667.377136230469	355.274963378906	121.47093963623	701.908142089844	171.754135131836	263.304077148438
648	3.235	657.663818359375	356.154937744141	125.133827209473	712.449829101562	172.557052612305	256.876617431641
649	3.24	648.242858886719	357.106384277344	128.996047973633	723.209777832031	173.358001708984	250.187118530273
650	3.245	639.265808105469	358.066162109375	133.038116455078	734.222961425781	174.189987182617	243.427032470703
651	3.25	630.603881835938	359.216705322266	137.183792114258	745.473022460938	175.161956787109	236.588394165039
652	3.255	622.258422851562	360.460968017578	141.525329589844	757.071044921875	176.029556274414	229.486221313477
653	3.26	614.310668945312	361.747741699219	145.87646484375	768.931579589844	176.864730834961	222.394104003906
654	3.265	606.64697265625	363.134735107422	150.321624755859	781.119140625	177.683883666992	215.235260009766
655	3.27	599.340026855469	364.518951416016	154.758590698242	793.614501953125	178.372039794922	207.978042602539
656	3.275	592.352600097656	365.945617675781	159.155410766602	806.078430175781	178.630249023438	200.957305908203
657	3.28	585.680114746094	367.503753662109	163.567535400391	819.50390625	179.491836547852	193.571899414062
658	3.285	579.242370605469	369.057922363281	167.960556030273	832.797119140625	179.670745849609	186.551940917969
659	3.29	573.030517578125	370.617248535156	172.423645019531	846.570129394531	179.946441650391	179.259765625
660	3.295	567.204956054688	372.224700927734	176.876937866211	860.412658691406	179.959350585938	172.261154174805
661	3.3	561.639953613281	373.85400390625	181.449752807617	874.572814941406	179.869689941406	165.509384155273
662	3.305	556.406188964844	375.505249023438	186.082489013672	888.903747558594	179.639282226562	158.937393188477
663	3.31	551.470458984375	377.134948730469	190.717880249023	903.366516113281	179.214569091797	152.627227783203
664	3.315	546.721923828125	378.754180908203	195.37629699707	917.85693359375	178.757583618164	146.605133056641
665	3.32	542.141174316406	380.365905761719	199.9853515625	932.171691894531	178.174285888672	141.03483581543
666	3.325	537.728515625	381.875610351562	204.588470458984	946.337280273438	177.48698425293	135.754760742188
667	3.33	533.428955078125	383.265563964844	209.006546020508	960.057312011719	176.770202636719	130.963455200195
668	3.335	529.119689941406	384.703857421875	213.550033569336	973.257202148438	175.831161499023	126.590110778809
669	3.34	524.839904785156	386.044067382812	217.960708618164	985.694030761719	175.046585083008	122.841720581055
670	3.345	520.3623046875	387.433135986328	222.578491210938	997.4912109375	174.333801269531	119.466865539551
671	3.35	515.656921386719	388.735992431641	227.461395263672	1008.15106201172	173.820297241211	116.648468017578
672	3.355	510.940643310547	390.003967285156	232.494842529297	1017.53057861328	173.653518676758	114.359931945801
673	3.36	506.429809570312	391.174835205078	237.753341674805	1025.73425292969	173.757232666016	112.328025817871
674	3.365	502.227661132812	392.273223876953	243.121231079102	1032.65307617188	174.116455078125	110.348014831543
675	3.37	498.50927734375	393.329467773438	248.548248291016	1038.33422851562	174.479064941406	108.351280212402
676	3.375	495.295837402344	394.308837890625	254.061019897461	1042.94714355469	175.010604858398	106.022605895996
677	3.38	492.639129638672	395.207366943359	259.448760986328	1046.25280761719	175.432922363281	103.494384765625
678	3.385	490.510803222656	396.128753662109	264.969482421875	1048.38415527344	175.823654174805	100.561325073242
679	3.39	488.936431884766	397.063140869141	270.454376220703	1049.26745605469	176.169906616211	97.596794128418
680	3.395	488.026062011719	397.892761230469	275.867523193359	1049.13366699219	176.350112915039	94.1932144165039
681	3.4	487.594329833984	398.700286865234	281.283508300781	1047.91271972656	176.406585693359	91.1959609985352
682	3.405	487.837982177734	399.379821777344	286.560302734375	1045.78100585938	176.272750854492	88.7933731079102
683	3.41	488.679351806641	400.014465332031	291.719482421875	1042.02734375	176.521957397461	86.2496719360352
684	3.415	490.184387207031	400.459167480469	296.782470703125	1036.14245605469	177.2880859375	83.6948852539062
685	3.42	492.319488525391	400.850646972656	301.620208740234	1028.05944824219	178.425064086914	81.8811264038086
686	3.425	495.188171386719	401.129791259766	306.308776855469	1018.43609619141	179.690490722656	80.8701934814453
687	3.43	498.767333984375	401.305572509766	310.755584716797	1006.72985839844	181.634216308594	80.7669982910156
688	3.435	503.161315917969	401.374847412109	314.957061767578	994.871765136719	183.213470458984	81.8400573730469
689	3.44	508.276916503906	401.204620361328	318.863891601562	985.094421386719	184.072891235352	83.7604141235352
690	3.445	514.2021484375	401.186157226562	322.488159179688	976.544372558594	184.568618774414	85.548828125
691	3.45	520.732849121094	401.039337158203	325.804077148438	967.8095703125	184.81266784668	87.072868347168
692	3.455	527.8974609375	400.837493896484	328.716766357422	957.993225097656	184.896835327148	88.4899978637695
693	3.46	535.451049804688	400.512390136719	331.188140869141	947.244018554688	185.071044921875	89.89306640625
694	3.465	543.388854980469	400.111755371094	333.314422607422	936.37451171875	185.024887084961	90.7912521362305
695	3.47	551.760986328125	399.768463134766	334.927581787109	925.552062988281	184.699859619141	91.3532562255859
696	3.475	560.336120605469	399.412200927734	336.174377441406	914.230590820312	184.449249267578	91.6536331176758
697	3.48	569.117004394531	398.920532226562	336.807678222656	902.482421875	184.348876953125	91.6485595703125
698	3.485	578.020324707031	398.671569824219	337.119445800781	890.760375976562	184.591552734375	91.5186309814453
699	3.49	587.109436035156	398.399108886719	336.824188232422	878.795166015625	184.810211181641	91.7715148925781
700	3.495	596.298278808594	398.209381103516	336.082702636719	866.765014648438	185.127212524414	92.170654296875
701	3.5	605.591918945312	398.109130859375	334.839752197266	854.784362792969	185.496719360352	92.6572952270508
702	3.505	615.011840820312	398.015411376953	333.119262695312	843.009094238281	186.019393920898	92.995735168457
703	3.51	624.404357910156	397.754638671875	330.660034179688	830.768737792969	186.034561157227	93.7039184570312
704	3.515	633.875427246094	397.655914306641	328.000518798828	818.670837402344	186.001602172852	94.3495254516602
705	3.52	643.339965820312	397.561828613281	324.808807373047	806.615539550781	185.97428894043	94.9902496337891
706	3.525	652.823120117188	397.427062988281	321.212921142578	794.571044921875	185.826782226562	95.7747497558594
707	3.53	662.350219726562	397.1982421875	317.195739746094	782.59130859375	185.535522460938	96.7915649414062
708	3.535	671.88134765625	396.977416992188	312.799926757812	770.760864257812	185.256729125977	97.8816986083984
709	3.54	681.420104980469	396.660278320312	308.052398681641	759.043518066406	184.830337524414	99.2239303588867
710	3.545	691.025451660156	396.372192382812	302.980773925781	747.490417480469	184.317947387695	100.814064025879
711	3.55	700.717590332031	395.951477050781	297.561187744141	736.025390625	183.675247192383	102.745346069336
712	3.555	710.499938964844	395.429901123047	291.917541503906	724.685852050781	182.81657409668	105.074172973633
713	3.56	720.416198730469	394.739105224609	285.817718505859	713.679870605469	181.794540405273	107.539482116699
714	3.565	730.5107421875	394.024871826172	279.59423828125	702.759887695312	180.76481628418	110.459045410156
715	3.57	740.687866210938	393.217346191406	273.028503417969	692.275817871094	179.513656616211	113.632934570312
716	3.575	751.090576171875	392.351226806641	266.293975830078	681.967041015625	178.18603515625	117.156135559082
717	3.58	761.678649902344	391.428680419922	259.340789794922	672.096923828125	176.796661376953	120.768218994141
718	3.585	772.6044921875	390.431335449219	252.148620605469	662.655029296875	175.50602722168	124.365013122559
719	3.59	783.737548828125	389.38916015625	244.75520324707	653.3623046875	174.001449584961	128.367233276367
720	3.595	795.134887695312	388.297210693359	237.228637695312	644.578002929688	172.554946899414	132.464309692383
721	3.6	806.855651855469	387.226867675781	229.513061523438	636.01953125	171.264083862305	136.703170776367
722	3.605	818.87109375	386.062561035156	221.761657714844	627.955322265625	169.696823120117	141.160690307617
723	3.61	831.099670410156	384.932830810547	213.91130065918	620.244079589844	168.09977722168	145.588409423828
724	3.615	843.574401855469	383.827819824219	206.081161499023	612.858947753906	166.501022338867	150.132690429688
725	3.62	856.164855957031	382.62890625	198.295150756836	605.847595214844	164.854644775391	154.826232910156
726	3.625	869.201232910156	381.470977783203	190.540802001953	599.234680175781	163.288497924805	159.563903808594
727	3.63	882.255493164062	380.244873046875	182.970626831055	592.775695800781	161.607818603516	164.445861816406
728	3.635	895.490173339844	378.850311279297	175.521102905273	586.651733398438	160.155746459961	169.362335205078
729	3.64	908.877563476562	377.655670166016	168.372711181641	580.876098632812	158.707641601562	174.148788452148
730	3.645	922.154846191406	376.369964599609	161.48503112793	575.474975585938	157.268157958984	179.104187011719
731	3.65	935.312133789062	375.203094482422	155.067367553711	570.199768066406	155.929458618164	184.078887939453
732	3.655	948.305847167969	373.957733154297	148.924499511719	565.201599121094	154.768997192383	189.053207397461
733	3.66	960.892395019531	372.797332763672	143.255081176758	560.324523925781	153.840698242188	194.054779052734
734	3.665	972.96533203125	371.492523193359	138.157272338867	555.552673339844	153.024642944336	199.052108764648
735	3.67	984.346313476562	370.198577880859	133.423751831055	550.80126953125	152.406280517578	204.037673950195
736	3.675	994.977783203125	368.902801513672	129.242935180664	545.890808105469	151.834335327148	209.009185791016
737	3.68	1004.66351318359	367.553863525391	125.499671936035	540.895324707031	151.437408447266	213.810119628906
738	3.685	1013.50347900391	366.245666503906	122.257743835449	535.69384765625	151.01335144043	218.772003173828
739	3.69	1021.16955566406	364.923248291016	119.474472045898	530.173706054688	150.813095092773	223.905334472656
740	3.695	1027.91564941406	363.652221679688	117.122444152832	524.657043457031	150.751159667969	229.232635498047
741	3.7	1033.5810546875	362.257568359375	115.135269165039	519.307861328125	150.817031860352	234.617721557617
742	3.705	1038.16455078125	360.835052490234	113.344284057617	514.307922363281	151.016830444336	240.061813354492
743	3.71	1041.84484863281	359.443695068359	111.61092376709	509.743530273438	151.229690551758	245.565582275391
744	3.715	1044.29235839844	358.016754150391	109.918647766113	505.748291015625	151.474426269531	251.0673828125
745	3.72	1045.73449707031	356.608734130859	108.060691833496	502.309753417969	151.667861938477	256.560516357422
746	3.725	1046.16247558594	355.345458984375	106.084732055664	499.39794921875	151.921051025391	261.988952636719
747	3.73	1045.68054199219	354.252838134766	103.951736450195	496.927459716797	152.153060913086	267.401092529297
748	3.735	1044.31433105469	353.469085693359	101.611083984375	495.043823242188	152.326248168945	272.732818603516
749	3.74	1042.29113769531	352.930450439453	99.0669555664062	493.589019775391	152.386276245117	277.916473388672
750	3.745	1039.45166015625	352.355377197266	96.4462127685547	492.706878662109	152.571533203125	283.055206298828
751	3.75	1035.87731933594	352.175323486328	94.1778411865234	492.373504638672	152.495590209961	287.899261474609
752	3.755	1031.00280761719	351.399383544922	92.8328628540039	492.768646240234	152.602767944336	292.443878173828
753	3.76	1023.88220214844	349.264770507812	91.3492584228516	493.676544189453	152.478149414062	296.858551025391
754	3.765	1012.38543701172	346.081573486328	90.1438674926758	495.320526123047	152.413970947266	301.025421142578
755	3.77	998.845153808594	342.867279052734	89.4916763305664	497.625732421875	152.311050415039	304.970733642578
756	3.775	986.65185546875	340.754241943359	89.2904891967773	500.749481201172	152.231338500977	308.646087646484
757	3.78	975.631652832031	339.206909179688	89.8378067016602	504.648773193359	152.183670043945	312.076110839844
758	3.785	965.604675292969	338.432373046875	90.8711776733398	509.35009765625	152.16471862793	315.289215087891
759	3.79	955.130676269531	337.967346191406	91.8845825195312	514.800537109375	152.122695922852	318.183990478516
760	3.795	943.841186523438	337.762390136719	93.0822906494141	520.956176757812	152.228881835938	320.7578125
761	3.8	932.229187011719	337.889221191406	94.1897659301758	527.7236328125	152.481140136719	322.953247070312
762	3.805	920.823303222656	338.153350830078	94.9193725585938	535.036071777344	152.721572875977	324.713623046875
763	3.81	909.856872558594	339.013092041016	95.7030334472656	542.826965332031	153.091522216797	326.033508300781
764	3.815	898.836608886719	339.922760009766	96.5003509521484	550.743286132812	153.732727050781	326.861877441406
765	3.82	887.456298828125	340.890411376953	97.0652008056641	559.668395996094	153.87141418457	327.200317382812
766	3.825	876.136413574219	341.585510253906	97.4682388305664	568.404968261719	154.378479003906	327.016815185547
767	3.83	864.599670410156	342.121459960938	97.7934722900391	577.183288574219	154.978225708008	326.315490722656
768	3.835	852.800720214844	342.402557373047	98.2383270263672	586.724853515625	155.064590454102	325.1083984375
769	3.84	841.047546386719	342.374542236328	98.5922241210938	596.005920410156	155.358581542969	323.332885742188
770	3.845	828.938537597656	342.572418212891	99.1683654785156	605.617736816406	155.768280029297	321.150573730469
771	3.85	816.941772460938	342.567474365234	99.8020248413086	615.174560546875	156.236129760742	318.427062988281
772	3.855	804.938293457031	342.594146728516	100.511009216309	624.894836425781	156.81201171875	315.156188964844
773	3.86	792.89697265625	342.643768310547	101.405014038086	634.638305664062	157.306365966797	311.533111572266
774	3.865	780.960388183594	342.635131835938	102.394187927246	644.548828125	157.903991699219	307.416656494141
775	3.87	769.039428710938	342.824188232422	103.600120544434	654.409423828125	158.611526489258	302.923736572266
776	3.875	757.311218261719	342.912170410156	104.942237854004	664.387756347656	159.380065917969	298.072601318359
777	3.88	745.729553222656	343.246185302734	106.595100402832	674.438232421875	160.233139038086	292.864532470703
778	3.885	734.309875488281	343.610046386719	108.530952453613	684.613464355469	161.200531005859	287.299896240234
779	3.89	723.154357910156	344.000305175781	110.718948364258	694.942749023438	162.326782226562	281.449249267578
780	3.895	712.216552734375	344.595550537109	113.245880126953	705.393798828125	163.35905456543	275.241790771484
781	3.9	701.5654296875	345.213073730469	116.019714355469	716.109130859375	164.625885009766	268.779052734375
782	3.905	691.183776855469	346.099090576172	119.072845458984	726.941284179688	165.857376098633	262.123321533203
783	3.91	681.115356445312	347.1142578125	122.432464599609	738.186584472656	167.282165527344	255.091232299805
784	3.915	671.320068359375	348.268493652344	126.031005859375	749.592346191406	168.590118408203	248.021789550781
785	3.92	661.947326660156	349.497650146484	129.751693725586	761.357177734375	170.136367797852	240.708297729492
786	3.925	652.833740234375	350.769409179688	133.714950561523	773.402099609375	171.570159912109	233.34065246582
787	3.93	644.154296875	352.132476806641	137.876480102539	785.689697265625	173.058013916016	225.819183349609
788	3.935	635.815246582031	353.285858154297	142.001953125	798.347106933594	174.574401855469	218.270660400391
789	3.94	627.856079101562	354.711944580078	146.377166748047	811.346740722656	176.303298950195	210.595687866211
790	3.945	620.254211425781	356.109466552734	150.828582763672	824.574829101562	177.785583496094	202.985412597656
791	3.95	612.967712402344	357.567199707031	155.338775634766	838.094787597656	179.140472412109	195.325500488281
792	3.955	606.104248046875	359.057708740234	159.861297607422	852.255493164062	180.641479492188	187.654983520508
793	3.96	599.525024414062	360.504211425781	164.487243652344	866.430786132812	181.949584960938	180.239608764648
794	3.965	593.238891601562	362.005432128906	169.046997070312	880.850646972656	183.154693603516	172.917373657227
795	3.97	587.223266601562	363.480682373047	173.781784057617	895.447143554688	184.347930908203	165.777572631836
796	3.975	581.587707519531	365.038116455078	178.456756591797	910.1435546875	185.422332763672	158.907379150391
797	3.98	576.233276367188	366.582550048828	183.206878662109	924.888549804688	186.31169128418	152.341079711914
798	3.985	571.132080078125	368.061340332031	187.985305786133	939.686584472656	187.166091918945	146.153137207031
799	3.99	566.37939453125	369.595672607422	192.734786987305	954.424499511719	187.920867919922	140.291564941406
800	3.995	561.924133300781	371.088226318359	197.380233764648	968.996887207031	188.593322753906	134.816940307617
801	4.0	557.637878417969	372.556274414062	201.972015380859	983.111450195312	189.052658081055	130.044982910156
802	4.005	553.572082519531	374.060516357422	206.568328857422	997.041625976562	189.666000366211	125.456687927246
803	4.01	549.657653808594	375.510925292969	211.038391113281	1010.42706298828	190.016418457031	121.526634216309
804	4.015	545.781799316406	377.022674560547	215.53547668457	1023.14825439453	190.410766601562	117.927055358887
805	4.02	542.03076171875	378.309417724609	219.743560791016	1035.1279296875	190.751373291016	115.081398010254
806	4.025	538.155212402344	379.773040771484	224.230819702148	1046.01147460938	191.219711303711	112.645011901855
807	4.03	534.007446289062	381.034759521484	228.887725830078	1056.00366210938	191.830383300781	110.678009033203
808	4.035	529.970458984375	382.306091308594	233.816802978516	1064.68518066406	192.648208618164	109.055526733398
809	4.04	526.022277832031	383.530426025391	238.959701538086	1072.18713378906	193.538848876953	107.607284545898
810	4.045	522.504821777344	384.623321533203	244.169204711914	1078.552734375	194.558090209961	106.187423706055
811	4.05	519.41845703125	385.648284912109	249.529754638672	1083.69750976562	195.411727905273	104.570465087891
812	4.055	516.895874023438	386.709289550781	254.942199707031	1087.62719726562	196.240798950195	102.78556060791
813	4.06	514.803283691406	387.677062988281	260.303955078125	1090.50012207031	196.928680419922	100.658432006836
814	4.065	513.303344726562	388.699279785156	265.647735595703	1092.19409179688	197.602432250977	98.3373947143555
815	4.07	512.29248046875	389.707214355469	270.946472167969	1092.7666015625	198.022048950195	95.8723678588867
816	4.075	511.783996582031	390.663360595703	276.146087646484	1092.29382324219	198.65478515625	93.2058334350586
817	4.08	511.783843994141	391.695648193359	281.252014160156	1090.90869140625	199.029815673828	90.6638336181641
818	4.085	512.291564941406	392.667297363281	286.229400634766	1088.57238769531	199.40397644043	88.6592864990234
819	4.09	513.395629882812	393.582794189453	291.074584960938	1084.79187011719	199.979690551758	86.5821990966797
820	4.095	515.077453613281	394.414703369141	295.750427246094	1079.12170410156	201.185073852539	84.3765182495117
821	4.1	517.453491210938	395.177124023438	300.297668457031	1071.31176757812	202.938247680664	82.8240509033203
822	4.105	520.421447753906	395.691040039062	304.72119140625	1061.90026855469	204.864486694336	81.8391036987305
823	4.11	524.1630859375	396.327392578125	308.898132324219	1050.66723632812	207.04411315918	81.6029815673828
824	4.115	528.675964355469	396.760437011719	312.804260253906	1038.81774902344	208.950210571289	82.4566879272461
825	4.12	533.937072753906	397.350677490234	316.432739257812	1028.96240234375	210.376724243164	84.0459365844727
826	4.125	539.984252929688	397.920501708984	319.865539550781	1020.49810791016	211.427032470703	85.7917633056641
827	4.13	546.757690429688	398.468414306641	322.911651611328	1011.93560791016	212.492126464844	87.1973648071289
828	4.135	554.082824707031	398.979156494141	325.617095947266	1001.83758544922	213.497848510742	88.5863571166992
829	4.14	561.902465820312	399.330383300781	327.80029296875	990.748413085938	214.486618041992	89.8473510742188
830	4.145	570.095642089844	399.765502929688	329.699035644531	979.728332519531	215.045562744141	90.5308303833008
831	4.15	578.689636230469	400.134338378906	331.180511474609	968.782775878906	215.26155090332	90.8500137329102
832	4.155	587.473754882812	400.559936523438	332.295654296875	957.442810058594	215.28825378418	91.2549896240234
833	4.16	596.463989257812	401.019287109375	332.969329833984	945.74755859375	215.34635925293	91.3996810913086
834	4.165	605.643432617188	401.480072021484	333.260986328125	933.992248535156	215.496459960938	91.4925918579102
835	4.17	614.916870117188	402.038269042969	333.088226318359	922.078125	215.766555786133	91.7087554931641
836	4.175	624.345520019531	402.558898925781	332.468811035156	910.076354980469	216.130081176758	92.0609512329102
837	4.18	633.858825683594	403.227172851562	331.395416259766	897.940673828125	216.366836547852	92.5721435546875
838	4.185	643.562561035156	403.818481445312	329.774444580078	885.860961914062	216.714569091797	92.9859313964844
839	4.19	653.265747070312	404.4462890625	327.717742919922	873.662780761719	216.852249145508	93.5128555297852
840	4.195	662.949584960938	404.984436035156	325.136077880859	861.716857910156	217.063583374023	93.7958068847656
841	4.2	672.762451171875	405.558166503906	322.166870117188	849.536804199219	216.982284545898	94.33544921875
842	4.205	682.576599121094	406.079711914062	318.661285400391	837.333740234375	216.734298706055	95.0301971435547
843	4.21	692.305969238281	406.596496582031	314.817932128906	825.209655761719	216.360733032227	95.8641815185547
844	4.215	702.151184082031	406.948608398438	310.552978515625	813.190307617188	215.877059936523	96.7870178222656
845	4.22	711.882751464844	407.428253173828	305.994934082031	801.243774414062	215.316009521484	97.840217590332
846	4.225	721.66064453125	407.668640136719	301.108215332031	789.331298828125	214.659790039062	99.1655654907227
847	4.23	731.543395996094	407.917602539062	295.906890869141	777.606872558594	214.038513183594	100.637054443359
848	4.235	741.446105957031	408.085021972656	290.368377685547	765.958679199219	213.215835571289	102.543182373047
849	4.24	751.508666992188	408.046997070312	284.49853515625	754.449340820312	212.340805053711	104.675926208496
850	4.245	761.785400390625	408.049621582031	278.383392333984	743.384033203125	211.319793701172	107.115692138672
851	4.25	772.175109863281	407.858276367188	272.05029296875	732.205322265625	210.471923828125	109.98511505127
852	4.255	782.765991210938	407.654113769531	265.4384765625	721.555480957031	209.480819702148	113.302268981934
853	4.26	793.635375976562	407.339935302734	258.595520019531	711.165588378906	208.621673583984	116.692863464355
854	4.265	804.615234375	406.922943115234	251.584655761719	701.156433105469	207.691558837891	120.340072631836
855	4.27	816.093017578125	406.487426757812	244.330764770508	691.357543945312	206.751968383789	124.164855957031
856	4.275	827.62158203125	406.06396484375	236.991821289062	682.296813964844	206.225540161133	127.518432617188
857	4.28	839.470275878906	405.5302734375	229.497268676758	673.229675292969	205.306823730469	131.687591552734
858	4.285	851.475341796875	404.93017578125	221.953140258789	664.483154296875	204.324996948242	135.943862915039
859	4.29	863.580749511719	404.458740234375	214.362243652344	656.134155273438	203.294998168945	140.410064697266
860	4.295	876.35107421875	403.711669921875	206.728958129883	647.975402832031	202.225296020508	145.007308959961
861	4.3	889.138488769531	403.100891113281	199.128601074219	640.209655761719	201.178787231445	149.568511962891
862	4.305	902.005981445312	402.494171142578	191.66242980957	632.717651367188	200.031265258789	154.441909790039
863	4.31	915.256591796875	401.770355224609	184.227127075195	625.67822265625	198.941802978516	159.273971557617
864	4.315	928.5126953125	401.330383300781	177.040191650391	618.876953125	197.67008972168	164.184860229492
865	4.32	941.890991210938	400.884155273438	170.105087280273	612.3466796875	196.513549804688	169.219497680664
866	4.325	955.338806152344	400.494140625	163.457107543945	606.128845214844	195.495742797852	174.209854125977
867	4.33	968.794006347656	400.138793945312	157.165466308594	600.197570800781	194.444686889648	179.246551513672
868	4.335	981.97509765625	399.710845947266	151.279861450195	594.429321289062	193.697463989258	184.230392456055
869	4.34	994.822998046875	399.280517578125	145.893280029297	588.865112304688	192.986938476562	189.194808959961
870	4.345	1007.03002929688	398.889892578125	141.059066772461	583.610595703125	192.453552246094	193.949081420898
871	4.35	1018.58148193359	398.439300537109	136.724334716797	578.364929199219	191.846878051758	198.744674682617
872	4.355	1029.26770019531	397.887451171875	132.809539794922	573.115112304688	191.371673583984	203.564971923828
873	4.36	1039.06652832031	397.367004394531	129.308288574219	567.8662109375	190.886016845703	208.408020019531
874	4.365	1047.8515625	396.728759765625	126.254379272461	562.530212402344	190.543594360352	213.293853759766
875	4.37	1055.65161132812	396.091278076172	123.660293579102	557.020812988281	190.335266113281	218.295806884766
876	4.375	1062.32446289062	395.349182128906	121.513206481934	551.264709472656	190.179565429688	223.482040405273
877	4.38	1068.03894042969	394.552856445312	119.591468811035	545.451171875	190.082244873047	228.822036743164
878	4.385	1072.552734375	393.539337158203	117.82096862793	539.736328125	190.287796020508	234.398071289062
879	4.39	1075.9853515625	392.556457519531	116.153221130371	534.390502929688	190.408966064453	240.198822021484
880	4.395	1078.322265625	391.470367431641	114.329437255859	529.494750976562	190.574417114258	246.128356933594
881	4.4	1079.3876953125	390.369812011719	112.444389343262	525.13623046875	190.710098266602	252.111282348633
882	4.405	1079.59606933594	389.376647949219	110.444793701172	521.347534179688	190.924346923828	258.217437744141
883	4.41	1078.93371582031	388.526184082031	108.132957458496	518.149353027344	191.009429931641	264.362915039062
884	4.415	1077.38598632812	387.885406494141	105.818428039551	515.66162109375	190.933837890625	270.469299316406
885	4.42	1075.0126953125	387.506652832031	103.240173339844	513.776184082031	190.735549926758	276.544769287109
886	4.425	1072.11596679688	387.287292480469	100.452682495117	512.491882324219	190.455047607422	282.527008056641
887	4.43	1068.4599609375	387.286773681641	97.4999771118164	511.882873535156	190.045944213867	288.392333984375
888	4.435	1064.15417480469	387.236358642578	94.8357620239258	511.925048828125	189.561019897461	294.057983398438
889	4.44	1058.70715332031	386.885528564453	92.8299255371094	512.70947265625	189.135528564453	299.407958984375
890	4.445	1051.28674316406	385.276977539062	90.7835922241211	514.230712890625	188.531478881836	304.668792724609
891	4.45	1040.03686523438	382.543884277344	89.3417282104492	516.561584472656	187.958023071289	309.595184326172
892	4.455	1026.65380859375	379.60498046875	88.4445571899414	519.595703125	187.337753295898	314.204254150391
893	4.46	1014.34197998047	377.386840820312	88.25	523.434020996094	186.682693481445	318.527770996094
894	4.465	1003.65802001953	375.996124267578	88.7011337280273	528.053833007812	185.955062866211	322.407897949219
895	4.47	993.694763183594	375.143463134766	89.8194808959961	533.409973144531	185.190887451172	325.891235351562
896	4.475	983.46337890625	374.642395019531	90.7834320068359	539.414184570312	184.46125793457	328.932678222656
897	4.48	972.351379394531	374.363891601562	92.0540618896484	546.070983886719	183.830596923828	331.485626220703
898	4.485	960.887329101562	374.338500976562	93.218879699707	553.211975097656	183.24870300293	333.626953125
899	4.49	949.649353027344	374.515441894531	93.9437637329102	560.793090820312	182.718460083008	335.282257080078
900	4.495	938.771911621094	374.987396240234	94.6585464477539	568.819030761719	182.299575805664	336.493408203125
901	4.5	927.709411621094	375.733856201172	95.6149673461914	576.905883789062	182.05290222168	337.204925537109
902	4.505	916.369689941406	376.273590087891	96.0914840698242	585.674377441406	181.4912109375	337.48779296875
903	4.51	904.820068359375	376.657653808594	96.2997817993164	594.362731933594	181.280654907227	337.292083740234
904	4.515	893.104919433594	376.859344482422	96.437255859375	603.24267578125	181.172012329102	336.582305908203
905	4.52	881.16796875	376.816864013672	96.7226791381836	612.3642578125	180.971343994141	335.452178955078
906	4.525	869.130676269531	376.685516357422	96.9755935668945	621.498474121094	181.000930786133	333.787414550781
907	4.53	856.995239257812	376.420806884766	97.3775253295898	630.817687988281	180.957916259766	331.588714599609
908	4.535	844.7607421875	376.127349853516	97.907112121582	640.196228027344	181.136352539062	328.993072509766
909	4.54	832.578369140625	375.773529052734	98.531135559082	649.606018066406	181.392761230469	325.972961425781
910	4.545	820.380859375	375.541381835938	99.3005905151367	659.107238769531	181.654739379883	322.531402587891
911	4.55	808.243957519531	375.23388671875	100.097091674805	668.661010742188	182.031646728516	318.639190673828
912	4.555	796.15673828125	375.098846435547	101.054908752441	678.20556640625	182.602584838867	314.410919189453
913	4.56	784.162719726562	374.970977783203	102.157295227051	687.838928222656	183.292678833008	309.775421142578
914	4.565	772.352416992188	375.02099609375	103.535049438477	697.549621582031	184.060134887695	304.823486328125
915	4.57	760.761108398438	375.237243652344	105.206336975098	707.453918457031	184.964584350586	299.538818359375
916	4.575	749.372985839844	375.583190917969	107.164520263672	717.369750976562	186.001220703125	293.987762451172
917	4.58	738.322326660156	376.093383789062	109.459190368652	727.45458984375	187.069976806641	288.148376464844
918	4.585	727.447326660156	376.743591308594	112.055381774902	737.821899414062	188.270950317383	282.035186767578
919	4.59	716.959289550781	377.551025390625	114.959739685059	748.33544921875	189.404220581055	275.661773681641
920	4.595	706.674621582031	378.524719238281	118.181930541992	759.172485351562	190.660934448242	269.023223876953
921	4.6	696.710083007812	379.586456298828	121.685089111328	770.177185058594	191.826614379883	262.230499267578
922	4.605	687.138122558594	380.794128417969	125.507118225098	781.446228027344	193.027435302734	255.230560302734
923	4.61	677.959838867188	381.873077392578	129.430572509766	793.153076171875	194.21012878418	247.981811523438
924	4.615	669.065368652344	383.143676757812	133.579437255859	804.995178222656	195.318115234375	240.633529663086
925	4.62	660.7294921875	384.447723388672	137.886627197266	817.296875	196.430557250977	233.088760375977
926	4.625	652.670532226562	385.869781494141	142.312927246094	829.911254882812	197.495529174805	225.412475585938
927	4.63	645.123107910156	387.257293701172	146.85823059082	842.7392578125	198.523361206055	217.68212890625
928	4.635	637.881652832031	388.758209228516	151.515686035156	855.901123046875	199.509185791016	209.902984619141
929	4.64	631.066223144531	390.251922607422	156.22509765625	869.249084472656	200.465637207031	202.060989379883
930	4.645	624.6416015625	391.774230957031	160.911560058594	882.875793457031	201.354202270508	194.286392211914
931	4.65	618.581848144531	393.360260009766	165.73112487793	896.676940917969	202.183227539062	186.694000244141
932	4.655	612.858520507812	395.013336181641	170.517715454102	910.61279296875	202.971343994141	179.161117553711
933	4.66	607.464660644531	396.639495849609	175.407669067383	924.612487792969	203.738571166992	171.926544189453
934	4.665	602.360778808594	398.271606445312	180.288970947266	938.639465332031	204.471603393555	164.970184326172
935	4.67	597.568115234375	399.8984375	185.216674804688	952.740173339844	205.182342529297	158.15251159668
936	4.675	593.110229492188	401.544189453125	190.076263427734	966.885559082031	205.819869995117	151.700012207031
937	4.68	588.821350097656	403.117034912109	194.916458129883	980.935546875	206.409606933594	145.539001464844
938	4.685	584.712097167969	404.671752929688	199.616653442383	994.746398925781	206.864303588867	139.916488647461
939	4.69	580.770202636719	406.263366699219	204.257736206055	1008.18621826172	207.136596679688	134.686553955078
940	4.695	576.949462890625	407.695251464844	208.577621459961	1021.22943115234	207.376571655273	130.005798339844
941	4.7	573.189331054688	409.338684082031	213.047164916992	1033.67578125	207.528533935547	125.741249084473
942	4.705	569.422729492188	410.910736083984	217.370697021484	1045.38928222656	207.482162475586	122.123489379883
943	4.71	565.436828613281	412.424041748047	221.930679321289	1056.30163574219	207.365859985352	119.011169433594
944	4.715	561.228393554688	413.81396484375	226.718795776367	1066.40209960938	207.282989501953	116.267646789551
945	4.72	557.267456054688	415.141418457031	231.699569702148	1075.369140625	207.239196777344	114.039276123047
946	4.725	553.508666992188	416.350036621094	236.807632446289	1083.11291503906	207.513824462891	112.253707885742
947	4.73	550.073669433594	417.467071533203	242.049118041992	1089.71594238281	208.042846679688	110.647895812988
948	4.735	547.059448242188	418.570831298828	247.292007446289	1094.95776367188	208.750961303711	109.178092956543
949	4.74	544.588989257812	419.555877685547	252.587661743164	1099.18591308594	209.606109619141	107.392471313477
950	4.745	542.622436523438	420.581939697266	257.871795654297	1102.11450195312	210.47021484375	105.49193572998
951	4.75	541.174072265625	421.506408691406	263.074157714844	1103.8486328125	211.179168701172	103.162315368652
952	4.755	540.290771484375	422.511566162109	268.212310791016	1104.62353515625	211.904266357422	100.638191223145
953	4.76	539.830200195312	423.404388427734	273.220886230469	1104.21740722656	212.533416748047	97.6776275634766
954	4.765	539.912109375	424.270874023438	278.165374755859	1102.73278808594	213.116333007812	94.6161499023438
955	4.77	540.447204589844	425.136901855469	282.974761962891	1100.30822753906	213.508804321289	91.443000793457
956	4.775	541.708618164062	425.862060546875	287.602600097656	1097.01403808594	213.688293457031	88.9223098754883
957	4.78	543.379272460938	426.535766601562	292.112579345703	1092.68249511719	214.006103515625	86.7285995483398
958	4.785	545.705871582031	427.093170166016	296.381530761719	1086.787109375	214.784393310547	84.149772644043
959	4.79	548.578796386719	427.584991455078	300.501007080078	1079.17126464844	216.163482666016	82.133674621582
960	4.795	552.119812011719	427.662841796875	304.416320800781	1070.36865234375	217.784774780273	80.7949981689453
961	4.8	556.230590820312	428.015686035156	308.128692626953	1059.91748046875	219.878234863281	80.2477416992188
962	4.805	561.078918457031	428.216949462891	311.595306396484	1048.10070800781	222.125122070312	80.8397216796875
963	4.81	566.414184570312	428.339965820312	314.721862792969	1037.45263671875	223.666656494141	82.3193588256836
964	4.815	572.438171386719	428.582977294922	317.637542724609	1028.6845703125	224.615859985352	84.0494689941406
965	4.82	579.007263183594	428.729675292969	320.217254638672	1020.24505615234	225.425552368164	85.2932052612305
966	4.825	586.097717285156	428.802032470703	322.447448730469	1010.70733642578	226.010009765625	86.4970016479492
967	4.83	593.624389648438	428.780822753906	324.29296875	999.827697753906	226.534469604492	87.7702484130859
968	4.835	601.521301269531	428.783233642578	325.78076171875	988.728515625	226.804992675781	88.6182022094727
969	4.84	609.770629882812	428.76611328125	326.852020263672	977.589660644531	226.820022583008	89.0481491088867
970	4.845	618.291931152344	428.652893066406	327.478088378906	966.258850097656	226.638442993164	89.466064453125
971	4.85	627.076599121094	428.699279785156	327.660217285156	954.440124511719	226.630661010742	89.8401641845703
972	4.855	635.90087890625	428.772705078125	327.519470214844	942.565063476562	226.743560791016	90.0916519165039
973	4.86	644.984741210938	428.774505615234	326.829956054688	930.725158691406	226.870269775391	90.3170318603516
974	4.865	654.135070800781	428.974517822266	325.734985351562	918.817138671875	227.085922241211	90.6727752685547
975	4.87	663.506286621094	429.096618652344	324.191955566406	906.75732421875	227.270935058594	91.1810989379883
976	4.875	672.730346679688	429.130432128906	322.207183837891	894.866943359375	227.713348388672	91.436653137207
977	4.88	682.235534667969	429.261413574219	319.771453857422	882.780517578125	227.826934814453	91.9310150146484
978	4.885	691.747985839844	429.303527832031	316.9287109375	870.702941894531	228.040100097656	92.4774017333984
979	4.89	701.221069335938	429.339019775391	313.718658447266	858.602722167969	228.015869140625	93.1157913208008
980	4.895	710.772827148438	429.243896484375	310.001251220703	846.557739257812	228.041427612305	93.8429183959961
981	4.9	720.272888183594	429.098510742188	306.024719238281	834.546264648438	227.922134399414	94.6825180053711
982	4.905	729.758728027344	428.896789550781	301.693420410156	822.581237792969	227.584014892578	95.7449111938477
983	4.91	739.29248046875	428.580871582031	297.044647216797	810.734924316406	227.278854370117	96.9416351318359
984	4.915	748.902099609375	428.210601806641	292.052886962891	798.970458984375	226.823776245117	98.2655181884766
985	4.92	758.405578613281	427.642425537109	286.792053222656	787.233032226562	226.252670288086	99.9475326538086
986	4.925	768.190795898438	426.996856689453	281.126037597656	775.705932617188	225.624359130859	101.786819458008
987	4.93	778.055114746094	426.307647705078	275.24365234375	764.361145019531	224.729537963867	104.066452026367
988	4.935	788.038452148438	425.409210205078	269.094787597656	753.141418457031	223.818176269531	106.571815490723
989	4.94	798.283630371094	424.501800537109	262.685455322266	742.293273925781	222.777053833008	109.38077545166
990	4.945	808.749694824219	423.514129638672	256.006988525391	731.687744140625	221.614410400391	112.621841430664
991	4.95	819.378723144531	422.544952392578	249.194412231445	721.244689941406	220.325836181641	116.045257568359
992	4.955	830.351928710938	421.401763916016	242.067642211914	711.278564453125	219.011413574219	119.703193664551
993	4.96	841.521728515625	420.308166503906	234.796646118164	701.628479003906	217.586868286133	123.614929199219
994	4.965	852.984680175781	419.213043212891	227.406753540039	692.301086425781	216.021560668945	127.808975219727
995	4.97	864.703918457031	418.121826171875	219.880706787109	683.352722167969	214.512954711914	131.974197387695
996	4.975	876.447692871094	417.086883544922	212.316879272461	674.782653808594	212.942169189453	136.353225708008
997	4.98	888.773498535156	415.923187255859	204.677993774414	666.549438476562	211.42822265625	140.791122436523
998	4.985	901.094482421875	414.857574462891	197.142333984375	658.652770996094	209.818222045898	145.377990722656
999	4.99	913.627502441406	413.865997314453	189.665252685547	651.16162109375	208.218933105469	150.027069091797
1000	4.995	926.298461914062	412.864318847656	182.364074707031	644.004577636719	206.554809570312	154.820739746094
1001	5.0	939.146484375	411.958557128906	175.179153442383	637.206909179688	204.961944580078	159.711944580078
1002	5.005	951.9921875	411.066223144531	168.333831787109	631.012451171875	203.624725341797	164.378936767578
1003	5.01	964.903137207031	410.005340576172	161.621963500977	624.914245605469	202.051696777344	169.422210693359
1004	5.015	977.543823242188	409.159576416016	155.404693603516	618.999755859375	200.683441162109	174.448608398438
1005	5.02	990.0517578125	408.14306640625	149.555847167969	613.402770996094	199.369689941406	179.581695556641
1006	5.025	1002.17071533203	407.199615478516	144.009506225586	608.042602539062	198.605621337891	184.54280090332
1007	5.03	1013.78826904297	406.137756347656	139.005844116211	602.970581054688	197.540618896484	189.644836425781
1008	5.035	1024.74780273438	405.053771972656	134.501983642578	598.064697265625	196.612594604492	194.674179077148
1009	5.04	1035.01159667969	403.904510498047	130.431045532227	593.303649902344	195.752456665039	199.579086303711
1010	5.045	1044.30114746094	402.700531005859	126.804901123047	588.459655761719	194.913543701172	204.400970458984
1011	5.05	1052.68176269531	401.366943359375	123.596092224121	583.779663085938	194.296829223633	209.049575805664
1012	5.055	1060.02368164062	400.096252441406	120.97730255127	578.970764160156	193.624633789062	213.814819335938
1013	5.06	1066.37145996094	398.689636230469	118.684265136719	573.958251953125	193.091323852539	218.672470092773
1014	5.065	1071.71557617188	397.177917480469	116.793090820312	568.741516113281	192.688446044922	223.677810668945
1015	5.07	1075.97265625	395.464630126953	115.026397705078	563.572814941406	192.335006713867	228.888900756836
1016	5.075	1079.16528320312	393.735870361328	113.336143493652	558.692932128906	192.123931884766	234.185089111328
1017	5.08	1081.30517578125	391.910217285156	111.631896972656	554.157043457031	192.018936157227	239.574737548828
1018	5.085	1082.34582519531	390.187866210938	109.870216369629	550.088439941406	191.924606323242	245.098175048828
1019	5.09	1082.42297363281	388.539703369141	107.957633972168	546.389099121094	191.920944213867	250.671646118164
1020	5.095	1081.67456054688	386.954895019531	105.911125183105	543.234924316406	191.94123840332	256.254150390625
1021	5.1	1080.05578613281	385.704345703125	103.747734069824	540.616577148438	191.95280456543	261.829315185547
1022	5.105	1077.69775390625	384.698944091797	101.359405517578	538.501586914062	191.937026977539	267.484527587891
1023	5.11	1074.60339355469	384.023468017578	98.8232116699219	537.051574707031	191.691696166992	272.940246582031
1024	5.115	1070.90710449219	383.571838378906	96.2291107177734	536.237976074219	191.442901611328	278.326446533203
1025	5.12	1066.13000488281	382.937347412109	94.38720703125	536.074890136719	191.177581787109	283.445709228516
1026	5.125	1060.10192871094	381.5390625	92.9037780761719	536.479736328125	190.747436523438	288.479919433594
1027	5.13	1051.00341796875	378.947479248047	91.4291229248047	537.658325195312	190.256256103516	293.291015625
1028	5.135	1037.96447753906	375.521087646484	90.2034606933594	539.46875	189.709487915039	297.913391113281
1029	5.14	1024.58032226562	372.773864746094	89.7994155883789	542.036376953125	189.154052734375	302.294738769531
1030	5.145	1012.92248535156	371.083038330078	89.5438079833984	545.421325683594	188.600341796875	306.435424804688
1031	5.15	1002.20629882812	369.904541015625	90.142822265625	549.564819335938	187.947387695312	310.300476074219
1032	5.155	992.132141113281	369.186248779297	90.810905456543	554.5009765625	187.362075805664	313.865600585938
1033	5.16	981.363830566406	368.652557373047	91.6763916015625	560.160705566406	186.884780883789	317.148681640625
1034	5.165	970.137756347656	368.397186279297	92.8449325561523	566.425964355469	186.388671875	320.121948242188
1035	5.17	958.640319824219	368.444580078125	93.7230453491211	573.292358398438	186.045776367188	322.7177734375
1036	5.175	947.368286132812	368.8798828125	94.3366012573242	580.465270996094	185.783905029297	324.953063964844
1037	5.18	936.358337402344	369.620880126953	95.0499877929688	588.429626464844	185.317901611328	326.699523925781
1038	5.185	925.136657714844	370.625091552734	95.7464447021484	596.5	185.108169555664	328.034759521484
1039	5.19	913.825561523438	371.396240234375	96.1374435424805	604.805297851562	184.876480102539	328.826721191406
1040	5.195	902.314697265625	372.066833496094	96.5538635253906	613.021423339844	184.939178466797	329.158477783203
1041	5.2	890.693725585938	372.675811767578	96.9326171875	622.105834960938	184.251937866211	328.953277587891
1042	5.205	878.861083984375	372.928558349609	97.3909759521484	630.943725585938	183.939392089844	328.265258789062
1043	5.21	866.921447753906	373.185455322266	97.9000396728516	639.987182617188	183.634780883789	327.022521972656
1044	5.215	855.024841308594	373.310546875	98.4835052490234	649.041259765625	183.334701538086	325.299743652344
1045	5.22	843.036254882812	373.3935546875	99.1928482055664	658.194274902344	183.114135742188	323.139923095703
1046	5.225	831.0166015625	373.427307128906	100.023895263672	667.462951660156	182.730773925781	320.483123779297
1047	5.23	819.073364257812	373.512451171875	100.883720397949	676.631225585938	182.623306274414	317.387542724609
1048	5.235	807.182800292969	373.575256347656	101.869277954102	685.867492675781	182.502960205078	313.859069824219
1049	5.24	795.288818359375	373.676452636719	102.958587646484	695.127624511719	182.412826538086	309.887390136719
1050	5.245	783.476501464844	373.799865722656	104.294486999512	704.568237304688	182.364196777344	305.522216796875
1051	5.25	771.76806640625	374.016723632812	105.870330810547	714.023010253906	182.47624206543	300.763763427734
1052	5.255	760.282165527344	374.269104003906	107.693954467773	723.559326171875	182.609954833984	295.677093505859
1053	5.26	748.919799804688	374.545806884766	109.788703918457	733.22314453125	182.785049438477	290.194458007812
1054	5.265	737.837646484375	375.030120849609	112.253295898438	743.126220703125	183.029525756836	284.407318115234
1055	5.27	727.012329101562	375.487030029297	114.950996398926	753.203796386719	183.273345947266	278.368072509766
1056	5.275	716.437438964844	376.144134521484	117.970436096191	763.408447265625	183.58056640625	272.085357666016
1057	5.28	706.173034667969	376.827911376953	121.322883605957	773.913146972656	184.058364868164	265.463562011719
1058	5.285	696.271423339844	377.646179199219	124.883094787598	784.48291015625	184.391067504883	258.672546386719
1059	5.29	686.750915527344	378.391174316406	128.60205078125	795.392028808594	184.904235839844	251.664596557617
1060	5.295	677.575012207031	379.315338134766	132.601150512695	806.490173339844	185.349472045898	244.440002441406
1061	5.3	668.867553710938	380.295562744141	136.800231933594	817.699401855469	185.626113891602	237.07861328125
1062	5.305	660.494689941406	381.413848876953	141.134124755859	829.536926269531	186.119842529297	229.450225830078
1063	5.31	652.541320800781	382.528930664062	145.560424804688	841.531616210938	186.60026550293	221.769088745117
1064	5.315	644.964111328125	383.710418701172	150.120193481445	853.880432128906	186.978759765625	213.983093261719
1065	5.32	637.808227539062	384.918334960938	154.707336425781	866.481506347656	187.292785644531	206.154769897461
1066	5.325	631.0419921875	386.198089599609	159.337738037109	879.431335449219	187.518112182617	198.22119140625
1067	5.33	624.692260742188	387.500885009766	163.950393676758	892.449462890625	187.680160522461	190.415374755859
1068	5.335	618.653198242188	388.851013183594	168.651443481445	905.968872070312	187.770751953125	182.607772827148
1069	5.34	612.9814453125	390.233428955078	173.325241088867	919.716186523438	187.808074951172	174.875518798828
1070	5.345	607.666687011719	391.555541992188	178.097076416016	933.520568847656	187.697723388672	167.330902099609
1071	5.35	602.658203125	392.850921630859	182.911499023438	947.563537597656	187.583999633789	159.889923095703
1072	5.355	597.976684570312	394.102294921875	187.800811767578	961.7509765625	187.355377197266	152.786605834961
1073	5.36	593.624755859375	395.251586914062	192.757751464844	975.922485351562	187.115051269531	146.010620117188
1074	5.365	589.518249511719	396.299896240234	197.622131347656	990.025390625	186.85139465332	139.761810302734
1075	5.37	585.570617675781	397.275085449219	202.509017944336	1004.01354980469	186.536056518555	133.902877807617
1076	5.375	581.828186035156	398.262939453125	207.369338989258	1017.63897705078	186.307739257812	128.55485534668
1077	5.38	578.164001464844	399.174713134766	212.19221496582	1030.802734375	186.088836669922	123.764984130859
1078	5.385	574.575927734375	399.951049804688	216.801940917969	1043.46032714844	185.813171386719	119.49991607666
1079	5.39	570.919250488281	400.836059570312	221.557113647461	1055.38146972656	185.630416870117	115.749557495117
1080	5.395	567.131652832031	401.683380126953	226.436004638672	1066.4521484375	185.561676025391	112.559066772461
1081	5.4	563.232177734375	402.272827148438	231.48210144043	1076.38513183594	185.682601928711	109.91153717041
1082	5.405	559.521545410156	402.962097167969	236.793502807617	1085.33178710938	186.233474731445	107.747276306152
1083	5.41	556.095458984375	403.444305419922	242.184341430664	1092.92834472656	186.884750366211	105.920150756836
1084	5.415	553.056518554688	403.874237060547	247.656829833984	1099.2646484375	187.770095825195	104.21809387207
1085	5.42	550.496276855469	404.277801513672	253.159713745117	1104.39453125	188.798706054688	102.539215087891
1086	5.425	548.374572753906	404.658386230469	258.572631835938	1108.37329101562	189.691223144531	100.607620239258
1087	5.43	546.81005859375	405.061737060547	263.973785400391	1111.27587890625	190.714447021484	98.4459686279297
1088	5.435	545.667846679688	405.466064453125	269.264282226562	1113.05261230469	191.717163085938	96.0270233154297
1089	5.44	544.965576171875	405.838653564453	274.492797851562	1113.71447753906	192.656112670898	93.4254989624023
1090	5.445	544.800903320312	406.2060546875	279.567932128906	1113.25280761719	193.44108581543	91.3007583618164
1091	5.45	545.072448730469	406.504364013672	284.577331542969	1111.5107421875	194.312957763672	89.6548004150391
1092	5.455	545.985168457031	406.759735107422	289.466247558594	1108.10021972656	195.309341430664	87.7701644897461
1093	5.46	547.410827636719	406.925170898438	294.133819580078	1102.63244628906	196.554077148438	85.8528671264648
1094	5.465	549.522827148438	407.09423828125	298.659484863281	1094.63061523438	197.621978759766	84.7731628417969
1095	5.47	552.222534179688	407.065338134766	302.986175537109	1084.88891601562	198.467361450195	84.0692901611328
1096	5.475	555.663757324219	406.879943847656	307.129516601562	1073.62268066406	199.220825195312	83.7365264892578
1097	5.48	559.801696777344	406.860260009766	311.044067382812	1061.51745605469	200.231567382812	84.0265274047852
1098	5.485	564.702941894531	406.629669189453	314.664428710938	1050.74499511719	200.65771484375	85.2395706176758
1099	5.49	570.232116699219	406.484954833984	317.984100341797	1041.75329589844	200.968566894531	86.7427444458008
1100	5.495	576.406860351562	406.34521484375	320.991668701172	1033.00305175781	201.264450073242	88.075813293457
1101	5.5	583.110168457031	406.059326171875	323.675384521484	1023.58917236328	201.773071289062	89.2665176391602
1102	5.505	590.306884765625	405.729949951172	325.9892578125	1012.86877441406	202.509567260742	90.5397567749023
1103	5.51	597.830810546875	405.325958251953	327.941619873047	1001.83825683594	203.197570800781	91.2847290039062
1104	5.515	605.663757324219	404.887451171875	329.640625	990.977783203125	203.492706298828	91.6649322509766
1105	5.52	613.819946289062	404.446624755859	330.864929199219	979.872436523438	203.711776733398	91.8273010253906
1106	5.525	622.11083984375	403.947784423828	331.756958007812	968.209045410156	203.965759277344	91.8153228759766
1107	5.53	630.697814941406	403.514312744141	332.242401123047	956.317504882812	204.291870117188	91.8872909545898
1108	5.535	639.34619140625	403.065307617188	332.289489746094	944.388854980469	204.710113525391	92.0346755981445
1109	5.54	648.148315429688	402.658203125	331.925018310547	932.318542480469	205.171173095703	92.2953109741211
1110	5.545	657.031066894531	402.232330322266	331.039672851562	920.239135742188	205.561996459961	92.647590637207
1111	5.55	666.000244140625	401.832427978516	329.731292724609	908.073425292969	205.740142822266	93.0878295898438
1112	5.555	675.1435546875	401.384796142578	327.87939453125	895.963562011719	205.881393432617	93.5603485107422
1113	5.56	684.282165527344	401.044128417969	325.684783935547	884.131408691406	205.962387084961	93.8395690917969
1114	5.565	693.514587402344	400.565338134766	322.916351318359	872.109436035156	205.859909057617	94.4201278686523
1115	5.57	702.742248535156	400.106689453125	319.733459472656	860.127258300781	205.675827026367	95.1398315429688
1116	5.575	712.009521484375	399.602416992188	316.105926513672	848.160034179688	205.339157104492	95.9714584350586
1117	5.58	721.260437011719	399.132476806641	312.139343261719	836.328674316406	205.001083374023	96.945556640625
1118	5.585	730.588623046875	398.689483642578	307.777252197266	824.5546875	204.585220336914	98.0976791381836
1119	5.59	739.927307128906	398.090759277344	302.937774658203	812.81982421875	204.03889465332	99.5467147827148
1120	5.595	749.411743164062	397.557098388672	297.815338134766	801.241638183594	203.31201171875	101.241271972656
1121	5.6	758.959594726562	396.974243164062	292.293823242188	789.758972167969	202.596908569336	103.265159606934
1122	5.605	768.619384765625	396.350738525391	286.555206298828	778.539978027344	201.80419921875	105.412887573242
1123	5.61	778.506286621094	395.748718261719	280.469696044922	767.582336425781	200.765365600586	107.999626159668
1124	5.615	788.566467285156	394.999542236328	274.142517089844	756.764892578125	199.580581665039	110.909187316895
1125	5.62	798.845153808594	394.21533203125	267.4599609375	746.355224609375	198.523239135742	114.123207092285
1126	5.625	809.25244140625	393.438903808594	260.580902099609	736.217956542969	197.450958251953	117.502777099609
1127	5.63	820.089660644531	392.748382568359	253.514801025391	726.461486816406	196.218353271484	121.119857788086
1128	5.635	831.062622070312	392.1044921875	246.27978515625	717.196166992188	194.757873535156	124.845779418945
1129	5.64	842.466552734375	391.354766845703	238.842025756836	707.678405761719	194.073059082031	129.099319458008
1130	5.645	854.109191894531	390.808654785156	231.317138671875	698.92431640625	192.857284545898	133.27082824707
1131	5.65	866.164855957031	390.203552246094	223.655807495117	690.502563476562	191.562850952148	137.608963012695
1132	5.655	878.473876953125	389.702239990234	215.960556030273	682.522766113281	190.271377563477	141.952056884766
1133	5.66	891.228698730469	389.386779785156	208.174362182617	674.805969238281	189.010848999023	146.472869873047
1134	5.665	904.155395507812	389.058563232422	200.418090820312	667.404052734375	187.628326416016	151.078643798828
1135	5.67	917.374572753906	388.948913574219	192.749572753906	660.328186035156	186.230712890625	155.716400146484
1136	5.675	930.803771972656	388.909698486328	185.155258178711	653.686584472656	184.859405517578	160.485870361328
1137	5.68	944.460815429688	388.951019287109	177.69709777832	647.247192382812	183.409637451172	165.226486206055
1138	5.685	958.223876953125	389.148223876953	170.466003417969	641.24072265625	182.286224365234	169.917358398438
1139	5.69	972.039428710938	389.442779541016	163.47380065918	635.316833496094	180.991256713867	174.793563842773
1140	5.695	985.874816894531	389.954254150391	156.796966552734	629.667053222656	179.826019287109	179.752990722656
1141	5.7	999.712768554688	390.479339599609	150.481719970703	624.281921386719	178.770935058594	184.751724243164
1142	5.705	1013.35705566406	391.026580810547	144.566146850586	619.05126953125	177.782775878906	189.798538208008
1143	5.71	1026.65466308594	391.586608886719	139.137634277344	614.062438964844	177.021408081055	194.799041748047
1144	5.715	1039.42041015625	392.232971191406	134.248519897461	609.155029296875	176.296890258789	199.785614013672
1145	5.72	1051.48999023438	392.795166015625	129.892425537109	604.179138183594	175.564056396484	204.712997436523
1146	5.725	1062.74194335938	393.362487792969	126.020240783691	599.074279785156	174.924377441406	209.564193725586
1147	5.73	1072.94567871094	393.950439453125	122.547981262207	593.810363769531	174.273086547852	214.440383911133
1148	5.735	1081.97692871094	394.488739013672	119.742042541504	588.283081054688	173.858322143555	219.481201171875
1149	5.74	1090.13781738281	395.025512695312	117.205444335938	582.502868652344	173.540924072266	224.741622924805
1150	5.745	1097.31079101562	395.493743896484	115.041046142578	576.737426757812	173.35188293457	230.180740356445
1151	5.75	1103.44177246094	395.924072265625	113.120361328125	571.222473144531	173.237777709961	235.733200073242
1152	5.755	1108.37756347656	396.317108154297	111.392112731934	566.050476074219	173.279403686523	241.413513183594
1153	5.76	1112.34155273438	396.723083496094	109.587173461914	561.476745605469	173.436050415039	247.144515991211
1154	5.765	1115.25415039062	397.128021240234	107.752449035645	557.477905273438	173.605606079102	252.918045043945
1155	5.77	1117.04455566406	397.768890380859	105.805908203125	554.114379882812	173.792098999023	258.677001953125
1156	5.775	1117.91760253906	398.434112548828	103.681983947754	551.339233398438	173.896286010742	264.453552246094
1157	5.78	1117.94360351562	399.184600830078	101.207145690918	549.210571289062	174.11408996582	270.223937988281
1158	5.785	1116.87255859375	400.172058105469	98.6827011108398	547.833068847656	174.087707519531	275.812316894531
1159	5.79	1114.97985839844	401.152954101562	96.1136932373047	547.085876464844	173.92008972168	281.243804931641
1160	5.795	1111.89892578125	401.893127441406	94.3548049926758	547.063842773438	173.969497680664	286.345916748047
1161	5.8	1107.30859375	401.636138916016	92.6693725585938	547.66455078125	173.754516601562	291.437408447266
1162	5.805	1099.01147460938	400.0068359375	91.1679382324219	548.929077148438	173.607864379883	296.286590576172
1163	5.81	1085.7431640625	397.155090332031	89.9839553833008	550.931579589844	173.442672729492	300.983306884766
1164	5.815	1072.16467285156	395.079132080078	89.5453262329102	553.730773925781	173.484130859375	305.400756835938
1165	5.82	1060.34912109375	393.806732177734	89.5010681152344	557.255920410156	173.492813110352	309.606781005859
1166	5.825	1049.9560546875	392.681549072266	90.4063339233398	561.654968261719	173.712646484375	313.560455322266
1167	5.83	1040.3486328125	391.930999755859	91.6419372558594	566.793640136719	173.759582519531	317.245971679688
1168	5.835	1029.89123535156	391.043884277344	92.9311141967773	572.566040039062	174.205749511719	320.582489013672
1169	5.84	1018.74810791016	390.607574462891	94.357063293457	579.817932128906	174.100051879883	323.411773681641
1170	5.845	1007.26342773438	390.445556640625	95.422248840332	587.137756347656	174.634460449219	325.811279296875
1171	5.85	996.173522949219	390.832366943359	96.1778182983398	594.910095214844	175.177185058594	327.714416503906
1172	5.855	985.219543457031	391.580322265625	96.927604675293	602.766662597656	176.025177001953	329.220031738281
1173	5.86	974.0302734375	392.271667480469	97.3424758911133	611.395629882812	176.524124145508	330.139495849609
1174	5.865	962.644592285156	392.838745117188	97.5296478271484	620.192504882812	177.024551391602	330.681884765625
1175	5.87	951.047485351562	393.506500244141	97.9137802124023	629.012817382812	177.725448608398	330.746063232422
1176	5.875	939.254028320312	393.508911132812	98.1736450195312	637.950439453125	178.477752685547	330.328765869141
1177	5.88	927.298156738281	393.541900634766	98.613037109375	647.001281738281	179.340911865234	329.531372070312
1178	5.885	915.288391113281	393.398193359375	99.1305770874023	656.239685058594	180.31901550293	328.164489746094
1179	5.89	903.268249511719	393.198425292969	99.6380844116211	665.545104980469	181.293075561523	326.347320556641
1180	5.895	891.196960449219	393.215667724609	100.34245300293	674.909057617188	182.572967529297	324.120819091797
1181	5.9	879.130493164062	393.087890625	101.088020324707	684.255859375	183.740570068359	321.372619628906
1182	5.905	867.099182128906	393.131896972656	101.978523254395	693.744934082031	185.136993408203	318.127380371094
1183	5.91	855.135437011719	393.267608642578	103.033477783203	703.187194824219	186.45735168457	314.576110839844
1184	5.915	843.247009277344	393.393829345703	104.138130187988	712.68212890625	187.866760253906	310.552062988281
1185	5.92	831.448974609375	393.662719726562	105.54133605957	722.110961914062	189.40283203125	306.151885986328
1186	5.925	819.836853027344	394.036743164062	107.144111633301	731.603637695312	191.05126953125	301.389770507812
1187	5.93	808.461120605469	394.550231933594	109.103614807129	741.248596191406	192.799377441406	296.2158203125
1188	5.935	797.289001464844	395.136383056641	111.294212341309	751.034057617188	194.656188964844	290.697937011719
1189	5.94	786.271545410156	395.702514648438	113.787940979004	761.009582519531	196.513656616211	284.871215820312
1190	5.945	775.591979980469	396.442749023438	116.57593536377	771.216552734375	198.453567504883	278.712310791016
1191	5.95	765.104187011719	397.265380859375	119.626411437988	781.6435546875	200.406661987305	272.251312255859
1192	5.955	754.996459960938	398.256225585938	122.889251708984	792.255737304688	202.298965454102	265.620025634766
1193	5.96	745.126098632812	399.418853759766	126.391990661621	803.319641113281	204.219467163086	258.646026611328
1194	5.965	735.619384765625	400.484771728516	129.983581542969	814.902099609375	206.031997680664	251.460098266602
1195	5.97	726.459350585938	401.758911132812	133.818710327148	826.65087890625	207.89421081543	244.170303344727
1196	5.975	717.654907226562	403.065124511719	137.750076293945	838.824768066406	209.657577514648	236.756439208984
1197	5.98	709.241638183594	404.394744873047	141.860763549805	851.277221679688	211.319381713867	229.265533447266
1198	5.985	701.062194824219	405.770477294922	146.066543579102	864.183471679688	212.838195800781	221.666137695312
1199	5.99	693.330749511719	407.148956298828	150.393020629883	877.342041015625	214.167617797852	214.041885375977
1200	5.995	685.967712402344	408.511047363281	154.803115844727	890.899230957031	215.408828735352	206.369567871094
1201	6.0	678.995544433594	409.895233154297	159.244903564453	904.461730957031	216.463348388672	198.835647583008
1202	6.005	672.24853515625	411.287353515625	163.835113525391	918.404724121094	217.328857421875	191.18766784668
1203	6.01	665.862976074219	412.644256591797	168.449905395508	932.546813964844	217.950958251953	183.597427368164
1204	6.015	659.74560546875	414.019226074219	173.115539550781	946.957763671875	218.538497924805	176.032012939453
1205	6.02	653.968872070312	415.416015625	177.937942504883	961.427856445312	218.941223144531	168.727096557617
1206	6.025	648.384582519531	416.6943359375	182.781097412109	976.162170410156	219.427703857422	161.494995117188
1207	6.03	643.181884765625	418.045166015625	187.715393066406	990.813720703125	219.654022216797	154.451293945312
1208	6.035	638.177795410156	419.389556884766	192.751434326172	1005.51885986328	219.706237792969	147.75846862793
1209	6.04	633.358825683594	420.718231201172	197.803070068359	1020.16931152344	219.570297241211	141.402359008789
1210	6.045	628.716064453125	421.972991943359	202.799362182617	1034.62744140625	219.305572509766	135.455749511719
1211	6.05	624.109924316406	423.208374023438	207.822021484375	1048.78979492188	218.967880249023	129.992691040039
1212	6.055	619.581665039062	424.447418212891	212.74983215332	1062.54272460938	218.36506652832	125.097381591797
1213	6.06	615.062683105469	425.612579345703	217.720901489258	1075.73950195312	217.733627319336	120.741821289062
1214	6.065	610.389892578125	426.648712158203	222.733764648438	1088.07849121094	217.001251220703	116.946426391602
1215	6.07	605.533935546875	427.535217285156	227.936950683594	1099.74462890625	216.217254638672	113.72785949707
1216	6.075	600.787109375	428.441314697266	233.317352294922	1110.18920898438	215.56640625	111.205596923828
1217	6.08	596.170471191406	429.269622802734	238.891403198242	1119.70983886719	215.080215454102	109.012367248535
1218	6.085	591.883239746094	430.058135986328	244.571563720703	1127.9970703125	214.866241455078	107.203605651855
1219	6.09	587.96923828125	430.837219238281	250.297058105469	1134.9404296875	214.939407348633	105.702629089355
1220	6.095	584.601196289062	431.607177734375	255.977676391602	1140.7392578125	215.316299438477	104.185516357422
1221	6.1	581.736145019531	432.329956054688	261.631225585938	1145.123046875	215.785980224609	102.674346923828
1222	6.105	579.466979980469	433.029144287109	267.231109619141	1148.38159179688	216.396499633789	100.737594604492
1223	6.11	577.692932128906	433.746429443359	272.754821777344	1150.38427734375	216.804351806641	98.5663452148438
1224	6.115	576.466186523438	434.283996582031	278.143341064453	1151.28576660156	217.194839477539	96.1182174682617
1225	6.12	575.901306152344	434.913726806641	283.451507568359	1151.20739746094	217.383224487305	93.4818954467773
1226	6.125	575.8681640625	435.419738769531	288.682952880859	1150.12463378906	217.454574584961	91.2322387695312
1227	6.13	576.456665039062	435.938873291016	293.813781738281	1148.16381835938	217.411972045898	89.5886535644531
1228	6.135	577.647827148438	436.288787841797	298.743347167969	1144.56811523438	217.740936279297	87.7129440307617
1229	6.14	579.485473632812	436.587219238281	303.512908935547	1139.1044921875	218.462417602539	85.8454513549805
1230	6.145	581.895568847656	436.578430175781	308.165618896484	1131.21997070312	219.758712768555	84.6650161743164
1231	6.15	585.001037597656	436.734527587891	312.671752929688	1121.44116210938	221.307510375977	84.1355514526367
1232	6.155	588.793212890625	436.66650390625	316.903533935547	1110.00268554688	223.273239135742	84.0044631958008
1233	6.16	593.166442871094	436.60400390625	320.910064697266	1098.14636230469	225.175048828125	84.7227630615234
1234	6.165	598.268005371094	436.493408203125	324.591949462891	1088.29248046875	226.263687133789	86.0270309448242
1235	6.17	604.047058105469	436.399871826172	328.022796630859	1079.64672851562	227.216812133789	87.4207382202148
1236	6.175	610.355346679688	436.203582763672	331.075317382812	1070.69567871094	227.883346557617	88.6551895141602
1237	6.18	617.313598632812	435.974243164062	333.824127197266	1060.46447753906	228.670639038086	89.7599868774414
1238	6.185	624.659912109375	435.717041015625	336.165405273438	1049.42456054688	229.299926757812	90.6869430541992
1239	6.19	632.58544921875	435.431762695312	338.076843261719	1038.38488769531	229.582748413086	91.1153717041016
1240	6.195	640.815612792969	435.199249267578	339.594512939453	1027.39208984375	229.68342590332	91.3656845092773
1241	6.2	649.335388183594	434.95361328125	340.650054931641	1016.0419921875	229.570953369141	91.7768325805664
1242	6.205	658.103271484375	434.799102783203	341.275756835938	1004.43566894531	229.601379394531	92.0393905639648
1243	6.21	667.014709472656	434.689086914062	341.405303955078	992.75830078125	229.741104125977	92.3114624023438
1244	6.215	675.999328613281	434.640197753906	341.104400634766	980.998962402344	229.928512573242	92.4969863891602
1245	6.22	685.160827636719	434.595092773438	340.347717285156	968.945861816406	230.22575378418	92.9499130249023
1246	6.225	694.416320800781	434.582275390625	339.053680419922	956.926940917969	230.456146240234	93.3868865966797
1247	6.23	703.744995117188	434.599731445312	337.403564453125	944.825561523438	230.570724487305	93.7546920776367
1248	6.235	713.134460449219	434.571014404297	335.188537597656	932.729919433594	230.604446411133	94.075798034668
1249	6.24	722.464599609375	434.406463623047	332.447540283203	920.508483886719	230.34684753418	94.4903030395508
1250	6.245	731.970092773438	434.318145751953	329.402770996094	908.28466796875	230.074295043945	95.0554275512695
1251	6.25	741.464965820312	434.203033447266	325.904663085938	896.129211425781	229.722625732422	95.6582870483398
1252	6.255	750.859558105469	433.941009521484	322.059875488281	883.982971191406	229.288131713867	96.4092407226562
1253	6.26	760.337158203125	433.734039306641	317.828796386719	871.937927246094	228.833389282227	97.3136596679688
1254	6.265	769.829711914062	433.427612304688	313.198059082031	859.951782226562	228.298904418945	98.3810958862305
1255	6.27	779.21484375	432.901184082031	308.191345214844	848.002624511719	227.585723876953	99.6989593505859
1256	6.275	788.794616699219	432.51953125	303.0185546875	836.234680175781	226.939315795898	101.212814331055
1257	6.28	798.491394042969	431.966552734375	297.471801757812	824.604248046875	226.108474731445	103.06468963623
1258	6.285	808.234802246094	431.317687988281	291.689178466797	813.020629882812	225.160140991211	105.306793212891
1259	6.29	818.218933105469	430.399383544922	285.441497802734	801.805358886719	224.108505249023	107.777099609375
1260	6.295	828.288696289062	429.494384765625	279.044067382812	790.864990234375	222.886047363281	110.527786254883
1261	6.3	838.59130859375	428.416778564453	272.384429931641	780.170532226562	221.534469604492	113.655555725098
1262	6.305	849.062377929688	427.297607421875	265.467437744141	769.707336425781	220.295989990234	117.138160705566
1263	6.31	859.749206542969	426.088287353516	258.339294433594	759.742736816406	218.741394042969	120.645599365234
1264	6.315	870.672668457031	424.820983886719	251.032333374023	750.628540039062	217.314300537109	123.692909240723
1265	6.32	881.804992675781	423.392883300781	243.433929443359	740.989196777344	215.978927612305	127.787773132324
1266	6.325	893.324462890625	421.977416992188	235.800796508789	732.100219726562	214.418792724609	131.661392211914
1267	6.33	905.019897460938	420.461456298828	228.01594543457	723.410949707031	212.797348022461	135.793029785156
1268	6.335	917.08349609375	418.912322998047	220.215545654297	715.071411132812	211.090103149414	140.043960571289
1269	6.34	929.226440429688	417.323455810547	212.414916992188	707.003784179688	209.603775024414	144.359970092773
1270	6.345	941.822387695312	415.724731445312	204.608337402344	699.31201171875	207.756484985352	148.702285766602
1271	6.35	954.569519042969	413.979309082031	196.929504394531	692.081298828125	205.776657104492	153.127899169922
1272	6.355	967.596313476562	412.274780273438	189.287750244141	684.587585449219	204.24333190918	157.830764770508
1273	6.36	980.756652832031	410.563049316406	181.845108032227	677.74560546875	202.352752685547	162.41813659668
1274	6.365	994.164916992188	408.938079833984	174.603225708008	671.157165527344	200.582489013672	167.040863037109
1275	6.37	1007.51806640625	407.315002441406	167.756820678711	664.803649902344	198.735809326172	171.743103027344
1276	6.375	1020.91790771484	405.441558837891	161.117294311523	658.735717773438	197.004165649414	176.447509765625
1277	6.38	1034.17578125	404.004547119141	155.048385620117	652.899658203125	195.503128051758	181.187683105469
1278	6.385	1047.20361328125	402.322113037109	149.288269042969	647.396728515625	193.925674438477	185.983215332031
1279	6.39	1059.65417480469	400.769317626953	144.032638549805	641.983154296875	192.441513061523	190.735687255859
1280	6.395	1071.51330566406	399.229431152344	139.240814208984	636.859069824219	191.283325195312	195.325881958008
1281	6.4	1082.58422851562	397.600738525391	134.86540222168	631.580078125	189.909606933594	200.093048095703
1282	6.405	1092.8037109375	395.97705078125	130.996932983398	626.283996582031	188.778045654297	204.817657470703
1283	6.41	1102.09399414062	394.243682861328	127.468803405762	620.804565429688	187.601684570312	209.688217163086
1284	6.415	1110.26782226562	392.479522705078	124.549049377441	615.147827148438	186.738906860352	214.710021972656
1285	6.42	1117.50085449219	390.718780517578	121.913063049316	609.34521484375	185.969665527344	219.900024414062
1286	6.425	1123.54675292969	388.844451904297	119.719818115234	603.580261230469	185.304656982422	225.310409545898
1287	6.43	1128.53637695312	386.986053466797	117.63126373291	598.012817382812	184.747756958008	230.869659423828
1288	6.435	1132.48657226562	385.100128173828	115.638801574707	592.733337402344	184.193496704102	236.521759033203
1289	6.44	1135.20153808594	383.320098876953	113.673851013184	587.99951171875	183.770233154297	242.28303527832
1290	6.445	1136.9892578125	381.505889892578	111.54224395752	583.786071777344	183.430358886719	248.082412719727
1291	6.45	1137.75036621094	379.858551025391	109.247695922852	580.194152832031	183.089340209961	253.962783813477
1292	6.455	1137.52770996094	378.385467529297	106.79370880127	577.207153320312	182.703231811523	259.866027832031
1293	6.46	1136.47119140625	377.183868408203	104.075668334961	574.802307128906	182.504943847656	265.849853515625
1294	6.465	1134.60034179688	376.215667724609	101.189292907715	573.214477539062	182.036605834961	271.696533203125
1295	6.47	1131.92797851562	375.452758789062	97.9755249023438	572.315979003906	181.587738037109	277.453979492188
1296	6.475	1128.28173828125	374.8935546875	95.1454391479492	572.15625	181.291488647461	282.963195800781
1297	6.48	1123.47290039062	373.510559082031	93.2984924316406	572.633422851562	180.925720214844	288.352569580078
1298	6.485	1115.87854003906	371.069427490234	91.7383728027344	573.791748046875	180.548492431641	293.524505615234
1299	6.49	1103.01123046875	367.549255371094	90.2048645019531	575.562194824219	180.288787841797	298.444030761719
1300	6.495	1089.32019042969	364.945007324219	89.5689010620117	578.031677246094	180.170196533203	303.118041992188
1301	6.5	1077.169921875	363.426361083984	89.3080368041992	581.816101074219	179.696533203125	307.468292236328
1302	6.505	1066.43151855469	362.253387451172	90.0117492675781	586.053283691406	179.623077392578	311.520050048828
1303	6.51	1056.587890625	361.608489990234	91.1765441894531	591.118103027344	179.464981079102	315.233367919922
1304	6.515	1046.10876464844	360.967529296875	92.5191879272461	596.892822265625	179.516799926758	318.538055419922
1305	6.52	1035.06262207031	360.803497314453	93.963996887207	603.218383789062	179.636184692383	321.405364990234
1306	6.525	1023.41387939453	360.929260253906	95.0923461914062	609.977416992188	180.045364379883	323.848236083984
1307	6.53	1012.05627441406	361.596618652344	95.8532409667969	618.209045410156	179.806884765625	325.708221435547
1308	6.535	1001.08233642578	362.792297363281	96.703125	626.289489746094	179.975173950195	327.086242675781
1309	6.54	989.959289550781	364.002716064453	97.3948745727539	634.824462890625	180.158340454102	327.960174560547
1310	6.545	978.549377441406	364.973541259766	97.7756881713867	643.565246582031	180.345474243164	328.220886230469
1311	6.55	967.029418945312	365.670349121094	98.0561752319336	652.559936523438	180.513137817383	327.976013183594
1312	6.555	955.269958496094	366.018035888672	98.4018402099609	661.804626464844	180.586166381836	327.135559082031
1313	6.56	943.3564453125	366.149597167969	98.8128814697266	671.218322753906	180.718872070312	325.727447509766
1314	6.565	931.423950195312	365.977935791016	99.2616119384766	680.774658203125	180.82453918457	323.795043945312
1315	6.57	919.467163085938	365.798919677734	99.8199310302734	690.421752929688	180.85905456543	321.328277587891
1316	6.575	907.429016113281	365.590057373047	100.458274841309	700.327331542969	181.036560058594	318.23779296875
1317	6.58	895.351867675781	365.375823974609	101.17440032959	710.225524902344	181.152679443359	314.793792724609
1318	6.585	883.343139648438	365.19189453125	101.997177124023	720.167602539062	181.30387878418	310.851989746094
1319	6.59	871.342468261719	365.158660888672	102.875152587891	730.167541503906	181.470474243164	306.474609375
1320	6.595	859.434326171875	365.185516357422	103.890022277832	740.179870605469	181.623321533203	301.666900634766
1321	6.6	847.590881347656	365.329528808594	105.080978393555	750.306091308594	181.975830078125	296.511138916016
1322	6.605	835.904602050781	365.592224121094	106.531051635742	760.558471679688	182.273574829102	290.951751708984
1323	6.61	824.400573730469	365.892181396484	108.188522338867	770.937438964844	182.746307373047	285.123291015625
1324	6.615	813.092468261719	366.220306396484	110.153564453125	781.579345703125	183.13671875	278.928741455078
1325	6.62	801.973388671875	366.682708740234	112.416511535645	792.362548828125	183.732116699219	272.5078125
1326	6.625	791.179443359375	367.149810791016	114.956169128418	803.364624023438	184.376892089844	265.803283691406
1327	6.63	780.54638671875	367.628143310547	117.685241699219	814.671142578125	185.055847167969	258.877960205078
1328	6.635	770.316284179688	368.301422119141	120.772010803223	826.156616210938	185.791198730469	251.749053955078
1329	6.64	760.274658203125	369.030487060547	124.112266540527	838.027587890625	186.510650634766	244.425964355469
1330	6.645	750.545959472656	369.860992431641	127.636726379395	850.251831054688	187.359939575195	236.931274414062
1331	6.65	741.1083984375	370.689575195312	131.428451538086	862.761474609375	188.189590454102	229.351699829102
1332	6.655	731.990539550781	371.695678710938	135.3388671875	875.6005859375	188.96809387207	221.638885498047
1333	6.66	723.287780761719	372.711700439453	139.342514038086	888.689514160156	189.741714477539	213.866592407227
1334	6.665	714.846618652344	373.662506103516	143.468765258789	902.20166015625	190.433853149414	206.103439331055
1335	6.67	706.785400390625	374.792663574219	147.707153320312	915.95458984375	191.021759033203	198.242889404297
1336	6.675	699.089538574219	375.986511230469	152.060775756836	929.995788574219	191.619094848633	190.488403320312
1337	6.68	691.697631835938	377.178985595703	156.502365112305	944.430603027344	191.922882080078	182.747100830078
1338	6.685	684.625305175781	378.486175537109	161.04118347168	959.15087890625	192.19743347168	175.019424438477
1339	6.69	677.879943847656	379.734039306641	165.650299072266	974.148986816406	192.214767456055	167.494934082031
1340	6.695	671.494384765625	381.040008544922	170.344589233398	989.373229980469	192.027801513672	160.062347412109
1341	6.7	665.350463867188	382.339172363281	175.169525146484	1004.77008056641	191.684036254883	152.855194091797
1342	6.705	659.644226074219	383.645050048828	180.153945922852	1020.18975830078	191.087173461914	145.998764038086
1343	6.71	654.242553710938	384.938262939453	185.250885009766	1035.73498535156	190.32243347168	139.445999145508
1344	6.715	649.099731445312	386.310821533203	190.458129882812	1051.23388671875	189.377593994141	133.462905883789
1345	6.72	644.210144042969	387.591522216797	195.621292114258	1066.4140625	188.100341796875	127.838745117188
1346	6.725	639.500549316406	388.921630859375	200.714691162109	1081.34582519531	186.856002807617	122.98176574707
1347	6.73	634.811157226562	390.204193115234	205.812789916992	1095.5771484375	185.539474487305	118.655662536621
1348	6.735	630.246154785156	391.501861572266	210.883270263672	1109.15551757812	184.239959716797	115.023872375488
1349	6.74	625.752990722656	392.694641113281	216.001495361328	1121.87097167969	182.935119628906	111.957168579102
1350	6.745	620.983215332031	393.882385253906	221.282104492188	1133.48266601562	181.717498779297	109.583297729492
1351	6.75	616.133972167969	394.948394775391	226.870712280273	1143.83251953125	180.73127746582	107.656509399414
1352	6.755	611.546997070312	395.881683349609	232.573593139648	1152.80920410156	180.008422851562	106.12077331543
1353	6.76	607.316955566406	396.808532714844	238.532806396484	1160.41479492188	179.605178833008	104.800575256348
1354	6.765	603.566040039062	397.565368652344	244.560333251953	1166.55310058594	179.591995239258	103.660995483398
1355	6.77	600.428466796875	398.292083740234	250.661422729492	1171.31298828125	179.740112304688	102.436904907227
1356	6.775	597.828002929688	398.945373535156	256.818725585938	1174.74133300781	179.930541992188	100.919494628906
1357	6.78	595.868896484375	399.637084960938	262.866729736328	1176.92993164062	180.17546081543	99.0787048339844
1358	6.785	594.449829101562	400.204528808594	268.895355224609	1177.99841308594	180.194351196289	96.912353515625
1359	6.79	593.66748046875	400.658508300781	274.742126464844	1177.93688964844	180.16667175293	94.5493240356445
1360	6.795	593.46044921875	401.158111572266	280.586364746094	1176.8369140625	179.91047668457	92.3740844726562
1361	6.8	593.813598632812	401.539123535156	286.303588867188	1174.76892089844	179.519577026367	90.8220291137695
1362	6.805	594.741516113281	401.835479736328	291.886016845703	1171.46252441406	179.308578491211	89.1739807128906
1363	6.81	596.316223144531	401.988189697266	297.276062011719	1166.5380859375	179.291610717773	87.2914581298828
1364	6.815	598.470153808594	401.875	302.511260986328	1159.37744140625	179.46662902832	85.6764221191406
1365	6.82	601.219177246094	401.769775390625	307.561004638672	1150.61022949219	179.814010620117	84.6015472412109
1366	6.825	604.711547851562	401.610137939453	312.437286376953	1140.75256347656	180.534530639648	83.9384841918945
1367	6.83	608.822082519531	401.299224853516	317.019378662109	1129.45837402344	182.026901245117	83.9988708496094
1368	6.835	613.57568359375	400.852020263672	321.241027832031	1117.83935546875	183.321014404297	85.0825119018555
1369	6.84	618.983093261719	400.441619873047	325.280944824219	1108.25476074219	184.417541503906	86.452392578125
1370	6.845	624.943664550781	400.017486572266	328.929748535156	1099.47583007812	185.2666015625	87.7555999755859
1371	6.85	631.558288574219	399.48876953125	332.306182861328	1090.26281738281	185.911773681641	88.7984008789062
1372	6.855	638.608764648438	398.973510742188	335.253082275391	1079.82836914062	186.665512084961	89.7127151489258
1373	6.86	646.078308105469	398.404663085938	337.799285888672	1068.69030761719	187.395446777344	90.4668502807617
1374	6.865	654.024047851562	397.880310058594	339.893646240234	1057.55895996094	187.744781494141	90.847412109375
1375	6.87	662.252319335938	397.417419433594	341.566925048828	1046.4541015625	187.551071166992	91.0943374633789
1376	6.875	670.748474121094	397.105316162109	342.781066894531	1035.01232910156	187.491577148438	91.2230377197266
1377	6.88	679.421691894531	396.768188476562	343.415832519531	1023.2109375	187.479156494141	91.4711761474609
1378	6.885	688.234008789062	396.546569824219	343.654113769531	1011.38989257812	187.482788085938	91.574951171875
1379	6.89	697.15185546875	396.409729003906	343.362609863281	999.55517578125	187.545349121094	91.8368530273438
1380	6.895	706.176025390625	396.321563720703	342.622589111328	987.518981933594	187.639358520508	92.1316223144531
1381	6.9	715.301025390625	396.222747802734	341.339813232422	975.45458984375	187.811096191406	92.5809097290039
1382	6.905	724.508605957031	396.210815429688	339.556030273438	963.557556152344	188.023880004883	92.7446594238281
1383	6.91	733.720092773438	396.138397216797	337.382629394531	951.484375	188.008392333984	93.1237869262695
1384	6.915	743.023193359375	396.101043701172	334.709991455078	939.285949707031	187.894393920898	93.4867553710938
1385	6.92	752.285705566406	396.033050537109	331.636993408203	927.123046875	187.747299194336	94.0163650512695
1386	6.925	761.460693359375	395.864807128906	328.193359375	914.9482421875	187.445541381836	94.6344528198242
1387	6.93	770.695983886719	395.649505615234	324.267028808594	902.839477539062	187.178863525391	95.3658065795898
1388	6.935	779.886352539062	395.424346923828	319.959533691406	890.808166503906	186.895660400391	96.2452392578125
1389	6.94	789.048278808594	395.101043701172	315.342803955078	878.876037597656	186.476455688477	97.2980117797852
1390	6.945	798.179992675781	394.689483642578	310.381103515625	866.931335449219	186.003860473633	98.5181045532227
1391	6.95	807.367309570312	394.227661132812	305.088134765625	855.144348144531	185.451782226562	99.9671249389648
1392	6.955	816.61572265625	393.751739501953	299.526885986328	843.442687988281	184.832855224609	101.706581115723
1393	6.96	825.927673339844	393.128936767578	293.644012451172	831.815002441406	183.940032958984	103.848793029785
1394	6.965	835.382080078125	392.317626953125	287.361297607422	820.532043457031	183.085723876953	106.10954284668
1395	6.97	844.9697265625	391.438446044922	280.900695800781	809.406127929688	182.105178833008	108.731941223145
1396	6.975	854.831726074219	390.369842529297	274.068939208984	798.647888183594	181.003204345703	111.642951965332
1397	6.98	864.801452636719	389.32177734375	267.131530761719	788.156982421875	179.832336425781	115.004936218262
1398	6.985	875.069702148438	388.16845703125	259.888519287109	777.9921875	178.621734619141	118.498344421387
1399	6.99	885.570739746094	387.027069091797	252.550155639648	768.55078125	177.669403076172	121.677169799805
1400	6.995	896.39453125	385.571472167969	244.861434936523	759.13525390625	176.422027587891	125.666320800781
1401	7.0	907.490905761719	384.352294921875	237.181518554688	750.125854492188	175.170623779297	129.730545043945
1402	7.005	919.077270507812	383.076324462891	229.365875244141	741.455505371094	174.099731445312	133.929870605469
1403	7.01	930.818115234375	381.864471435547	221.492645263672	733.136413574219	172.779296875	138.346954345703
1404	7.015	942.998291015625	380.658386230469	213.564971923828	725.2099609375	171.527694702148	142.81071472168
1405	7.02	955.373291015625	379.474456787109	205.720031738281	717.590270996094	170.176193237305	147.303939819336
1406	7.025	967.897827148438	378.399505615234	197.956726074219	710.25537109375	168.837799072266	151.951065063477
1407	7.03	980.8271484375	377.410339355469	190.292770385742	703.23828125	167.488235473633	156.606460571289
1408	7.035	993.902526855469	376.393585205078	182.756011962891	696.563049316406	166.098617553711	161.394790649414
1409	7.04	1007.03088378906	375.451080322266	175.466857910156	690.166198730469	164.721374511719	166.126571655273
1410	7.045	1020.2880859375	374.562194824219	168.352203369141	684.201965332031	163.229736328125	170.877304077148
1411	7.05	1033.41027832031	373.724243164062	161.56916809082	678.389099121094	161.841720581055	175.694931030273
1412	7.055	1046.61755371094	373.01416015625	155.132141113281	672.395385742188	161.049438476562	180.654327392578
1413	7.06	1059.6298828125	372.159606933594	148.974380493164	667.012390136719	159.933883666992	185.42268371582
1414	7.065	1072.50329589844	371.507781982422	143.229049682617	661.818176269531	158.971649169922	190.169387817383
1415	7.07	1084.94787597656	370.760711669922	138.011703491211	656.826599121094	158.071624755859	194.870971679688
1416	7.075	1096.92651367188	370.039306640625	133.280685424805	652.007507324219	157.231384277344	199.550186157227
1417	7.08	1108.16857910156	369.302734375	129.048797607422	647.28857421875	156.578918457031	204.063583374023
1418	7.085	1118.39367675781	368.531829833984	125.353706359863	642.647094726562	155.704895019531	208.675048828125
1419	7.09	1127.55224609375	367.642852783203	122.064765930176	637.578796386719	155.241180419922	213.34765625
1420	7.095	1135.61682128906	366.637512207031	119.252326965332	632.7177734375	154.668197631836	218.031051635742
1421	7.1	1142.41333007812	365.631408691406	116.970222473145	627.748413085938	154.334045410156	222.919540405273
1422	7.105	1148.20141601562	364.448638916016	114.964706420898	622.76953125	153.987258911133	228.01203918457
1423	7.11	1152.78723144531	363.1044921875	113.138275146484	618.071838378906	153.74104309082	233.176208496094
1424	7.115	1156.12438964844	361.754333496094	111.37654876709	613.662292480469	153.462677001953	238.456192016602
1425	7.12	1158.23059082031	360.338684082031	109.502746582031	609.714965820312	153.163391113281	243.811859130859
1426	7.125	1159.21337890625	358.980895996094	107.476058959961	606.361389160156	152.905395507812	249.120864868164
1427	7.13	1159.0615234375	357.8232421875	105.218826293945	603.587219238281	152.627380371094	254.446548461914
1428	7.135	1157.97253417969	356.897857666016	102.838737487793	601.41015625	152.374862670898	259.724578857422
1429	7.14	1155.93566894531	356.144927978516	100.239845275879	599.76220703125	152.074752807617	264.888122558594
1430	7.145	1152.94799804688	355.644195556641	97.5946731567383	598.747924804688	151.77001953125	269.869537353516
1431	7.15	1149.34008789062	355.532348632812	94.9757919311523	598.291259765625	151.364715576172	274.847564697266
1432	7.155	1144.44287109375	355.124908447266	93.4839630126953	598.38427734375	151.067901611328	279.593109130859
1433	7.16	1137.943359375	353.676330566406	91.8212432861328	599.233215332031	150.808853149414	284.068267822266
1434	7.165	1127.67614746094	351.016418457031	90.1144104003906	600.595703125	150.426223754883	288.375823974609
1435	7.17	1113.71850585938	347.72412109375	89.0600738525391	602.689575195312	150.217147827148	292.402008056641
1436	7.175	1101.21472167969	345.723785400391	88.8166427612305	605.453735351562	149.995498657227	296.203887939453
1437	7.18	1090.09802246094	344.41552734375	89.1948623657227	609.016357421875	149.938903808594	299.743530273438
1438	7.185	1080.16796875	343.648620605469	90.3560943603516	613.350280761719	149.95133972168	302.977203369141
1439	7.19	1070.33935546875	343.154052734375	91.4868316650391	618.378112792969	149.87678527832	305.972625732422
1440	7.195	1059.46716308594	342.594818115234	92.9085311889648	624.104797363281	150.102325439453	308.524688720703
1441	7.2	1048.2119140625	342.377105712891	94.3252487182617	630.5068359375	150.259246826172	310.698181152344
1442	7.205	1036.90563964844	342.292877197266	95.2928695678711	637.429748535156	150.780487060547	312.401031494141
1443	7.21	1025.99401855469	342.829620361328	96.1212158203125	644.731689453125	151.494506835938	313.579071044922
1444	7.215	1015.021484375	343.596862792969	97.054313659668	652.460327148438	151.908584594727	314.299194335938
1445	7.22	1003.76300048828	344.441741943359	97.664794921875	660.485290527344	152.336898803711	314.453887939453
1446	7.225	992.349365234375	345.069458007812	98.0378875732422	668.7919921875	152.621978759766	314.127960205078
1447	7.23	980.868041992188	345.548461914062	98.4076309204102	677.281127929688	153.288665771484	313.164031982422
1448	7.235	969.172973632812	345.827514648438	98.8717041015625	685.934509277344	153.699645996094	311.691040039062
1449	7.24	957.456848144531	345.752410888672	99.2682037353516	694.816711425781	154.076400756836	309.687744140625
1450	7.245	945.478820800781	346.096923828125	100.172752380371	703.918212890625	154.427474975586	307.223785400391
1451	7.25	933.693237304688	346.088195800781	100.901206970215	713.17333984375	154.734558105469	304.211120605469
1452	7.255	921.920349121094	346.184143066406	101.78099822998	722.554626464844	155.084259033203	300.789276123047
1453	7.26	910.160339355469	346.272247314453	102.747093200684	732.036254882812	155.504760742188	296.875030517578
1454	7.265	898.370239257812	346.470977783203	103.891120910645	741.57666015625	155.924087524414	292.468566894531
1455	7.27	886.698120117188	346.697784423828	105.096702575684	751.376831054688	156.280746459961	287.708709716797
1456	7.275	875.122375488281	346.892547607422	106.384017944336	761.066711425781	156.684936523438	282.529022216797
1457	7.28	863.603881835938	347.311462402344	107.98600769043	770.915893554688	157.154312133789	276.954711914062
1458	7.285	852.239868164062	347.629241943359	109.709701538086	780.871154785156	157.720916748047	271.127746582031
1459	7.29	841.019653320312	348.110290527344	111.664268493652	791.025085449219	158.259216308594	264.923034667969
1460	7.295	830.052429199219	348.514953613281	113.762702941895	801.362548828125	158.871719360352	258.507995605469
1461	7.3	819.218383789062	349.103576660156	116.221618652344	812.056274414062	159.570739746094	251.806793212891
1462	7.305	808.646179199219	349.680755615234	118.768074035645	822.897033691406	160.259796142578	244.888702392578
1463	7.31	798.271545410156	350.326629638672	121.633224487305	834.094787597656	161.054229736328	237.831451416016
1464	7.315	788.177124023438	350.971435546875	124.653358459473	845.483337402344	161.656661987305	230.578201293945
1465	7.32	778.319519042969	351.735321044922	127.825813293457	856.941589355469	162.28141784668	223.307800292969
1466	7.325	768.688903808594	352.536865234375	131.232650756836	869.329284667969	163.275054931641	215.761047363281
1467	7.33	759.422729492188	353.318054199219	134.732925415039	881.658569335938	164.159576416016	208.288757324219
1468	7.335	750.408142089844	354.191833496094	138.488159179688	894.486450195312	165.026321411133	200.701446533203
1469	7.34	741.849182128906	355.113861083984	142.24674987793	907.624267578125	165.791351318359	193.129196166992
1470	7.345	733.557922363281	355.971984863281	146.214614868164	921.079223632812	166.569625854492	185.60791015625
1471	7.35	725.609558105469	356.928894042969	150.243072509766	934.836059570312	167.224029541016	178.169906616211
1472	7.355	717.98974609375	357.939849853516	154.379440307617	949.002136230469	167.957427978516	170.789642333984
1473	7.36	710.663635253906	358.966522216797	158.581573486328	963.410705566406	168.474075317383	163.678604125977
1474	7.365	703.644714355469	360.052215576172	162.852279663086	977.950988769531	168.89453125	156.884552001953
1475	7.37	696.979370117188	361.135345458984	167.177215576172	992.705810546875	169.228240966797	150.252548217773
1476	7.375	690.63916015625	362.379119873047	171.523620605469	1007.63812255859	169.42741394043	144.046569824219
1477	7.38	684.539184570312	363.584655761719	175.944641113281	1022.62451171875	169.484619140625	138.169799804688
1478	7.385	678.81640625	364.910491943359	180.377151489258	1037.58459472656	169.447723388672	132.684326171875
1479	7.39	673.380126953125	366.224884033203	184.83235168457	1052.275390625	169.194107055664	127.869155883789
1480	7.395	668.214172363281	367.602996826172	189.276016235352	1066.84924316406	168.922576904297	123.388221740723
1481	7.4	663.276794433594	368.963592529297	193.724700927734	1081.10363769531	168.495742797852	119.363906860352
1482	7.405	658.683044433594	370.394348144531	198.169952392578	1094.85229492188	168.108047485352	115.86254119873
1483	7.41	654.295043945312	371.798858642578	202.537567138672	1107.91040039062	167.648895263672	112.842277526855
1484	7.415	650.036010742188	373.257385253906	206.777770996094	1120.12512207031	167.159454345703	110.444305419922
1485	7.42	645.995300292969	374.676391601562	210.994964599609	1131.56469726562	166.687301635742	108.436141967773
1486	7.425	642.032775878906	376.28662109375	215.156158447266	1141.80078125	166.474075317383	106.929397583008
1487	7.43	638.355224609375	377.612609863281	219.006317138672	1150.93493652344	166.332611083984	105.666389465332
1488	7.435	634.875427246094	379.180938720703	223.101577758789	1158.64196777344	166.457107543945	104.841361999512
1489	7.44	631.259521484375	380.647430419922	227.34765625	1165.28784179688	166.693359375	103.90584564209
1490	7.445	627.977966308594	381.973663330078	231.707290649414	1170.6796875	166.918045043945	102.907348632812
1491	7.45	624.946166992188	383.359375	236.286483764648	1174.77685546875	167.146453857422	101.754852294922
1492	7.455	622.234252929688	384.541442871094	240.961013793945	1177.63232421875	167.347930908203	100.280494689941
1493	7.46	620.024047851562	385.796447753906	245.647033691406	1179.2373046875	167.367935180664	98.5891418457031
1494	7.465	618.256103515625	386.812622070312	250.403839111328	1179.68359375	167.398101806641	96.6253204345703
1495	7.47	617.087463378906	387.887451171875	255.047698974609	1179.04833984375	167.272247314453	94.4612503051758
1496	7.475	616.371154785156	388.801300048828	259.703887939453	1177.43493652344	167.174163818359	92.307991027832
1497	7.48	616.174743652344	389.678436279297	264.268798828125	1174.75939941406	166.951187133789	90.568244934082
1498	7.485	616.456665039062	390.514251708984	268.723541259766	1170.720703125	166.901351928711	88.9715118408203
1499	7.49	617.310791015625	391.259765625	273.091644287109	1165.07592773438	167.133972167969	87.0299911499023
1500	7.495	618.653991699219	391.896820068359	277.302459716797	1157.56848144531	167.584655761719	85.3928833007812
1501	7.5	620.587219238281	392.482879638672	281.388946533203	1149.06555175781	168.412979125977	84.0176239013672
1502	7.505	623.12353515625	392.932861328125	285.357727050781	1139.79187011719	169.186096191406	83.192138671875
1503	7.51	626.345947265625	393.210845947266	289.128814697266	1128.94372558594	170.395355224609	82.9926605224609
1504	7.515	630.178649902344	393.456817626953	292.716888427734	1117.32849121094	172.005554199219	83.4292984008789
1505	7.52	634.828796386719	393.563110351562	296.081329345703	1106.8681640625	173.099075317383	84.821403503418
1506	7.525	639.978820800781	393.438446044922	299.190948486328	1097.79187011719	174.014068603516	86.1359329223633
1507	7.53	645.815185546875	393.459808349609	302.077209472656	1088.87048339844	174.923522949219	87.0419464111328
1508	7.535	652.169128417969	393.268707275391	304.688537597656	1079.0048828125	175.80046081543	87.8456878662109
1509	7.54	658.946105957031	393.075775146484	306.975921630859	1067.94580078125	176.757019042969	88.7519073486328
1510	7.545	666.031555175781	392.776336669922	309.002899169922	1056.68408203125	177.425430297852	89.3037261962891
1511	7.55	673.519348144531	392.369415283203	310.524932861328	1045.56237792969	177.769546508789	89.502685546875
1512	7.555	681.178100585938	392.124084472656	311.834625244141	1034.12902832031	177.932846069336	89.5128860473633
1513	7.56	689.111450195312	391.838592529297	312.708282470703	1022.19946289062	178.040756225586	89.8619079589844
1514	7.565	697.223205566406	391.601135253906	313.175598144531	1010.32604980469	178.130157470703	90.0003128051758
1515	7.57	705.48291015625	391.549468994141	313.259429931641	998.418701171875	178.3720703125	90.2114486694336
1516	7.575	713.869506835938	391.480285644531	312.84716796875	986.445373535156	178.580917358398	90.5033950805664
1517	7.58	722.338806152344	391.400268554688	311.855712890625	974.629028320312	178.932159423828	90.8090515136719
1518	7.585	730.989440917969	391.492431640625	310.579010009766	962.663391113281	179.104232788086	91.1881637573242
1519	7.59	739.745056152344	391.581237792969	308.785095214844	950.571472167969	178.918884277344	91.6272659301758
1520	7.595	748.580688476562	391.742889404297	306.532653808594	938.530029296875	178.876678466797	92.1896057128906
1521	7.6	757.590454101562	391.853302001953	303.889221191406	926.501892089844	178.648300170898	92.7208938598633
1522	7.605	766.49853515625	392.013244628906	300.850677490234	914.429443359375	178.405822753906	93.4389801025391
1523	7.61	775.472106933594	392.108947753906	297.345062255859	902.421691894531	178.069274902344	94.2429275512695
1524	7.615	784.559265136719	392.225128173828	293.489410400391	890.535522460938	177.666397094727	95.1499099731445
1525	7.62	793.659912109375	392.27490234375	289.272399902344	878.681762695312	177.235534667969	96.2003402709961
1526	7.625	802.804870605469	392.257781982422	284.678009033203	866.806457519531	176.722869873047	97.5081024169922
1527	7.63	812.052673339844	392.052124023438	279.636077880859	855.130737304688	176.215057373047	98.8613052368164
1528	7.635	821.424865722656	391.869384765625	274.410858154297	843.408386230469	175.533645629883	100.709693908691
1529	7.64	830.886352539062	391.619506835938	268.928558349609	831.998107910156	174.884628295898	102.739822387695
1530	7.645	840.479675292969	391.248382568359	263.119842529297	820.822082519531	174.025650024414	105.050727844238
1531	7.65	849.937622070312	390.928497314453	257.117156982422	809.757690429688	173.087799072266	107.731857299805
1532	7.655	860.081115722656	390.309936523438	250.906036376953	799.127014160156	172.247406005859	110.598182678223
1533	7.66	870.186889648438	389.772888183594	244.516220092773	788.737670898438	171.292419433594	113.889381408691
1534	7.665	880.576049804688	389.126281738281	237.947647094727	778.650146484375	170.289901733398	117.327178955078
1535	7.67	891.244079589844	388.402191162109	231.188125610352	768.807434082031	169.346740722656	121.059204101562
1536	7.675	902.294616699219	387.4091796875	224.170440673828	759.38037109375	168.373184204102	125.026290893555
1537	7.68	913.425598144531	386.690856933594	217.148010253906	750.316833496094	167.390121459961	129.095565795898
1538	7.685	924.9599609375	385.834869384766	209.971557617188	741.626220703125	166.385467529297	133.315078735352
1539	7.69	936.760131835938	384.975616455078	202.833679199219	733.247314453125	165.291763305664	137.677947998047
1540	7.695	948.758728027344	384.222412109375	195.674667358398	725.146667480469	164.160690307617	142.138473510742
1541	7.7	960.891296386719	383.426300048828	188.626312255859	717.410522460938	163.005752563477	146.705978393555
1542	7.705	973.391540527344	382.626373291016	181.589019775391	709.982971191406	161.883270263672	151.283569335938
1543	7.71	986.079833984375	381.820404052734	174.737396240234	702.802490234375	160.687133789062	155.982192993164
1544	7.715	998.88916015625	381.057556152344	168.124282836914	696.038269042969	159.566589355469	160.707733154297
1545	7.72	1011.64929199219	380.314483642578	161.879348754883	689.430786132812	158.34895324707	165.523620605469
1546	7.725	1024.4521484375	379.465270996094	156.035842895508	683.291198730469	157.177093505859	170.27424621582
1547	7.73	1037.13220214844	378.606079101562	150.428634643555	677.20361328125	156.085159301758	175.064819335938
1548	7.735	1049.7041015625	377.744445800781	145.219436645508	671.505981445312	155.081787109375	179.945770263672
1549	7.74	1061.86889648438	376.879669189453	140.406326293945	666.074584960938	154.189010620117	184.776901245117
1550	7.745	1073.63012695312	376.035949707031	135.878158569336	660.783996582031	153.444534301758	189.569595336914
1551	7.75	1084.80444335938	375.22314453125	131.793502807617	655.786682128906	153.036483764648	194.140472412109
1552	7.755	1095.24291992188	374.430267333984	128.180770874023	650.721435546875	152.458435058594	198.843002319336
1553	7.76	1104.77612304688	373.698913574219	124.931091308594	645.71337890625	151.940322875977	203.479080200195
1554	7.765	1113.32421875	372.83984375	122.123710632324	640.700866699219	151.415573120117	208.097122192383
1555	7.77	1120.93701171875	372.019714355469	119.752754211426	635.893920898438	150.666137695312	212.820587158203
1556	7.775	1127.32629394531	371.077850341797	117.740058898926	630.132385253906	150.71745300293	217.806259155273
1557	7.78	1132.63098144531	370.092742919922	116.031097412109	624.713256835938	150.543762207031	222.948989868164
1558	7.785	1136.83728027344	369.072387695312	114.377349853516	619.219543457031	150.573425292969	228.255523681641
1559	7.79	1139.79553222656	367.918579101562	112.915969848633	613.923645019531	150.659622192383	233.677963256836
1560	7.795	1141.68115234375	366.854156494141	111.266761779785	609.067504882812	150.767532348633	239.352172851562
1561	7.8	1142.55126953125	365.772766113281	109.560760498047	604.685363769531	151.067840576172	245.045913696289
1562	7.805	1142.43725585938	364.942504882812	107.722633361816	600.850463867188	151.414840698242	250.872299194336
1563	7.81	1141.40502929688	364.11083984375	105.71337890625	597.683044433594	151.681274414062	256.745391845703
1564	7.815	1139.60815429688	363.663787841797	103.5546875	595.216186523438	151.993804931641	262.608551025391
1565	7.82	1137.02795410156	363.308380126953	101.126113891602	593.428649902344	152.22868347168	268.446746826172
1566	7.825	1133.74755859375	363.239288330078	98.4163208007812	592.402526855469	152.206329345703	274.084320068359
1567	7.83	1129.51672363281	363.157562255859	96.0102996826172	592.16796875	152.112289428711	279.507781982422
1568	7.835	1124.08142089844	362.419006347656	94.3271408081055	592.679138183594	151.993499755859	284.484252929688
1569	7.84	1115.46801757812	360.428985595703	92.3295440673828	594.003540039062	151.703643798828	289.294311523438
1570	7.845	1102.30737304688	357.619354248047	90.8897933959961	595.890930175781	151.355422973633	293.684356689453
1571	7.85	1088.61669921875	355.265594482422	90.1011734008789	598.48291015625	151.11279296875	297.681915283203
1572	7.855	1076.52746582031	353.773284912109	89.7424468994141	601.814819335938	150.834655761719	301.390014648438
1573	7.86	1065.75036621094	352.498687744141	90.0804977416992	605.830383300781	150.666763305664	304.696197509766
1574	7.865	1055.76965332031	351.658355712891	90.8834762573242	610.587951660156	150.617813110352	307.665893554688
1575	7.87	1045.08032226562	350.865905761719	91.8861465454102	616.070434570312	150.553207397461	310.268951416016
1576	7.875	1033.802734375	350.248352050781	93.1179122924805	622.15625	150.703384399414	312.462280273438
1577	7.88	1022.21984863281	349.994567871094	94.0697784423828	628.84228515625	150.927444458008	314.235931396484
1578	7.885	1010.96588134766	350.227783203125	94.67333984375	636.177673339844	151.263488769531	315.571899414062
1579	7.89	999.894775390625	350.801605224609	95.3606872558594	643.802551269531	151.755676269531	316.483032226562
1580	7.895	988.593200683594	351.577575683594	96.0121383666992	651.853332519531	152.228759765625	316.812133789062
1581	7.9	977.181274414062	352.28662109375	96.5217514038086	660.259216308594	152.685913085938	316.634063720703
1582	7.905	965.66650390625	352.831481933594	96.8387603759766	668.921875	153.12629699707	315.907592773438
1583	7.91	953.971557617188	353.208618164062	97.2835235595703	677.818237304688	153.584747314453	314.691040039062
1584	7.915	942.106506347656	353.595458984375	97.8834457397461	686.836853027344	153.89909362793	312.907073974609
1585	7.92	930.289855957031	353.690399169922	98.5234146118164	696.136901855469	154.351318359375	310.620666503906
1586	7.925	918.327209472656	353.807891845703	99.2118911743164	705.604370117188	154.733612060547	307.860992431641
1587	7.93	906.41943359375	353.858215332031	100.155448913574	715.098999023438	155.203125	304.602203369141
1588	7.935	894.516906738281	353.911773681641	101.149299621582	724.785095214844	155.641876220703	300.906982421875
1589	7.94	882.698608398438	353.974578857422	102.351768493652	734.616760253906	156.170288085938	296.748901367188
1590	7.945	870.940734863281	354.052581787109	103.64697265625	744.46923828125	156.736236572266	292.257843017578
1591	7.95	859.294738769531	354.268096923828	105.199645996094	754.498718261719	157.377380371094	287.391357421875
1592	7.955	847.835632324219	354.523468017578	106.956924438477	764.716247558594	158.007919311523	282.21533203125
1593	7.96	836.588989257812	354.861450195312	108.948799133301	774.961975097656	158.765930175781	276.667633056641
1594	7.965	825.633850097656	355.274017333984	111.196495056152	785.394958496094	159.679275512695	270.918518066406
1595	7.97	814.827331542969	355.820068359375	113.817192077637	795.947937011719	160.630294799805	264.832702636719
1596	7.975	804.425720214844	356.368194580078	116.655685424805	806.851989746094	161.755279541016	258.494903564453
1597	7.98	794.241943359375	357.113464355469	119.736915588379	817.801513671875	162.77018737793	251.949035644531
1598	7.985	784.407470703125	357.964233398438	123.077423095703	829.115478515625	163.948181152344	245.202728271484
1599	7.99	774.895568847656	358.936889648438	126.655334472656	840.568054199219	165.085556030273	238.313720703125
1600	7.995	765.700988769531	359.957611083984	130.329742431641	852.213928222656	166.263336181641	231.252838134766
1601	8.0	756.868408203125	361.063354492188	134.163009643555	864.483581542969	167.849731445312	224.014602661133
1602	8.005	748.397155761719	362.263702392578	138.22102355957	876.668640136719	169.321548461914	216.875122070312
1603	8.01	740.290588378906	363.400695800781	142.258544921875	889.258666992188	170.833633422852	209.535675048828
1604	8.015	732.454650878906	364.653167724609	146.410903930664	902.297729492188	172.326156616211	202.125
1605	8.02	725.038330078125	365.845611572266	150.617874145508	915.603515625	174.024444580078	194.606491088867
1606	8.025	717.888916015625	367.102111816406	154.873519897461	929.076599121094	175.512588500977	187.331146240234
1607	8.03	711.040405273438	368.289489746094	159.140090942383	942.800415039062	177.20002746582	180.023162841797
1608	8.035	704.513916015625	369.493530273438	163.480987548828	956.606384277344	178.630401611328	172.993347167969
1609	8.04	698.280456542969	370.682098388672	167.786041259766	970.604736328125	180.061614990234	166.229278564453
1610	8.045	692.276550292969	371.864349365234	172.174407958984	984.739013671875	181.416168212891	159.5634765625
1611	8.05	686.552917480469	373.035003662109	176.540405273438	998.930053710938	182.643981933594	153.314376831055
1612	8.055	681.076293945312	374.235473632812	180.929977416992	1013.154296875	183.819580078125	147.198944091797
1613	8.06	675.81982421875	375.390350341797	185.303497314453	1027.39770507812	184.869155883789	141.440475463867
1614	8.065	670.749938964844	376.539367675781	189.694458007812	1041.49743652344	185.763320922852	136.092956542969
1615	8.07	666.028503417969	377.663726806641	194.0224609375	1055.49560546875	186.538650512695	131.094421386719
1616	8.075	661.443054199219	378.766418457031	198.290374755859	1069.05419921875	187.134902954102	126.527000427246
1617	8.08	657.11865234375	379.885528564453	202.482879638672	1081.93139648438	187.550476074219	122.594337463379
1618	8.085	652.981994628906	380.944396972656	206.545989990234	1094.4248046875	187.958435058594	118.84415435791
1619	8.09	648.945434570312	381.948852539062	210.488311767578	1106.24975585938	188.195343017578	115.564956665039
1620	8.095	644.99462890625	383.035278320312	214.343734741211	1117.14819335938	188.414886474609	112.829772949219
1621	8.1	641.161560058594	384.140380859375	218.184768676758	1127.20983886719	188.685699462891	110.576972961426
1622	8.105	637.3193359375	385.168243408203	222.082504272461	1136.30639648438	189.074951171875	108.610343933105
1623	8.11	633.394287109375	386.121276855469	226.196044921875	1144.09057617188	189.64241027832	107.13045501709
1624	8.115	629.595947265625	386.99658203125	230.587265014648	1150.7626953125	190.435562133789	105.698081970215
1625	8.12	626.064575195312	387.772613525391	235.000305175781	1156.291015625	191.309768676758	104.172386169434
1626	8.125	622.916076660156	388.484008789062	239.642013549805	1160.44885253906	192.201904296875	102.609382629395
1627	8.13	620.137023925781	389.170593261719	244.288131713867	1163.54040527344	193.121032714844	100.623756408691
1628	8.135	617.839477539062	389.798370361328	248.924758911133	1165.44299316406	193.799667358398	98.4256973266602
1629	8.14	616.150085449219	390.433837890625	253.552062988281	1166.23449707031	194.452972412109	96.0297927856445
1630	8.145	614.878479003906	391.002807617188	258.121307373047	1166.00720214844	194.958709716797	93.4053726196289
1631	8.15	614.12744140625	391.630706787109	262.630889892578	1164.708984375	195.201370239258	90.950325012207
1632	8.155	613.841674804688	392.188659667969	267.044128417969	1162.48132324219	195.426666259766	89.0621948242188
1633	8.16	614.091674804688	392.764892578125	271.304748535156	1158.75537109375	195.881072998047	87.1500244140625
1634	8.165	614.897583007812	393.349304199219	275.488037109375	1153.31640625	196.700042724609	85.1520004272461
1635	8.17	616.303344726562	393.888122558594	279.417694091797	1145.92700195312	197.905517578125	83.6186981201172
1636	8.175	618.228149414062	394.336242675781	283.252136230469	1137.1083984375	199.174865722656	82.7825164794922
1637	8.18	620.887573242188	394.562805175781	286.938720703125	1126.77563476562	200.786651611328	82.3553237915039
1638	8.185	624.147094726562	394.973907470703	290.448425292969	1114.83764648438	202.666305541992	82.6673583984375
1639	8.19	628.215393066406	395.309692382812	293.758941650391	1103.732421875	203.75471496582	83.9993133544922
1640	8.195	632.874450683594	395.665557861328	296.78173828125	1094.48681640625	204.366271972656	85.6035537719727
1641	8.2	638.2744140625	396.091918945312	299.642364501953	1085.99670410156	204.752410888672	87.0967712402344
1642	8.205	644.235717773438	396.450042724609	302.223297119141	1076.84790039062	205.284698486328	88.3600006103516
1643	8.21	650.734680175781	396.751037597656	304.477233886719	1066.32104492188	206.008209228516	89.6101379394531
1644	8.215	657.685791015625	397.092803955078	306.494293212891	1055.23352050781	206.720916748047	90.5625305175781
1645	8.22	664.981323242188	397.402618408203	308.106567382812	1044.25622558594	207.05517578125	91.0526351928711
1646	8.225	672.598876953125	397.725433349609	309.450836181641	1033.06616210938	207.332763671875	91.2836608886719
1647	8.23	680.599365234375	398.109466552734	310.377075195312	1021.45886230469	207.637664794922	91.454460144043
1648	8.235	688.736328125	398.549346923828	310.973876953125	1009.68402099609	207.992706298828	91.5378799438477
1649	8.24	697.027465820312	399.016693115234	311.071899414062	997.812866210938	208.382034301758	91.64404296875
1650	8.245	705.559875488281	399.506988525391	310.835327148438	985.809814453125	208.873397827148	91.8522720336914
1651	8.25	714.193786621094	400.192016601562	310.110412597656	973.68017578125	209.285980224609	92.1728134155273
1652	8.255	722.973937988281	400.87060546875	309.0361328125	961.624938964844	209.700164794922	92.5667037963867
1653	8.26	731.885009765625	401.542327880859	307.429321289062	949.641540527344	210.043670654297	92.7738647460938
1654	8.265	740.904724121094	402.305236816406	305.443450927734	937.49658203125	210.224990844727	93.2103958129883
1655	8.27	749.993774414062	403.062652587891	303.035675048828	925.344421386719	210.241104125977	93.7871627807617
1656	8.275	759.181213378906	403.731903076172	300.140838623047	913.218688964844	210.190933227539	94.3922805786133
1657	8.28	768.273803710938	404.356781005859	296.861999511719	901.088195800781	209.900039672852	94.9887847900391
1658	8.285	777.467346191406	404.951202392578	293.227508544922	889.035705566406	209.625030517578	95.8477783203125
1659	8.29	786.654541015625	405.538116455078	289.281768798828	877.076843261719	209.247985839844	96.8046035766602
1660	8.295	795.935913085938	406.043151855469	284.933166503906	865.129699707031	208.779373168945	97.9579849243164
1661	8.3	805.166137695312	406.445220947266	280.311126708984	853.244506835938	208.129684448242	99.2646331787109
1662	8.305	814.481750488281	406.816650390625	275.398468017578	841.467651367188	207.505004882812	100.855880737305
1663	8.31	823.954528808594	406.948608398438	270.062622070312	829.817504882812	206.806640625	102.685096740723
1664	8.315	833.476440429688	407.097961425781	264.552825927734	818.327392578125	205.911804199219	104.808067321777
1665	8.32	843.1142578125	407.064544677734	258.777740478516	807.03271484375	204.861557006836	107.280891418457
1666	8.325	852.751342773438	407.033630371094	252.826400756836	796.059509277344	203.878768920898	110.131370544434
1667	8.33	862.623901367188	406.860656738281	246.598281860352	785.347534179688	202.802551269531	113.118606567383
1668	8.335	872.721374511719	406.652709960938	240.237854003906	774.966979980469	201.694839477539	116.371116638184
1669	8.34	883.016784667969	406.266815185547	233.564025878906	764.880859375	200.543563842773	119.961082458496
1670	8.345	893.635681152344	405.692474365234	226.652847290039	755.183532714844	199.383377075195	123.635650634766
1671	8.35	904.462707519531	405.31689453125	219.753860473633	746.117370605469	198.378967285156	127.158088684082
1672	8.355	915.584167480469	404.844482421875	212.572570800781	737.070617675781	197.190490722656	131.272735595703
1673	8.36	927.095458984375	404.320983886719	205.363311767578	728.520141601562	195.860260009766	135.475936889648
1674	8.365	938.862487792969	403.831390380859	198.089569091797	720.541442871094	194.325881958008	139.791061401367
1675	8.37	950.844665527344	403.310607910156	190.803436279297	712.244812011719	193.180328369141	144.343795776367
1676	8.375	963.146179199219	402.717956542969	183.579711914062	704.611206054688	191.80517578125	148.831466674805
1677	8.38	975.67529296875	402.23095703125	176.446182250977	697.348937988281	190.46028137207	153.427230834961
1678	8.385	988.345031738281	401.536163330078	169.378997802734	690.303283691406	189.091705322266	158.11540222168
1679	8.39	1001.24884033203	401.055480957031	162.56608581543	683.58447265625	187.678924560547	162.844848632812
1680	8.395	1014.11798095703	400.511840820312	155.996826171875	677.247253417969	186.417388916016	167.551208496094
1681	8.4	1027.17578125	400.079498291016	149.858413696289	671.258911132812	184.869567871094	172.382873535156
1682	8.405	1040.09143066406	399.543762207031	144.021759033203	665.331970214844	183.750335693359	177.236022949219
1683	8.41	1052.83386230469	399.14404296875	138.716293334961	659.519226074219	182.850845336914	182.095626831055
1684	8.415	1065.154296875	398.653106689453	133.87109375	654.142150878906	181.894897460938	186.861770629883
1685	8.42	1076.88391113281	398.119018554688	129.55322265625	648.991149902344	181.256301879883	191.470687866211
1686	8.425	1088.00915527344	397.619445800781	125.646430969238	644.10009765625	180.382476806641	196.126190185547
1687	8.43	1098.38220214844	396.994445800781	122.298004150391	639.325012207031	179.77392578125	200.51838684082
1688	8.435	1107.4150390625	396.250640869141	119.447418212891	634.573364257812	178.966995239258	204.977630615234
1689	8.44	1115.53686523438	395.415191650391	116.975883483887	629.777587890625	178.220764160156	209.327133178711
1690	8.445	1122.46057128906	394.415435791016	114.972961425781	625.034545898438	177.488983154297	213.68342590332
1691	8.45	1128.2802734375	393.421478271484	113.330467224121	620.257629394531	176.836166381836	218.026794433594
1692	8.455	1132.99572753906	392.367828369141	111.892501831055	615.36279296875	176.267990112305	222.577667236328
1693	8.46	1136.69482421875	391.230438232422	110.51016998291	610.598449707031	175.783432006836	227.275604248047
1694	8.465	1139.45166015625	390.200408935547	109.035888671875	606.188049316406	175.357147216797	232.163589477539
1695	8.47	1141.34008789062	389.332946777344	107.584175109863	602.064025878906	175.064254760742	237.094024658203
1696	8.475	1142.3779296875	388.696014404297	105.958160400391	598.550598144531	174.873001098633	242.128005981445
1697	8.48	1142.72631835938	388.253234863281	104.077140808105	595.505554199219	174.561462402344	247.181777954102
1698	8.485	1142.27795410156	388.110168457031	101.991027832031	593.068725585938	174.430023193359	252.151000976562
1699	8.49	1141.27587890625	388.191772460938	99.5815505981445	591.179809570312	174.208312988281	257.147216796875
1700	8.495	1139.57385253906	388.533630371094	97.0647125244141	589.846801757812	173.645446777344	261.987945556641
1701	8.5	1137.01940917969	388.829711914062	95.1252288818359	589.064208984375	173.121139526367	266.8076171875
1702	8.505	1133.22009277344	388.512878417969	93.6060256958008	588.909301757812	172.490036010742	271.411743164062
1703	8.51	1125.275390625	386.982635498047	92.341911315918	589.397399902344	171.792724609375	275.841644287109
1704	8.515	1111.97924804688	384.620208740234	91.2640762329102	590.528076171875	171.110778808594	280.109985351562
1705	8.52	1098.25891113281	382.948577880859	90.8961944580078	592.352783203125	170.490600585938	284.178466796875
1706	8.525	1086.13061523438	381.911926269531	90.8071136474609	594.814514160156	169.958679199219	288.131866455078
1707	8.53	1075.39086914062	380.785339355469	91.3012084960938	598.082458496094	169.406784057617	291.865081787109
1708	8.535	1065.48291015625	379.953399658203	92.1616287231445	602.844604492188	168.333084106445	295.299835205078
1709	8.54	1054.69018554688	379.061279296875	93.1160049438477	607.77685546875	167.798355102539	298.477081298828
1710	8.545	1043.10717773438	378.257720947266	94.3051528930664	613.5126953125	167.444091796875	301.273590087891
1711	8.55	1031.26452636719	377.788238525391	95.1644058227539	619.821716308594	167.122146606445	303.776824951172
1712	8.555	1020.00952148438	377.804656982422	95.7131500244141	626.665100097656	166.953491210938	305.779907226562
1713	8.56	1008.85296630859	378.299163818359	96.2015686035156	634.010009765625	166.987350463867	307.430236816406
1714	8.565	997.459228515625	379.266448974609	96.8933792114258	641.697875976562	166.926376342773	308.638641357422
1715	8.57	985.98974609375	379.887115478516	97.2065505981445	649.668090820312	166.79216003418	309.407196044922
1716	8.575	974.517639160156	380.455871582031	97.434700012207	657.856384277344	166.836822509766	309.698333740234
1717	8.58	962.820983886719	380.796112060547	97.8286361694336	666.244262695312	166.869155883789	309.494842529297
1718	8.585	950.935424804688	380.935729980469	98.2591171264648	674.835266113281	166.898620605469	308.848419189453
1719	8.59	939.028991699219	380.959259033203	98.7352828979492	683.671569824219	166.958999633789	307.715118408203
1720	8.595	927.188293457031	380.896545410156	99.3239822387695	692.595153808594	167.067932128906	306.118072509766
1721	8.6	915.02294921875	380.974761962891	100.039520263672	701.634399414062	167.223175048828	304.078430175781
1722	8.605	902.990661621094	381.008056640625	100.948348999023	710.8203125	167.387435913086	301.561798095703
1723	8.61	890.979736328125	381.149932861328	101.899047851562	720.087341308594	167.643737792969	298.622955322266
1724	8.615	879.114501953125	381.321594238281	103.03377532959	729.478454589844	167.995803833008	295.202606201172
1725	8.62	867.32958984375	381.582702636719	104.33837890625	738.93310546875	168.400085449219	291.431884765625
1726	8.625	855.701721191406	381.973602294922	105.866554260254	748.403747558594	168.86848449707	287.293029785156
1727	8.63	844.288330078125	382.405242919922	107.675071716309	757.996276855469	169.326293945312	282.796905517578
1728	8.635	833.083679199219	382.940948486328	109.780303955078	767.724914550781	169.95361328125	277.914672851562
1729	8.64	822.124633789062	383.464569091797	112.15113067627	777.594116210938	170.707717895508	272.735015869141
1730	8.645	811.397338867188	384.203399658203	114.942092895508	787.713134765625	171.573638916016	267.204772949219
1731	8.65	801.008422851562	384.924499511719	117.884254455566	798.041442871094	172.662368774414	261.447540283203
1732	8.655	790.848876953125	385.854187011719	121.112976074219	808.551147460938	173.772567749023	255.397094726562
1733	8.66	780.994873046875	386.838104248047	124.604942321777	819.25537109375	174.962875366211	249.159942626953
1734	8.665	771.509338378906	387.91552734375	128.21501159668	830.045471191406	176.065505981445	242.85432434082
1735	8.67	762.33447265625	389.095794677734	132.045593261719	841.202880859375	177.50927734375	236.294372558594
1736	8.675	753.428955078125	390.351043701172	135.976165771484	852.836547851562	179.1611328125	229.566665649414
1737	8.68	745.005554199219	391.690490722656	140.036270141602	864.652954101562	180.662811279297	222.759796142578
1738	8.685	736.850036621094	393.017120361328	144.230834960938	876.839721679688	182.278594970703	215.845504760742
1739	8.69	729.0693359375	394.432464599609	148.423324584961	889.353454589844	183.813781738281	208.881927490234
1740	8.695	721.566528320312	395.792633056641	152.719680786133	902.168762207031	185.326751708984	201.881164550781
1741	8.7	714.307067871094	397.134918212891	157.087127685547	915.250427246094	186.83821105957	194.909240722656
1742	8.705	707.359619140625	398.44580078125	161.435028076172	928.653503417969	188.209915161133	187.956604003906
1743	8.71	700.722717285156	399.790313720703	165.805450439453	942.355773925781	189.567367553711	180.957427978516
1744	8.715	694.214050292969	401.050994873047	170.210037231445	956.229125976562	190.770614624023	174.16796875
1745	8.72	688.031555175781	402.365234375	174.614761352539	970.367858886719	191.782241821289	167.474349975586
1746	8.725	682.066528320312	403.652709960938	179.130035400391	984.655883789062	192.635650634766	161.000915527344
1747	8.73	676.472106933594	404.918334960938	183.633224487305	999.097595214844	193.391937255859	154.677383422852
1748	8.735	671.0556640625	406.241546630859	188.199478149414	1013.58288574219	193.923202514648	148.580520629883
1749	8.74	665.95556640625	407.501739501953	192.796813964844	1027.93151855469	194.20036315918	142.754913330078
1750	8.745	661.079040527344	408.726989746094	197.375762939453	1042.34777832031	194.330612182617	137.289962768555
1751	8.75	656.362915039062	409.893829345703	201.952133178711	1056.52880859375	194.308029174805	132.277389526367
1752	8.755	651.848571777344	411.041931152344	206.532196044922	1070.36059570312	194.1298828125	127.649948120117
1753	8.76	647.453796386719	412.035217285156	210.972106933594	1083.76818847656	193.823486328125	123.58325958252
1754	8.765	643.069580078125	413.068328857422	215.50813293457	1096.44580078125	193.392669677734	120.072639465332
1755	8.77	638.652221679688	414.145904541016	220.148544311523	1108.23364257812	192.963180541992	117.159873962402
1756	8.775	633.850158691406	415.089263916016	225.001312255859	1119.21545410156	192.62141418457	114.612838745117
1757	8.78	629.0146484375	415.946350097656	230.107177734375	1129.17333984375	192.341125488281	112.448150634766
1758	8.785	624.264465332031	416.717163085938	235.365280151367	1138.09265136719	192.250778198242	110.631782531738
1759	8.79	619.7607421875	417.434234619141	240.790496826172	1145.78625488281	192.190612792969	109.038528442383
1760	8.795	615.642883300781	418.0537109375	246.339019775391	1152.39392089844	192.258377075195	107.43701171875
1761	8.8	612.011352539062	418.584167480469	251.880157470703	1157.82739257812	192.257690429688	105.778091430664
1762	8.805	608.972106933594	418.967376708984	257.43017578125	1162.12609863281	192.332901000977	103.911964416504
1763	8.81	606.40380859375	419.338317871094	262.882659912109	1165.32104492188	192.371643066406	101.783897399902
1764	8.815	604.515563964844	419.740020751953	268.328216552734	1167.32775878906	192.369842529297	99.4705276489258
1765	8.82	603.0634765625	420.058532714844	273.720153808594	1168.28918457031	192.289337158203	96.8835830688477
1766	8.825	602.283264160156	420.310607910156	278.946350097656	1168.26037597656	192.126220703125	94.1617889404297
1767	8.83	602.013061523438	420.556945800781	284.108032226562	1167.27075195312	191.758163452148	91.6161651611328
1768	8.835	602.291381835938	420.731170654297	289.075805664062	1165.65063476562	191.434158325195	89.6175842285156
1769	8.84	603.133911132812	420.834716796875	293.866333007812	1162.49755859375	191.241302490234	87.409797668457
1770	8.845	604.652160644531	420.87646484375	298.422180175781	1157.51037597656	191.371520996094	85.1311492919922
1771	8.85	606.728149414062	420.608856201172	302.765563964844	1150.2197265625	191.581604003906	83.2302398681641
1772	8.855	609.415283203125	420.524963378906	306.935760498047	1141.3837890625	192.236938476562	81.9725341796875
1773	8.86	612.809020996094	420.250823974609	310.840576171875	1131.29174804688	193.325347900391	81.5058670043945
1774	8.865	616.8359375	420.103546142578	314.496612548828	1119.64660644531	195.053436279297	81.8892440795898
1775	8.87	621.592712402344	419.762084960938	317.697509765625	1108.44750976562	196.299133300781	83.4433059692383
1776	8.875	626.977111816406	419.600250244141	320.769714355469	1099.36328125	196.97200012207	85.3471832275391
1777	8.88	632.978942871094	419.289215087891	323.383331298828	1090.89660644531	197.79426574707	86.7419052124023
1778	8.885	639.483215332031	419.050750732422	325.694610595703	1081.62756347656	198.358444213867	87.8584136962891
1779	8.89	646.4580078125	418.798675537109	327.631378173828	1071.12963867188	199.099716186523	88.9859161376953
1780	8.895	653.819274902344	418.471343994141	329.227081298828	1059.95263671875	199.530548095703	89.9273834228516
1781	8.9	661.439392089844	418.195678710938	330.379730224609	1048.93115234375	199.78532409668	90.4068450927734
1782	8.905	669.337951660156	418.007232666016	331.121856689453	1037.84692382812	199.741363525391	90.6770401000977
1783	8.91	677.4130859375	417.884521484375	331.484344482422	1026.24536132812	199.822387695312	90.7196044921875
1784	8.915	685.735656738281	417.927062988281	331.334503173828	1014.37963867188	200.076263427734	90.8679428100586
1785	8.92	694.055358886719	417.945281982422	330.775726318359	1002.57098388672	200.297882080078	90.8719635009766
1786	8.925	702.556274414062	418.069885253906	329.767578125	990.609069824219	200.689270019531	91.176025390625
1787	8.93	711.11083984375	417.985412597656	328.091888427734	978.645629882812	201.133438110352	91.4038543701172
1788	8.935	719.846557617188	418.102111816406	326.188079833984	966.621276855469	201.636566162109	91.6141891479492
1789	8.94	728.662231445312	418.163848876953	323.730224609375	954.510864257812	201.859237670898	92.0079116821289
1790	8.945	737.482116699219	418.188720703125	320.926788330078	942.365173339844	202.147552490234	92.3917007446289
1791	8.95	746.417358398438	418.137359619141	317.691345214844	930.108032226562	202.251251220703	92.9017105102539
1792	8.955	755.292602539062	418.057525634766	314.053100585938	917.986267089844	202.310165405273	93.3755874633789
1793	8.96	764.217712402344	417.887145996094	310.031494140625	905.844421386719	202.297714233398	94.1032791137695
1794	8.965	773.103393554688	417.673156738281	305.669677734375	893.776733398438	202.151397705078	94.8854370117188
1795	8.97	782.047912597656	417.345275878906	300.940948486328	881.677429199219	201.635040283203	95.9091491699219
1796	8.975	790.952209472656	417.035095214844	295.911041259766	869.75732421875	201.244125366211	96.9948654174805
1797	8.98	799.892944335938	416.62451171875	290.536651611328	857.858642578125	200.812286376953	98.1918334960938
1798	8.985	808.851135253906	416.074401855469	284.934051513672	846.061096191406	200.205474853516	99.6146697998047
1799	8.99	818.002136230469	415.365203857422	278.835784912109	834.358764648438	199.572677612305	101.344650268555
1800	8.995	827.203918457031	414.588104248047	272.691741943359	822.837341308594	198.753112792969	103.358924865723
1801	9.0	836.578369140625	413.70166015625	266.222686767578	811.493225097656	197.897842407227	105.655662536621
1802	9.005	846.147155761719	412.672790527344	259.505249023438	800.437744140625	196.935073852539	108.176452636719
1803	9.01	855.9521484375	411.559204101562	252.596115112305	789.611938476562	195.83219909668	111.221969604492
1804	9.015	865.972961425781	410.457153320312	245.510070800781	779.140563964844	194.805084228516	114.371490478516
1805	9.02	876.383178710938	409.377105712891	238.24169921875	768.975402832031	193.568710327148	117.839942932129
1806	9.025	887.093627929688	408.237915039062	230.840591430664	759.132934570312	192.407348632812	121.446441650391
1807	9.03	898.137084960938	407.122894287109	223.215896606445	749.883605957031	191.413345336914	124.954124450684
1808	9.035	909.537536621094	406.032257080078	215.560089111328	740.720092773438	190.134780883789	129.000961303711
1809	9.04	921.167541503906	405.046234130859	207.814224243164	731.958801269531	188.887359619141	133.174438476562
1810	9.045	933.259887695312	404.094665527344	199.975036621094	723.576721191406	187.718383789062	137.420135498047
1811	9.05	945.605712890625	403.202789306641	192.251937866211	715.55029296875	186.330169677734	141.854721069336
1812	9.055	958.161743164062	402.459716796875	184.574157714844	708.066833496094	184.661010742188	146.208633422852
1813	9.06	971.21484375	401.846038818359	176.981384277344	700.196350097656	183.651611328125	150.837646484375
1814	9.065	984.47900390625	401.409057617188	169.696075439453	693.009521484375	182.253326416016	155.396270751953
1815	9.07	998.07763671875	400.8759765625	162.624588012695	686.11572265625	180.930709838867	159.970458984375
1816	9.075	1011.71484375	400.498870849609	155.938919067383	679.436645507812	179.567962646484	164.693511962891
1817	9.08	1025.43078613281	399.8740234375	149.622817993164	673.067504882812	178.336013793945	169.340713500977
1818	9.085	1038.8583984375	399.564117431641	143.9501953125	666.981140136719	176.965606689453	174.074340820312
1819	9.09	1052.15673828125	399.194732666016	138.631149291992	661.355407714844	175.550323486328	178.677169799805
1820	9.095	1065.01794433594	398.771209716797	133.91096496582	655.660034179688	174.716827392578	183.459808349609
1821	9.1	1077.33459472656	398.247802734375	129.719772338867	650.036193847656	174.238983154297	188.105651855469
1822	9.105	1088.83728027344	397.626983642578	126.084312438965	644.870422363281	173.534042358398	192.745559692383
1823	9.11	1099.33532714844	396.7919921875	122.893714904785	639.854614257812	172.89794921875	197.364791870117
1824	9.115	1108.79931640625	395.877166748047	120.122131347656	634.822387695312	172.467666625977	202.058975219727
1825	9.12	1117.18444824219	394.810363769531	117.826278686523	629.867126464844	171.925964355469	206.61865234375
1826	9.125	1124.53942871094	393.602691650391	115.78360748291	624.872314453125	171.566101074219	211.193099975586
1827	9.13	1130.72204589844	392.375427246094	114.165542602539	619.86669921875	171.37060546875	215.837982177734
1828	9.135	1136.06164550781	391.021881103516	112.585395812988	614.791137695312	171.172317504883	220.709915161133
1829	9.14	1140.31591796875	389.580078125	111.033393859863	609.545471191406	171.225524902344	225.811462402344
1830	9.145	1143.55529785156	388.210021972656	109.446624755859	604.481201171875	171.348846435547	231.028167724609
1831	9.15	1145.82373046875	386.898040771484	107.777442932129	599.888000488281	171.501770019531	236.421981811523
1832	9.155	1147.15087890625	385.630920410156	105.945938110352	595.737243652344	171.894287109375	241.905303955078
1833	9.16	1147.53063964844	384.683929443359	103.998092651367	592.170166015625	172.310760498047	247.448272705078
1834	9.165	1146.98388671875	383.743103027344	101.799285888672	589.28271484375	172.609786987305	253.025802612305
1835	9.17	1145.67065429688	383.133880615234	99.4314727783203	586.957336425781	173.038909912109	258.500793457031
1836	9.175	1143.484375	382.567108154297	96.9265289306641	585.33447265625	173.393753051758	264.017852783203
1837	9.18	1140.55639648438	382.197357177734	94.6356201171875	584.476440429688	173.564102172852	269.352020263672
1838	9.185	1136.54064941406	381.503784179688	92.5685119628906	584.311096191406	173.772567749023	274.447967529297
1839	9.19	1130.58325195312	380.256622314453	90.4355010986328	584.872985839844	174.074020385742	279.268829345703
1840	9.195	1121.15991210938	378.220184326172	89.3111038208008	586.04638671875	174.224456787109	283.94970703125
1841	9.2	1108.56066894531	375.78759765625	88.173942565918	587.945251464844	174.381439208984	288.367980957031
1842	9.205	1095.58215332031	373.757415771484	87.9697494506836	590.571594238281	174.537307739258	292.426940917969
1843	9.21	1084.19836425781	372.455810546875	88.2496185302734	593.959655761719	174.704284667969	296.235565185547
1844	9.215	1073.82885742188	371.387573242188	89.2917404174805	598.083923339844	174.975112915039	299.716369628906
1845	9.22	1064.01574707031	370.576690673828	90.5522842407227	602.849182128906	175.463088989258	302.821197509766
1846	9.225	1053.5439453125	369.913360595703	91.8121337890625	609.040710449219	175.35871887207	305.507690429688
1847	9.23	1042.53405761719	369.550476074219	93.1108093261719	615.440612792969	175.973983764648	307.85009765625
1848	9.235	1031.17175292969	369.434875488281	94.1431198120117	622.432983398438	176.487655639648	309.756469726562
1849	9.24	1020.10437011719	369.773651123047	94.8970718383789	629.803833007812	177.171157836914	311.265655517578
1850	9.245	1009.20367431641	370.419830322266	95.6255416870117	637.620544433594	177.885589599609	312.275543212891
1851	9.25	997.9248046875	370.937316894531	96.1290817260742	645.684265136719	178.613494873047	312.832641601562
1852	9.255	986.542663574219	371.378570556641	96.3902206420898	654.037414550781	179.244125366211	312.849639892578
1853	9.26	974.974670410156	371.630737304688	96.6024627685547	662.631652832031	179.780227661133	312.411376953125
1854	9.265	963.249694824219	371.647705078125	96.9498291015625	671.444396972656	180.579956054688	311.396362304688
1855	9.27	951.269714355469	371.599304199219	97.2994613647461	680.36376953125	181.319473266602	309.892944335938
1856	9.275	939.311157226562	371.510559082031	97.7724609375	689.375915527344	181.927597045898	307.869567871094
1857	9.28	927.302612304688	371.402862548828	98.2936248779297	698.563171386719	182.661575317383	305.347564697266
1858	9.285	915.295715332031	371.3935546875	98.8897171020508	707.74658203125	183.312042236328	302.399169921875
1859	9.29	903.317565917969	371.3857421875	99.5950088500977	717.084899902344	184.007583618164	298.936889648438
1860	9.295	891.291198730469	371.452911376953	100.277214050293	726.418212890625	184.719055175781	295.112365722656
1861	9.3	879.371398925781	371.549682617188	101.054161071777	735.88232421875	185.481002807617	290.827911376953
1862	9.305	867.496643066406	371.611267089844	101.924957275391	745.368530273438	186.248794555664	286.215759277344
1863	9.31	855.666442871094	371.700225830078	102.868339538574	754.99462890625	187.105178833008	281.236236572266
1864	9.315	843.940795898438	371.838287353516	104.075492858887	764.658874511719	188.015365600586	275.993621826172
1865	9.32	832.305969238281	372.032348632812	105.457077026367	774.526611328125	188.94499206543	270.449859619141
1866	9.325	820.7294921875	372.334655761719	107.08487701416	784.529724121094	190.027130126953	264.657775878906
1867	9.33	809.380126953125	372.604125976562	109.030181884766	794.6044921875	191.005157470703	258.553436279297
1868	9.335	798.296997070312	372.8701171875	111.179824829102	805.057861328125	192.121566772461	252.294830322266
1869	9.34	787.262756347656	373.21142578125	113.743041992188	815.58984375	193.156204223633	245.818908691406
1870	9.345	776.518188476562	373.642883300781	116.507392883301	826.255065917969	194.132583618164	239.231796264648
1871	9.35	766.040283203125	374.104125976562	119.618171691895	837.778259277344	195.568328857422	232.315093994141
1872	9.355	755.818664550781	374.598388671875	122.931526184082	849.139709472656	196.749176025391	225.471984863281
1873	9.36	745.882690429688	375.248718261719	126.46607208252	860.994873046875	197.881546020508	218.432876586914
1874	9.365	736.346069335938	375.976165771484	130.144653320312	873.065368652344	199.016616821289	211.474670410156
1875	9.37	727.052978515625	376.65478515625	133.964965820312	885.514038085938	199.988037109375	204.313217163086
1876	9.375	718.207275390625	377.581115722656	137.943740844727	898.288452148438	200.814804077148	197.176284790039
1877	9.38	709.638977050781	378.585784912109	142.058197021484	911.283874511719	201.479873657227	190.08952331543
1878	9.385	701.468688964844	379.721038818359	146.260635375977	924.734130859375	202.193298339844	182.906326293945
1879	9.39	693.633911132812	380.909820556641	150.607666015625	938.2451171875	202.751800537109	175.933380126953
1880	9.395	686.058227539062	382.188018798828	155.02165222168	952.015197753906	203.091491699219	169.053955078125
1881	9.4	678.851013183594	383.53759765625	159.474258422852	965.943664550781	203.360565185547	162.447631835938
1882	9.405	671.981506347656	384.9560546875	163.979583740234	979.97021484375	203.512222290039	156.090362548828
1883	9.41	665.400024414062	386.349609375	168.526138305664	994.091613769531	203.485305786133	149.974853515625
1884	9.415	659.17431640625	387.917602539062	173.136566162109	1008.07696533203	203.337707519531	144.406005859375
1885	9.42	653.175170898438	389.353637695312	177.770202636719	1022.10125732422	203.031890869141	139.091384887695
1886	9.425	647.606872558594	390.891143798828	182.470306396484	1035.91174316406	202.697021484375	134.178726196289
1887	9.43	642.269958496094	392.460998535156	187.142105102539	1049.48010253906	202.103851318359	129.737777709961
1888	9.435	637.216857910156	394.04052734375	191.792984008789	1062.63464355469	201.420867919922	125.804275512695
1889	9.44	632.381408691406	395.705627441406	196.38200378418	1075.31909179688	200.850997924805	122.280288696289
1890	9.445	627.747741699219	397.370056152344	200.988098144531	1087.4794921875	200.198501586914	119.218864440918
1891	9.45	623.230712890625	399.13427734375	205.516876220703	1098.86791992188	199.510757446289	116.554550170898
1892	9.455	618.841186523438	400.833374023438	210.145645141602	1109.40563964844	198.897583007812	114.387268066406
1893	9.46	614.506286621094	402.628784179688	214.761749267578	1119.05456542969	198.299575805664	112.569946289062
1894	9.465	610.320556640625	404.204681396484	219.384246826172	1127.66381835938	197.83625793457	111.063766479492
1895	9.47	605.942321777344	405.898742675781	224.482147216797	1135.13403320312	197.507659912109	109.884979248047
1896	9.475	601.644897460938	407.479400634766	229.780227661133	1141.54089355469	197.456207275391	108.783363342285
1897	9.48	597.663696289062	409.060882568359	235.351486206055	1146.59240722656	197.556289672852	107.712951660156
1898	9.485	594.066650390625	410.577331542969	241.080017089844	1150.48425292969	197.915405273438	106.522804260254
1899	9.49	591.016845703125	412.069732666016	246.846038818359	1153.15319824219	198.282104492188	104.975860595703
1900	9.495	588.622924804688	413.525604248047	252.629013061523	1154.60778808594	198.711181640625	103.177719116211
1901	9.5	586.830139160156	414.963348388672	258.416900634766	1155.01000976562	199.249938964844	101.148727416992
1902	9.505	585.596984863281	416.464263916016	264.157684326172	1154.37719726562	199.714996337891	98.8181686401367
1903	9.51	584.956176757812	417.953430175781	269.802642822266	1152.62512207031	200.257583618164	96.3527526855469
1904	9.515	584.844848632812	419.362030029297	275.379852294922	1150.033203125	200.879913330078	93.7811737060547
1905	9.52	585.428527832031	420.908843994141	280.786651611328	1146.69104003906	201.42887878418	91.463508605957
1906	9.525	586.571105957031	422.283660888672	286.113830566406	1142.55480957031	201.749435424805	89.5601501464844
1907	9.53	588.392639160156	423.65673828125	291.226440429688	1137.25891113281	202.416656494141	87.4973068237305
1908	9.535	590.7939453125	424.880859375	296.241760253906	1130.51940917969	203.269241333008	85.42431640625
1909	9.54	593.888366699219	425.994781494141	300.984497070312	1122.38317871094	204.159591674805	83.6073989868164
1910	9.545	597.567260742188	427.055206298828	305.561309814453	1113.82751464844	205.29020690918	82.168815612793
1911	9.55	601.91748046875	427.793640136719	309.873382568359	1103.98132324219	206.573852539062	81.5536651611328
1912	9.555	606.92578125	428.684783935547	313.886962890625	1092.68115234375	208.39030456543	81.9657440185547
1913	9.56	612.617370605469	429.446868896484	317.603912353516	1082.11596679688	209.883224487305	83.3504333496094
1914	9.565	618.807495117188	430.189086914062	320.956848144531	1073.03662109375	211.082824707031	84.9644393920898
1915	9.57	625.539123535156	430.981048583984	323.820098876953	1064.44787597656	212.178375244141	86.2076950073242
1916	9.575	632.827453613281	431.682159423828	326.375061035156	1055.00915527344	213.177383422852	87.1893310546875
1917	9.58	640.489501953125	432.257202148438	328.430603027344	1044.13684082031	214.118179321289	88.2617263793945
1918	9.585	648.3408203125	432.626586914062	330.007507324219	1033.12353515625	214.677871704102	89.1410140991211
1919	9.59	656.566345214844	433.186248779297	331.251861572266	1022.16101074219	214.912475585938	89.5554504394531
1920	9.595	664.851013183594	433.728271484375	331.961334228516	1010.86352539062	214.863067626953	89.8413848876953
1921	9.6	673.330200195312	434.228576660156	332.260162353516	999.078002929688	214.867416381836	90.2208709716797
1922	9.605	681.948608398438	434.900207519531	332.097808837891	987.084594726562	215.020034790039	90.4855880737305
1923	9.61	690.576293945312	435.414764404297	331.529327392578	975.326538085938	215.190673828125	90.6460189819336
1924	9.615	699.338806152344	435.971343994141	330.4541015625	963.380554199219	215.487167358398	90.9843673706055
1925	9.62	708.174255371094	436.582214355469	328.950378417969	951.457763671875	215.952758789062	91.2167587280273
1926	9.625	716.99267578125	437.074981689453	326.926666259766	939.401184082031	216.193878173828	91.6643371582031
1927	9.63	725.8779296875	437.590972900391	324.452697753906	927.382751464844	216.310562133789	92.1167526245117
1928	9.635	734.837463378906	438.010162353516	321.553680419922	915.261596679688	216.330932617188	92.5616149902344
1929	9.64	743.771850585938	438.358276367188	318.158996582031	903.118103027344	216.179931640625	92.9951324462891
1930	9.645	752.726257324219	438.745300292969	314.413848876953	891.030212402344	216.002593994141	93.6533279418945
1931	9.65	761.713195800781	438.967742919922	310.214233398438	878.984985351562	215.760406494141	94.3914031982422
1932	9.655	770.647888183594	439.167144775391	305.647216796875	866.986083984375	215.531814575195	95.2453918457031
1933	9.66	779.601013183594	439.22607421875	300.709228515625	855.0146484375	215.207336425781	96.305908203125
1934	9.665	788.566284179688	439.164337158203	295.475036621094	843.136657714844	214.850036621094	97.4657821655273
1935	9.67	797.610595703125	439.088714599609	289.923522949219	831.298522949219	214.2861328125	98.84130859375
1936	9.675	806.741821289062	438.816467285156	284.051147460938	819.495422363281	213.676544189453	100.483116149902
1937	9.68	815.936401367188	438.302520751953	277.729156494141	807.924865722656	212.950637817383	102.374031066895
1938	9.685	825.221313476562	437.840637207031	271.397399902344	796.460876464844	212.137390136719	104.580101013184
1939	9.69	834.689147949219	437.206787109375	264.768493652344	785.209838867188	211.255447387695	107.052642822266
1940	9.695	844.38232421875	436.518951416016	257.895690917969	774.282470703125	210.197174072266	109.8271484375
1941	9.7	854.259521484375	435.700897216797	250.866607666016	763.635864257812	209.135971069336	113.038291931152
1942	9.705	864.34716796875	434.721710205078	243.610778808594	753.2333984375	208.020858764648	116.394805908203
1943	9.71	874.762268066406	433.753753662109	236.154373168945	743.293518066406	206.832534790039	119.955375671387
1944	9.715	885.475341796875	432.486053466797	228.522796630859	733.921203613281	205.431015014648	123.644203186035
1945	9.72	896.382080078125	431.469573974609	220.784530639648	724.199401855469	204.846633911133	127.70386505127
1946	9.725	907.706726074219	430.300354003906	212.919692993164	715.470642089844	204.083053588867	131.243865966797
1947	9.73	919.235168457031	429.252838134766	204.990203857422	706.932678222656	202.885452270508	135.544525146484
1948	9.735	931.085815429688	428.173889160156	197.153137207031	698.688110351562	201.674194335938	139.904525756836
1949	9.74	943.096496582031	427.274200439453	189.314743041992	690.874145507812	200.225555419922	144.382568359375
1950	9.745	955.501586914062	426.455108642578	181.654312133789	683.596008300781	198.572845458984	148.958709716797
1951	9.75	968.015991210938	425.689605712891	174.132934570312	675.86328125	197.659698486328	153.689102172852
1952	9.755	980.799255371094	424.888092041016	166.771575927734	668.929748535156	196.271499633789	158.450973510742
1953	9.76	993.3935546875	424.45166015625	159.911529541016	662.333312988281	194.876968383789	163.2509765625
1954	9.765	1006.33380126953	423.74267578125	153.21940612793	656.023864746094	193.540863037109	167.987457275391
1955	9.77	1019.01306152344	423.214935302734	147.051345825195	650.031311035156	192.30029296875	172.833587646484
1956	9.775	1031.42456054688	422.689483642578	141.425857543945	644.037109375	190.982070922852	177.8818359375
1957	9.78	1043.48791503906	422.025604248047	136.312881469727	638.631408691406	189.890197753906	182.573638916016
1958	9.785	1054.826171875	421.375701904297	131.750457763672	633.328857421875	188.841445922852	187.355529785156
1959	9.79	1065.41955566406	420.581359863281	127.753379821777	628.335876464844	188.017654418945	191.735397338867
1960	9.795	1074.99365234375	419.587738037109	124.176712036133	623.400756835938	186.974365234375	196.2451171875
1961	9.8	1083.61511230469	418.556304931641	121.158515930176	618.557067871094	185.94514465332	200.753143310547
1962	9.805	1091.17138671875	417.306671142578	118.489631652832	613.836303710938	184.917404174805	205.156494140625
1963	9.81	1097.67639160156	416.039886474609	116.259628295898	609.241088867188	183.854995727539	209.490982055664
1964	9.815	1103.06665039062	414.561096191406	114.369316101074	604.815856933594	183.002700805664	213.786422729492
1965	9.82	1107.51928710938	413.011779785156	112.700309753418	600.565795898438	182.051986694336	218.176055908203
1966	9.825	1110.87280273438	411.290679931641	111.159652709961	596.282348632812	181.168670654297	222.719909667969
1967	9.83	1113.17749023438	409.513305664062	109.598289489746	592.172668457031	180.396301269531	227.494354248047
1968	9.835	1114.44152832031	407.685394287109	107.919311523438	588.314453125	179.673797607422	232.312255859375
1969	9.84	1114.73645019531	405.877349853516	106.12483215332	584.798583984375	179.040969848633	237.333343505859
1970	9.845	1114.27673339844	404.271087646484	104.162338256836	581.640075683594	178.41943359375	242.409103393555
1971	9.85	1112.98193359375	402.896240234375	102.155502319336	578.965087890625	177.919219970703	247.479827880859
1972	9.855	1110.88391113281	401.525726318359	99.8999252319336	576.708984375	177.319595336914	252.620590209961
1973	9.86	1108.10717773438	400.588470458984	97.5795440673828	575.055053710938	176.873046875	257.757232666016
1974	9.865	1104.57763671875	399.791229248047	95.4991836547852	573.849487304688	176.454330444336	262.895355224609
1975	9.87	1100.03503417969	398.985168457031	93.8259506225586	573.243408203125	176.142074584961	268.002624511719
1976	9.875	1093.9921875	397.578887939453	92.0634994506836	573.189086914062	175.859832763672	273.114135742188
1977	9.88	1085.08154296875	395.384094238281	90.9807434082031	573.773864746094	175.618011474609	278.154235839844
1978	9.885	1072.45556640625	392.8896484375	89.8484878540039	575.072326660156	175.555938720703	282.986968994141
1979	9.89	1059.06188964844	390.821899414062	89.3623046875	577.1689453125	175.642593383789	287.576324462891
1980	9.895	1047.2919921875	389.873901367188	89.3400955200195	580.212341308594	175.602645874023	291.988433837891
1981	9.9	1036.52258300781	389.330017089844	89.8889999389648	583.961181640625	175.749328613281	296.122131347656
1982	9.905	1026.41943359375	388.956207275391	90.6820297241211	588.436950683594	175.908126831055	300.009460449219
1983	9.91	1015.81103515625	388.471343994141	91.5952301025391	593.446716308594	176.162750244141	303.597686767578
1984	9.915	1004.66040039062	387.981170654297	92.8406524658203	599.052917480469	176.596466064453	306.839447021484
1985	9.92	993.356811523438	387.558502197266	93.8655700683594	604.914489746094	177.55403137207	309.768829345703
1986	9.925	982.271484375	387.37255859375	94.630256652832	611.931762695312	177.639343261719	312.103149414062
1987	9.93	971.37255859375	387.378082275391	95.4013977050781	618.839538574219	178.321548461914	314.116058349609
1988	9.935	960.187927246094	387.324493408203	95.8514099121094	626.107543945312	178.933670043945	315.484039306641
1989	9.94	948.75146484375	387.45263671875	96.2548904418945	633.631103515625	179.53662109375	316.342102050781
1990	9.945	937.231689453125	387.340881347656	96.4679718017578	641.405578613281	180.095794677734	316.584655761719
1991	9.95	925.458374023438	387.230865478516	96.8716278076172	649.376220703125	180.481521606445	316.273742675781
1992	9.955	913.570251464844	387.03857421875	97.1898040771484	657.590637207031	180.866317749023	315.372497558594
1993	9.96	901.659790039062	386.782562255859	97.6711502075195	665.949279785156	181.102416992188	313.897552490234
1994	9.965	889.59033203125	386.777374267578	98.2208938598633	674.343811035156	181.433578491211	311.934692382812
1995	9.97	877.560852050781	386.708099365234	98.8590393066406	682.765014648438	181.600784301758	309.484008789062
1996	9.975	865.488037109375	386.715454101562	99.5283279418945	691.324035644531	181.823150634766	306.539825439453
1997	9.98	853.474731445312	386.830932617188	100.325874328613	699.930786132812	182.021575927734	303.227478027344
1998	9.985	841.484741210938	386.886077880859	101.144599914551	708.641540527344	182.337310791016	299.427795410156
1999	9.99	829.572387695312	387.0361328125	102.11661529541	717.375793457031	182.681686401367	295.277618408203
2000	9.995	817.738708496094	387.228668212891	103.246467590332	726.228210449219	183.096633911133	290.67138671875
2001	10.0	806.055480957031	387.489318847656	104.656944274902	735.120300292969	183.458557128906	285.726501464844
2002	10.005	794.490478515625	387.770172119141	106.207344055176	744.213012695312	183.921463012695	280.437286376953
2003	10.01	783.015258789062	388.218719482422	108.093399047852	753.483215332031	184.390731811523	274.85888671875
2004	10.015	771.890075683594	388.641418457031	110.290946960449	762.892761230469	184.936157226562	268.968902587891
2005	10.02	760.926025390625	389.123657226562	112.760162353516	772.526977539062	185.484222412109	262.887145996094
2006	10.025	750.164611816406	389.613983154297	115.564018249512	782.373046875	186.107208251953	256.497344970703
2007	10.03	739.698913574219	390.112609863281	118.575614929199	792.450073242188	186.675323486328	249.974044799805
2008	10.035	729.515930175781	390.729125976562	121.797607421875	802.839233398438	187.365234375	243.236282348633
2009	10.04	719.702575683594	391.418579101562	125.356460571289	813.373779296875	187.772369384766	236.447555541992
2010	10.045	710.143920898438	392.109619140625	129.055862426758	824.334655761719	188.437637329102	229.525451660156
2011	10.05	700.973327636719	392.83935546875	132.917404174805	835.340759277344	188.940719604492	222.640563964844
2012	10.055	692.080139160156	393.584259033203	136.863098144531	847.0302734375	189.901306152344	215.235107421875
2013	10.06	683.637878417969	394.462707519531	141.002334594727	858.697204589844	190.442672729492	208.136764526367
2014	10.065	675.494506835938	395.408233642578	145.237945556641	870.653015136719	191.031631469727	200.858901977539
2015	10.07	667.690063476562	396.403411865234	149.592971801758	882.899475097656	191.633728027344	193.569458007812
2016	10.075	660.240905761719	397.382690429688	153.954544067383	895.27734375	191.923263549805	186.376052856445
2017	10.08	653.03515625	398.402038574219	158.434448242188	908.152648925781	192.387420654297	179.103912353516
2018	10.085	646.1533203125	399.432861328125	162.985244750977	921.122009277344	192.691513061523	171.990875244141
2019	10.09	639.652648925781	400.52978515625	167.576278686523	934.330139160156	192.862182617188	165.060928344727
2020	10.095	633.331909179688	401.564666748047	172.212341308594	947.546325683594	192.963592529297	158.407424926758
2021	10.1	627.396789550781	402.630096435547	176.943252563477	961.064025878906	192.899261474609	151.9091796875
2022	10.105	621.693115234375	403.711456298828	181.705490112305	974.582214355469	192.77099609375	145.72624206543
2023	10.11	616.335510253906	404.772857666016	186.526229858398	988.1318359375	192.499801635742	139.82160949707
2024	10.115	611.270324707031	405.820007324219	191.3583984375	1001.52447509766	192.125900268555	134.318939208984
2025	10.12	606.484497070312	406.868713378906	196.088851928711	1014.64361572266	191.556762695312	129.259292602539
2026	10.125	601.849426269531	407.894927978516	200.822998046875	1027.37780761719	190.83137512207	124.658981323242
2027	10.13	597.455322265625	408.966400146484	205.44255065918	1039.79602050781	190.193405151367	120.408134460449
2028	10.135	593.114440917969	409.962493896484	210.05143737793	1051.54357910156	189.274032592773	116.762725830078
2029	10.14	589.0029296875	410.901794433594	214.449737548828	1062.67102050781	188.479675292969	113.630554199219
2030	10.145	584.861511230469	411.829711914062	218.907073974609	1072.85437011719	187.537994384766	111.01863861084
2031	10.15	580.436828613281	412.682006835938	223.509750366211	1082.14965820312	186.852355957031	108.860198974609
2032	10.155	575.931762695312	413.513519287109	228.390487670898	1090.38891601562	186.270874023438	107.015159606934
2033	10.16	571.583801269531	414.166748046875	233.379058837891	1097.37890625	186.060089111328	105.532135009766
2034	10.165	567.342590332031	414.827850341797	238.587493896484	1103.08190917969	185.857788085938	104.22029876709
2035	10.17	563.472534179688	415.295257568359	243.8427734375	1107.73095703125	185.940826416016	102.750885009766
2036	10.175	560.056030273438	415.680297851562	249.198318481445	1111.03674316406	186.100845336914	101.158866882324
2037	10.18	557.118591308594	416.046539306641	254.586044311523	1113.63366699219	186.347564697266	99.1128082275391
2038	10.185	554.766418457031	416.341705322266	259.851989746094	1114.80310058594	186.559814453125	96.9407043457031
2039	10.19	552.891479492188	416.658325195312	265.204833984375	1114.97045898438	186.730010986328	94.457160949707
2040	10.195	551.546691894531	416.955993652344	270.438537597656	1114.02490234375	186.785400390625	92.1565551757812
2041	10.2	550.779479980469	417.209533691406	275.596069335938	1111.96142578125	186.967224121094	90.2831420898438
2042	10.205	550.6533203125	417.415740966797	280.606079101562	1108.279296875	187.334838867188	88.5187225341797
2043	10.21	551.062133789062	417.627532958984	285.522857666016	1102.87231445312	187.99201965332	86.3962631225586
2044	10.215	552.121032714844	417.756713867188	290.197174072266	1095.244140625	188.798645019531	84.7657318115234
2045	10.22	553.866516113281	417.898284912109	294.741058349609	1085.82568359375	189.345611572266	83.5715713500977
2046	10.225	556.300659179688	417.999816894531	299.067474365234	1075.77661132812	189.798614501953	82.6844177246094
2047	10.23	559.366149902344	417.769134521484	303.218231201172	1064.70959472656	190.356246948242	82.5204467773438
2048	10.235	563.319030761719	417.716827392578	307.095123291016	1052.99597167969	191.26139831543	83.1360015869141
2049	10.24	567.953430175781	417.621673583984	310.736541748047	1042.53186035156	191.764389038086	84.5260696411133
2050	10.245	573.261474609375	417.533905029297	314.091186523438	1033.55883789062	192.261993408203	85.778938293457
2051	10.25	579.275390625	417.363128662109	316.989654541016	1024.55688476562	192.801467895508	86.780029296875
2052	10.255	585.73095703125	417.061431884766	319.511291503906	1014.95306396484	193.461029052734	87.6933059692383
2053	10.26	592.660705566406	416.769592285156	321.764312744141	1004.25152587891	194.077163696289	88.6848373413086
2054	10.265	599.997436523438	416.503051757812	323.601531982422	993.046264648438	194.698364257812	89.3306884765625
2055	10.27	607.621398925781	416.203399658203	325.073913574219	981.9658203125	194.984298706055	89.5754623413086
2056	10.275	615.439514160156	415.797088623047	326.025848388672	970.676391601562	195.198760986328	89.5751495361328
2057	10.28	623.432678222656	415.663208007812	326.644439697266	959.005187988281	195.230712890625	89.6202545166016
2058	10.285	631.575805664062	415.404022216797	326.807708740234	947.040832519531	195.397857666016	89.803840637207
2059	10.29	639.836364746094	415.252502441406	326.428192138672	935.035278320312	195.626281738281	89.9306488037109
2060	10.295	648.299011230469	415.153503417969	325.666778564453	922.877624511719	195.770767211914	90.1602935791016
2061	10.3	656.881225585938	414.968322753906	324.404541015625	910.754272460938	196.04963684082	90.4871368408203
2062	10.305	665.520690917969	414.887420654297	322.736328125	898.876953125	196.411758422852	90.5985336303711
2063	10.31	674.183166503906	414.525451660156	320.392974853516	886.790588378906	196.624908447266	90.9381103515625
2064	10.315	682.963684082031	414.184204101562	317.847381591797	874.671142578125	196.629043579102	91.3885192871094
2065	10.32	691.834777832031	413.876770019531	314.852081298828	862.620361328125	196.570266723633	91.9315795898438
2066	10.325	700.671264648438	413.434509277344	311.457885742188	850.659301757812	196.437255859375	92.5314254760742
2067	10.33	709.612548828125	412.97216796875	307.791748046875	838.679138183594	196.226593017578	93.2976455688477
2068	10.335	718.52734375	412.309539794922	303.628326416016	826.719909667969	195.886489868164	94.283073425293
2069	10.34	727.487426757812	411.685150146484	299.152984619141	814.800903320312	195.400909423828	95.3868408203125
2070	10.345	736.441284179688	410.922668457031	294.382568359375	803.040161132812	195.012741088867	96.5127792358398
2071	10.35	745.477478027344	410.105041503906	289.268737792969	791.318969726562	194.484024047852	97.8650283813477
2072	10.355	754.51318359375	409.170043945312	283.922241210938	779.554504394531	193.821350097656	99.5565643310547
2073	10.36	763.673156738281	407.988830566406	278.079864501953	768.073791503906	193.051620483398	101.419616699219
2074	10.365	772.993530273438	406.776611328125	272.122619628906	756.630310058594	192.067016601562	103.709144592285
2075	10.37	782.47998046875	405.514465332031	265.844299316406	745.437377929688	191.035018920898	106.271492004395
2076	10.375	792.1328125	404.085418701172	259.366394042969	734.586853027344	189.895034790039	109.119361877441
2077	10.38	802.01708984375	402.631225585938	252.651443481445	724.0439453125	188.591064453125	112.462509155273
2078	10.385	812.183654785156	401.148803710938	245.785491943359	714.015808105469	187.078720092773	115.857719421387
2079	10.39	822.556640625	399.569793701172	238.70832824707	703.920227050781	185.992691040039	119.579177856445
2080	10.395	833.312072753906	397.706451416016	231.372619628906	694.734741210938	184.894424438477	123.014228820801
2081	10.4	844.294982910156	396.182434082031	224.019119262695	685.536682128906	183.445327758789	127.142562866211
2082	10.405	855.29248046875	394.798767089844	216.583343505859	676.736389160156	182.265045166016	131.306930541992
2083	10.41	867.107849121094	393.107299804688	208.986572265625	668.528564453125	180.614532470703	135.698379516602
2084	10.415	878.927429199219	391.621063232422	201.348571777344	660.608459472656	178.96923828125	140.093322753906
2085	10.42	891.234313964844	390.149322509766	193.658706665039	652.636169433594	177.667495727539	144.675964355469
2086	10.425	903.580200195312	388.736541748047	186.143508911133	645.336730957031	176.035766601562	149.231842041016
2087	10.43	916.345336914062	387.330596923828	178.553329467773	638.289001464844	174.338653564453	153.7578125
2088	10.435	929.348327636719	386.082305908203	171.123840332031	631.638977050781	172.697052001953	158.379592895508
2089	10.44	942.516845703125	384.832672119141	163.896713256836	625.28857421875	171.000610351562	163.010314941406
2090	10.445	955.887145996094	383.593505859375	156.897705078125	619.153137207031	169.212219238281	167.659957885742
2091	10.45	969.26953125	382.472534179688	150.255218505859	613.453002929688	167.585784912109	172.43864440918
2092	10.455	982.712463378906	381.305572509766	144.025894165039	607.926879882812	166.009704589844	177.225708007812
2093	10.46	995.926147460938	380.169158935547	138.251251220703	602.790344238281	164.724166870117	181.932678222656
2094	10.465	1008.86688232422	379.085540771484	133.020324707031	597.77294921875	163.472610473633	186.928283691406
2095	10.47	1021.25921630859	377.844604492188	128.314498901367	592.941101074219	162.301345825195	192.043395996094
2096	10.475	1032.84118652344	376.625335693359	124.184791564941	588.201904296875	161.356964111328	197.174102783203
2097	10.48	1043.50927734375	375.275146484375	120.489410400391	583.402038574219	160.612228393555	202.239715576172
2098	10.485	1053.09606933594	373.903930664062	117.297546386719	578.617736816406	159.927398681641	207.171127319336
2099	10.49	1061.65356445312	372.327728271484	114.498329162598	573.689025878906	159.257202148438	212.122207641602
2100	10.495	1069.10388183594	370.842224121094	112.166069030762	568.538879394531	158.722198486328	217.263961791992
2101	10.5	1075.54638671875	369.331085205078	110.172698974609	563.053344726562	158.354263305664	222.642990112305
2102	10.505	1080.83642578125	367.881042480469	108.52515411377	557.587890625	157.968673706055	228.218017578125
2103	10.51	1085.23120117188	366.378631591797	106.829063415527	552.357116699219	157.700088500977	233.91633605957
2104	10.515	1088.52807617188	364.981719970703	105.214248657227	547.563781738281	157.524078369141	239.729095458984
2105	10.52	1090.8388671875	363.558807373047	103.418891906738	543.357299804688	157.35173034668	245.578338623047
2106	10.525	1092.16674804688	362.344665527344	101.581718444824	539.896606445312	157.180145263672	251.467071533203
2107	10.53	1092.65014648438	361.352508544922	99.5225601196289	537.088928222656	156.845275878906	257.285247802734
2108	10.535	1092.30541992188	360.542144775391	97.3169174194336	534.984680175781	156.530014038086	263.008697509766
2109	10.54	1091.05651855469	360.003784179688	95.3244171142578	533.577880859375	155.986953735352	268.601135253906
2110	10.545	1088.7626953125	359.457855224609	93.9650268554688	532.895629882812	155.299392700195	273.906646728516
2111	10.55	1084.64123535156	358.389129638672	92.4543304443359	532.889770507812	154.557922363281	278.918151855469
2112	10.555	1076.67199707031	356.533843994141	91.6258010864258	533.545776367188	153.897674560547	283.546569824219
2113	10.56	1063.28869628906	353.984619140625	90.8369216918945	535.001098632812	153.218780517578	287.99755859375
2114	10.565	1049.53796386719	352.332489013672	90.5430145263672	537.152893066406	152.514877319336	292.257904052734
2115	10.57	1037.54113769531	351.728332519531	90.4973449707031	539.972106933594	151.886825561523	296.256622314453
2116	10.575	1026.72229003906	350.899536132812	90.8661651611328	543.555236816406	151.355834960938	300.020172119141
2117	10.58	1016.84686279297	350.260223388672	91.8004837036133	547.767272949219	151.177276611328	303.480987548828
2118	10.585	1006.2783203125	349.520294189453	92.851318359375	552.889099121094	150.959365844727	306.644866943359
2119	10.59	995.128234863281	348.904724121094	94.0422668457031	559.247497558594	150.5107421875	309.515380859375
2120	10.595	983.564758300781	348.417846679688	94.9904022216797	565.64697265625	150.483795166016	311.937408447266
2121	10.6	972.345825195312	348.429962158203	95.691535949707	572.44775390625	150.923446655273	313.836242675781
2122	10.605	961.271057128906	348.888549804688	96.1864624023438	579.852416992188	151.296188354492	315.309234619141
2123	10.61	950.007873535156	349.429382324219	96.4347839355469	588.208374023438	150.911697387695	316.364685058594
2124	10.615	938.447448730469	349.884185791016	96.6659622192383	596.506286621094	151.320922851562	316.811370849609
2125	10.62	926.802673339844	350.233795166016	96.9968948364258	605.167602539062	151.584671020508	316.813507080078
2126	10.625	915.067993164062	350.406677246094	97.3867568969727	614.127624511719	151.990020751953	316.238891601562
2127	10.63	903.162719726562	350.592071533203	97.9013748168945	623.287719726562	152.467300415039	315.234558105469
2128	10.635	891.224792480469	350.714660644531	98.4311752319336	632.731384277344	152.854736328125	313.737396240234
2129	10.64	879.276794433594	350.854705810547	99.0649490356445	642.298767089844	153.519332885742	311.693176269531
2130	10.645	867.318359375	351.048553466797	99.8274383544922	652.037658691406	154.185638427734	309.258453369141
2131	10.65	855.328979492188	351.296905517578	100.67504119873	661.869934082031	154.86865234375	306.351135253906
2132	10.655	843.419799804688	351.6044921875	101.610252380371	671.946533203125	155.40478515625	303.006744384766
2133	10.66	831.624084472656	351.936553955078	102.698829650879	681.955444335938	156.241134643555	299.269256591797
2134	10.665	819.899597167969	352.344085693359	103.943550109863	692.098937988281	157.069580078125	295.151977539062
2135	10.67	808.262756347656	352.795928955078	105.414680480957	702.326293945312	157.918014526367	290.64453125
2136	10.675	796.824096679688	353.234588623047	107.170616149902	712.660034179688	158.849746704102	285.761962890625
2137	10.68	785.592224121094	353.628387451172	109.183326721191	723.132263183594	159.917694091797	280.558959960938
2138	10.685	774.500793457031	354.147155761719	111.568054199219	733.697509765625	160.902084350586	275.013458251953
2139	10.69	763.7255859375	354.583038330078	114.252990722656	744.488952636719	162.031143188477	269.221618652344
2140	10.695	753.240295410156	355.156280517578	117.265907287598	755.559753417969	163.193740844727	263.087707519531
2141	10.7	742.964721679688	355.688659667969	120.445129394531	766.7470703125	164.476348876953	256.824951171875
2142	10.705	733.075439453125	356.367797851562	124.022003173828	778.202209472656	165.806503295898	250.226593017578
2143	10.71	723.546630859375	357.138854980469	127.715721130371	789.896057128906	167.07649230957	243.39631652832
2144	10.715	714.322326660156	357.874633789062	131.629608154297	801.9013671875	168.399749755859	236.487152099609
2145	10.72	705.543701171875	358.821563720703	135.701751708984	814.126098632812	169.795837402344	229.290557861328
2146	10.725	697.172607421875	359.858093261719	139.882400512695	826.666687011719	171.030380249023	222.087631225586
2147	10.73	689.134704589844	361.049896240234	144.195281982422	839.521789550781	172.31526184082	214.742095947266
2148	10.735	681.49560546875	362.297454833984	148.628356933594	852.698486328125	173.533966064453	207.383270263672
2149	10.74	674.177062988281	363.597137451172	153.081008911133	866.271179199219	174.716018676758	199.884231567383
2150	10.745	667.298156738281	365.040893554688	157.598052978516	880.021057128906	175.75422668457	192.470306396484
2151	10.75	660.667053222656	366.438354492188	162.137161254883	894.150573730469	176.925064086914	185.033584594727
2152	10.755	654.4345703125	367.994018554688	166.699554443359	908.291259765625	177.833709716797	177.967910766602
2153	10.76	648.493408203125	369.544067382812	171.303573608398	922.72607421875	178.720245361328	170.854141235352
2154	10.765	642.804748535156	371.162200927734	175.977111816406	937.441467285156	179.601440429688	163.8115234375
2155	10.77	637.396301269531	372.765777587891	180.584884643555	952.052673339844	180.182357788086	157.157699584961
2156	10.775	632.338684082031	374.346466064453	185.277725219727	966.744812011719	180.758361816406	150.661026000977
2157	10.78	627.497009277344	375.92529296875	189.976318359375	981.496948242188	181.221008300781	144.456420898438
2158	10.785	622.876892089844	377.461883544922	194.686508178711	996.125793457031	181.549057006836	138.694107055664
2159	10.79	618.571655273438	378.927856445312	199.366333007812	1010.59753417969	181.722213745117	133.361190795898
2160	10.795	614.309631347656	380.452178955078	203.965438842773	1024.73522949219	181.774566650391	128.420623779297
2161	10.8	610.189392089844	381.925445556641	208.659439086914	1038.56408691406	181.694061279297	124.081565856934
2162	10.805	606.079895019531	383.282867431641	213.081451416016	1051.68811035156	181.529083251953	120.221267700195
2163	10.81	601.948608398438	384.749603271484	217.677673339844	1064.20104980469	181.321075439453	117.004005432129
2164	10.815	597.598999023438	386.073364257812	222.442855834961	1076.01098632812	181.142883300781	114.22191619873
2165	10.82	593.078430175781	387.386535644531	227.482147216797	1086.93139648438	181.102722167969	112.03385925293
2166	10.825	588.600952148438	388.567626953125	232.655944824219	1096.84399414062	181.17121887207	110.195365905762
2167	10.83	584.367614746094	389.632293701172	238.087036132812	1105.55847167969	181.493682861328	108.837661743164
2168	10.835	580.416931152344	390.493804931641	243.554458618164	1113.35095214844	182.12776184082	107.505447387695
2169	10.84	576.921813964844	391.365173339844	249.118133544922	1119.71618652344	182.760238647461	106.159042358398
2170	10.845	573.924194335938	392.222290039062	254.720657348633	1124.89965820312	183.432144165039	104.665634155273
2171	10.85	571.470336914062	393.039123535156	260.339630126953	1128.85314941406	184.001800537109	102.959693908691
2172	10.855	569.48681640625	393.925598144531	265.810852050781	1131.8017578125	184.595626831055	100.806251525879
2173	10.86	568.004089355469	394.693817138672	271.316680908203	1133.41821289062	184.861038208008	98.5490951538086
2174	10.865	567.123474121094	395.52197265625	276.631408691406	1134.109375	185.291244506836	95.979736328125
2175	10.87	566.784423828125	396.372741699219	281.871002197266	1133.71569824219	185.715667724609	93.2932052612305
2176	10.875	566.984069824219	397.123626708984	286.932067871094	1132.40893554688	185.979965209961	90.918815612793
2177	10.88	567.781372070312	397.813568115234	291.852203369141	1130.02380371094	186.333892822266	89.1657562255859
2178	10.885	569.163818359375	398.461303710938	296.590515136719	1126.14611816406	187.056945800781	86.9922866821289
2179	10.89	571.077941894531	398.836975097656	301.155609130859	1120.37622070312	187.900497436523	85.0084075927734
2180	10.895	573.67333984375	399.341735839844	305.592651367188	1112.30822753906	188.862609863281	83.5648651123047
2181	10.9	576.89453125	399.737213134766	309.816986083984	1103.13354492188	189.739074707031	82.5344543457031
2182	10.905	580.750793457031	400.107788085938	313.835327148438	1092.71643066406	190.740509033203	82.1543960571289
2183	10.91	585.30517578125	400.405822753906	317.499206542969	1081.24816894531	192.192153930664	82.5575714111328
2184	10.915	590.47119140625	400.783050537109	321.026306152344	1070.71044921875	193.122970581055	83.94677734375
2185	10.92	596.3515625	401.187316894531	324.169860839844	1061.72314453125	193.874740600586	85.6051406860352
2186	10.925	602.808898925781	401.520843505859	327.04150390625	1052.91333007812	194.654373168945	86.9928359985352
2187	10.93	609.778991699219	401.824523925781	329.513916015625	1043.24914550781	195.348602294922	88.0602645874023
2188	10.935	617.170837402344	402.078125	331.562377929688	1032.43933105469	195.965545654297	89.1669082641602
2189	10.94	625.022888183594	402.309753417969	333.215515136719	1021.32934570312	196.456344604492	89.9493103027344
2190	10.945	633.184997558594	402.558410644531	334.430755615234	1010.31518554688	196.622268676758	90.3813934326172
2191	10.95	641.610778808594	402.909057617188	335.282470703125	999.20849609375	196.741088867188	90.5081253051758
2192	10.955	650.19482421875	403.27734375	335.596252441406	987.516235351562	196.90771484375	90.7273864746094
2193	10.96	658.927185058594	403.697967529297	335.484527587891	975.735046386719	197.127319335938	90.8676376342773
2194	10.965	667.803894042969	404.154602050781	334.980316162109	963.951782226562	197.414123535156	91.0612716674805
2195	10.97	676.80517578125	404.661926269531	333.995452880859	952.04833984375	197.664627075195	91.3560638427734
2196	10.975	685.848266601562	405.026519775391	332.477600097656	940.093322753906	197.994491577148	91.7883453369141
2197	10.98	694.981262207031	405.482299804688	330.620330810547	928.283203125	198.311126708984	92.1606140136719
2198	10.985	704.230529785156	405.841522216797	328.243225097656	916.196533203125	198.397979736328	92.4175643920898
2199	10.99	713.499145507812	406.1865234375	325.500427246094	904.063293457031	198.413269042969	92.9820709228516
2200	10.995	722.8291015625	406.393310546875	322.314666748047	891.954772949219	198.240798950195	93.5420532226562
2201	11.0	732.121276855469	406.585662841797	318.833892822266	879.840698242188	198.097671508789	94.1903305053711
2202	11.005	741.357543945312	406.696014404297	314.862762451172	867.784729003906	197.851470947266	95.0020599365234
2203	11.01	750.576965332031	406.755615234375	310.634735107422	855.800537109375	197.523880004883	95.9849090576172
2204	11.015	759.805053710938	406.746673583984	306.00244140625	843.892700195312	197.022842407227	97.1128768920898
2205	11.02	768.97900390625	406.647979736328	301.072113037109	832.059265136719	196.515594482422	98.4446640014648
2206	11.025	778.164978027344	406.474548339844	295.855224609375	820.299377441406	195.847091674805	100.03247833252
2207	11.03	787.511779785156	406.241821289062	290.273406982422	808.770202636719	195.19970703125	101.938346862793
2208	11.035	796.997619628906	405.759399414062	284.264556884766	797.34375	194.326705932617	104.174034118652
2209	11.04	806.604370117188	405.241882324219	278.053802490234	786.173767089844	193.404724121094	106.721984863281
2210	11.045	816.477294921875	404.609008789062	271.581390380859	775.298034667969	192.332534790039	109.561561584473
2211	11.05	826.458984375	403.902038574219	264.844696044922	765.063537597656	191.406204223633	112.43180847168
2212	11.055	836.702392578125	403.092437744141	257.924835205078	754.840881347656	190.290313720703	115.924476623535
2213	11.06	847.246765136719	402.268371582031	250.775985717773	744.944885253906	189.246047973633	119.642448425293
2214	11.065	857.892395019531	401.239318847656	243.402648925781	735.463195800781	188.137649536133	123.542945861816
2215	11.07	869.149658203125	400.291595458984	235.990493774414	726.251892089844	186.978134155273	127.643676757812
2216	11.075	880.449462890625	399.341033935547	228.446670532227	717.545043945312	185.788238525391	131.960861206055
2217	11.08	892.16845703125	398.442108154297	220.808868408203	709.335632324219	184.284042358398	136.332244873047
2218	11.085	904.168090820312	397.608306884766	213.131378173828	701.190246582031	183.135696411133	140.935485839844
2219	11.09	916.432678222656	396.745330810547	205.370391845703	693.1640625	182.182403564453	145.612838745117
2220	11.095	928.990234375	396.025085449219	197.701843261719	685.830078125	180.889495849609	150.304840087891
2221	11.1	941.660217285156	395.380065917969	190.063415527344	678.825866699219	179.542022705078	155.081359863281
2222	11.105	954.652526855469	394.92529296875	182.564239501953	672.191223144531	178.214294433594	159.914291381836
2223	11.11	967.667236328125	394.449554443359	175.211776733398	666.019226074219	176.743774414062	164.785308837891
2224	11.115	981.030395507812	394.111206054688	168.005599975586	660.30615234375	175.21208190918	169.697189331055
2225	11.12	994.425048828125	393.860321044922	161.099136352539	654.388854980469	174.21159362793	174.80534362793
2226	11.125	1008.06011962891	393.510620117188	154.42951965332	648.538269042969	173.496063232422	180.053863525391
2227	11.13	1021.63140869141	393.513763427734	148.251937866211	643.320190429688	172.651184082031	185.156814575195
2228	11.135	1035.05578613281	393.544921875	142.537490844727	638.35107421875	172.100219726562	190.125045776367
2229	11.14	1048.18566894531	393.602661132812	137.384490966797	633.418212890625	171.608261108398	195.31852722168
2230	11.145	1060.81823730469	393.717132568359	132.826309204102	628.506896972656	171.105484008789	200.610778808594
2231	11.15	1072.64587402344	393.800842285156	128.904037475586	623.440673828125	170.812606811523	205.727676391602
2232	11.155	1083.66821289062	393.805206298828	125.437576293945	618.117370605469	170.526794433594	210.872100830078
2233	11.16	1093.68933105469	393.756927490234	122.387191772461	612.462341308594	170.478256225586	216.156799316406
2234	11.165	1102.591796875	393.583648681641	119.890678405762	606.387939453125	170.508666992188	221.682327270508
2235	11.17	1110.47912597656	393.355743408203	117.834182739258	600.246887207031	170.708801269531	227.338485717773
2236	11.175	1117.32043457031	392.988464355469	116.010887145996	594.254333496094	171.007308959961	233.090454101562
2237	11.18	1122.89514160156	392.476623535156	114.525680541992	588.644836425781	171.3193359375	238.887756347656
2238	11.185	1127.513671875	391.818969726562	113.000923156738	583.642395019531	171.718780517578	244.723358154297
2239	11.19	1131.03039550781	391.057281494141	111.404350280762	579.187683105469	172.119979858398	250.671905517578
2240	11.195	1133.41821289062	390.368530273438	109.71556854248	575.286926269531	172.538787841797	256.658752441406
2241	11.2	1134.8662109375	389.708892822266	107.842269897461	572.063781738281	172.537841796875	262.500671386719
2242	11.205	1135.35913085938	389.195434570312	105.789100646973	569.554870605469	172.378433227539	268.206939697266
2243	11.21	1134.8896484375	388.908538818359	103.58332824707	567.703735351562	171.952529907227	273.75927734375
2244	11.215	1133.5712890625	388.895629882812	101.17781829834	566.526550292969	171.34309387207	279.123382568359
2245	11.22	1131.38293457031	388.916015625	98.5894088745117	565.941955566406	170.709823608398	284.299743652344
2246	11.225	1128.38195800781	388.882690429688	95.8954010009766	566.003784179688	170.041885375977	289.225769042969
2247	11.23	1124.52551269531	388.787506103516	93.9568710327148	566.788635253906	169.41764831543	293.8779296875
2248	11.235	1119.23278808594	388.142852783203	92.0267944335938	568.527099609375	168.492279052734	298.286865234375
2249	11.24	1110.484375	386.362884521484	90.6186141967773	570.639099121094	168.082962036133	302.294738769531
2250	11.245	1097.42834472656	383.747924804688	89.3254165649414	573.543762207031	167.873306274414	305.826690673828
2251	11.25	1084.20581054688	381.83447265625	88.9506988525391	577.035583496094	167.638320922852	309.248382568359
2252	11.255	1072.68005371094	380.782257080078	89.0916748046875	581.203369140625	167.612548828125	312.358337402344
2253	11.26	1062.41979980469	379.787261962891	89.9440231323242	586.081909179688	167.724914550781	315.129547119141
2254	11.265	1052.65185546875	378.985046386719	90.9957733154297	591.38232421875	168.059982299805	317.596221923828
2255	11.27	1041.86889648438	378.180297851562	92.3035125732422	597.190063476562	168.748825073242	319.774749755859
2256	11.275	1030.62329101562	377.658172607422	93.5853042602539	604.351745605469	168.750549316406	321.672088623047
2257	11.28	1019.14129638672	377.605682373047	94.4958572387695	611.533447265625	169.421051025391	323.178131103516
2258	11.285	1007.98303222656	378.085571289062	95.1910018920898	619.219848632812	170.180160522461	324.3525390625
2259	11.29	996.870666503906	378.924285888672	95.9738388061523	627.261840820312	171.026947021484	325.064910888672
2260	11.295	985.505737304688	379.854461669922	96.4454345703125	635.625732421875	171.886428833008	325.340942382812
2261	11.3	974.130737304688	380.507019042969	96.7346420288086	644.265808105469	172.755798339844	325.250183105469
2262	11.305	962.576599121094	381.014495849609	97.0617904663086	653.133056640625	173.598022460938	324.66796875
2263	11.31	950.856323242188	381.377960205078	97.4599151611328	662.245300292969	174.498840332031	323.612121582031
2264	11.315	938.985290527344	381.462738037109	97.9443588256836	671.436401367188	175.523864746094	322.166900634766
2265	11.32	927.080139160156	381.508666992188	98.5696105957031	680.790344238281	176.520919799805	320.351715087891
2266	11.325	915.166748046875	381.527069091797	99.2296142578125	690.314758300781	177.681549072266	318.057434082031
2267	11.33	903.195617675781	381.506195068359	100.010925292969	699.95166015625	178.820693969727	315.331237792969
2268	11.335	891.256164550781	381.563537597656	100.887062072754	709.651428222656	180.042846679688	312.232208251953
2269	11.34	879.315673828125	381.689361572266	101.890121459961	719.409362792969	181.380157470703	308.736114501953
2270	11.345	867.469848632812	381.819274902344	103.010482788086	729.238647460938	182.687042236328	304.860046386719
2271	11.35	855.708740234375	382.075988769531	104.309600830078	739.067687988281	184.049072265625	300.620300292969
2272	11.355	844.016052246094	382.413391113281	105.768287658691	748.948120117188	185.553970336914	296.010345458984
2273	11.36	832.524780273438	382.763275146484	107.487121582031	758.925476074219	187.119415283203	291.073852539062
2274	11.365	821.300170898438	383.139373779297	109.478553771973	769.015380859375	188.663848876953	285.779449462891
2275	11.37	810.215637207031	383.590637207031	111.822898864746	779.248291015625	190.326324462891	280.208648681641
2276	11.375	799.410034179688	384.114196777344	114.476257324219	789.610290527344	191.96044921875	274.309600830078
2277	11.38	788.885925292969	384.686737060547	117.37572479248	800.167053222656	193.59309387207	268.167907714844
2278	11.385	778.629089355469	385.28857421875	120.573913574219	810.713439941406	194.898803710938	261.795989990234
2279	11.39	768.687316894531	386.000457763672	123.976852416992	821.831237792969	196.428070068359	255.127410888672
2280	11.395	759.051574707031	386.848541259766	127.633117675781	833.59326171875	198.237686157227	248.071365356445
2281	11.4	749.713806152344	387.676788330078	131.413436889648	845.430541992188	199.593002319336	240.895431518555
2282	11.405	740.782287597656	388.639526367188	135.334030151367	857.465515136719	200.946075439453	233.604736328125
2283	11.41	732.140869140625	389.679473876953	139.50634765625	869.791320800781	202.187194824219	226.101776123047
2284	11.415	723.906799316406	390.789245605469	143.72737121582	882.404968261719	203.283126831055	218.560119628906
2285	11.42	716.033874511719	391.966888427734	148.047424316406	895.248474121094	204.313873291016	210.889877319336
2286	11.425	708.4794921875	393.193237304688	152.486724853516	908.3916015625	205.251617431641	203.126022338867
2287	11.43	701.331298828125	394.425537109375	156.984390258789	921.81201171875	206.063491821289	195.317565917969
2288	11.435	694.527709960938	395.688354492188	161.60578918457	935.458862304688	206.731353759766	187.676422119141
2289	11.44	688.02197265625	397.011413574219	166.343643188477	949.233276367188	207.344635009766	180.069305419922
2290	11.445	681.884399414062	398.354736328125	171.220916748047	963.265319824219	207.766372680664	172.547897338867
2291	11.45	676.031860351562	399.633392333984	176.162551879883	977.452819824219	208.058227539062	165.226684570312
2292	11.455	670.523132324219	400.980102539062	181.18913269043	991.63330078125	208.275665283203	158.035705566406
2293	11.46	665.429077148438	402.363433837891	186.306854248047	1005.93182373047	208.320297241211	151.107574462891
2294	11.465	660.571594238281	403.777038574219	191.365371704102	1020.18804931641	208.219024658203	144.585861206055
2295	11.47	655.906677246094	405.157928466797	196.366744995117	1034.28942871094	208.024810791016	138.546325683594
2296	11.475	651.482055664062	406.509552001953	201.333267211914	1048.26391601562	207.711883544922	132.850555419922
2297	11.48	647.086242675781	407.868560791016	206.238952636719	1061.90979003906	207.256896972656	127.804061889648
2298	11.485	642.874328613281	409.245086669922	211.056640625	1075.18542480469	206.737213134766	123.227882385254
2299	11.49	638.780212402344	410.460540771484	215.752014160156	1087.74633789062	206.014877319336	119.342025756836
2300	11.495	634.37158203125	411.742401123047	220.626205444336	1099.66613769531	205.320388793945	116.035789489746
2301	11.5	629.915283203125	412.938293457031	225.702499389648	1110.69372558594	204.647476196289	113.239715576172
2302	11.505	625.480651855469	414.048919677734	230.881042480469	1120.54724121094	204.09162902832	111.071266174316
2303	11.51	621.18212890625	415.129272460938	236.237670898438	1129.28527832031	203.906387329102	109.324111938477
2304	11.515	617.210205078125	416.016784667969	241.695068359375	1136.97998046875	203.969436645508	107.911094665527
2305	11.52	613.703247070312	416.828094482422	247.203643798828	1143.44030761719	204.211624145508	106.602905273438
2306	11.525	610.736206054688	417.584228515625	252.761779785156	1148.60778808594	204.486389160156	105.273811340332
2307	11.53	608.207336425781	418.302490234375	258.278045654297	1152.65881347656	204.842666625977	103.551498413086
2308	11.535	606.235168457031	418.942260742188	263.777862548828	1155.54309082031	205.23291015625	101.706047058105
2309	11.54	604.719909667969	419.555358886719	269.206268310547	1157.37817382812	205.708740234375	99.4674301147461
2310	11.545	603.779235839844	420.141937255859	274.523742675781	1158.09814453125	206.197555541992	97.0766983032227
2311	11.55	603.378540039062	420.713439941406	279.805816650391	1157.78540039062	206.832168579102	94.4692611694336
2312	11.555	603.511169433594	421.241302490234	284.949951171875	1156.44677734375	207.334609985352	92.0466995239258
2313	11.56	604.138427734375	421.631958007812	289.960693359375	1154.13513183594	207.767868041992	90.3205337524414
2314	11.565	605.319946289062	422.043060302734	294.862457275391	1150.61889648438	208.433517456055	88.5588684082031
2315	11.57	607.072509765625	422.268676757812	299.545349121094	1145.47094726562	209.177139282227	86.6381759643555
2316	11.575	609.448974609375	422.498443603516	304.044342041016	1138.34704589844	210.245254516602	85.1812896728516
2317	11.58	612.442626953125	422.427032470703	308.464630126953	1129.45825195312	211.23567199707	84.2804870605469
2318	11.585	616.129333496094	422.476867675781	312.573364257812	1119.03771972656	212.320053100586	83.7787551879883
2319	11.59	620.452575683594	422.426971435547	316.450866699219	1107.2470703125	213.857116699219	83.8166046142578
2320	11.595	625.520874023438	422.311553955078	319.838684082031	1096.2490234375	214.909133911133	84.9669952392578
2321	11.6	631.14501953125	422.287475585938	322.981689453125	1087.16223144531	215.688217163086	86.4044418334961
2322	11.605	637.3818359375	422.261199951172	325.760833740234	1078.732421875	216.351409912109	87.6824264526367
2323	11.61	644.113586425781	422.247924804688	328.111633300781	1069.32775878906	216.926513671875	88.8265609741211
2324	11.615	651.335571289062	422.183349609375	330.104034423828	1058.54370117188	217.799362182617	90.0705490112305
2325	11.62	658.815795898438	422.213714599609	331.655242919922	1047.38745117188	218.418548583984	90.9030151367188
2326	11.625	666.583740234375	422.179962158203	332.787811279297	1036.63256835938	218.646255493164	91.1317825317383
2327	11.63	674.600830078125	422.197174072266	333.449768066406	1025.44177246094	218.626800537109	91.3967819213867
2328	11.635	682.804809570312	422.248413085938	333.772369384766	1013.67724609375	218.766448974609	91.5536422729492
2329	11.64	691.197509765625	422.354370117188	333.598236083984	1001.72955322266	218.875213623047	91.6980133056641
2330	11.645	699.709106445312	422.546478271484	332.998840332031	989.808349609375	219.216949462891	91.6963195800781
2331	11.65	708.303466796875	422.704498291016	331.896148681641	977.682495117188	219.479568481445	91.9649200439453
2332	11.655	717.022155761719	422.860015869141	330.301391601562	965.4921875	219.790405273438	92.3169174194336
2333	11.66	725.823974609375	422.977783203125	328.223052978516	953.5732421875	220.065444946289	92.5220565795898
2334	11.665	734.694091796875	423.271789550781	325.705261230469	941.365295410156	220.02131652832	92.9503173828125
2335	11.67	743.631896972656	423.495422363281	322.721527099609	929.145812988281	219.905532836914	93.4309463500977
2336	11.675	752.572082519531	423.767211914062	319.307220458984	916.960571289062	219.597564697266	93.9415817260742
2337	11.68	761.596984863281	423.914276123047	315.483428955078	904.820434570312	219.201324462891	94.5285110473633
2338	11.685	770.606018066406	424.1220703125	311.318420410156	892.717712402344	218.771362304688	95.2421875
2339	11.69	779.482177734375	424.235076904297	306.784759521484	880.693237304688	218.355941772461	96.1111831665039
2340	11.695	788.489562988281	424.257568359375	301.845733642578	868.808654785156	217.832656860352	97.1176452636719
2341	11.7	797.470825195312	424.230285644531	296.568237304688	856.898559570312	217.28059387207	98.4114227294922
2342	11.705	806.565368652344	424.197387695312	290.992584228516	845.18701171875	216.546752929688	99.9574890136719
2343	11.71	815.815063476562	424.071990966797	285.086273193359	833.542175292969	215.737030029297	101.854995727539
2344	11.715	825.202758789062	423.75537109375	278.732238769531	821.972839355469	214.744445800781	104.055488586426
2345	11.72	834.801696777344	423.445861816406	272.239135742188	810.82861328125	213.695999145508	106.517280578613
2346	11.725	844.594360351562	422.979034423828	265.374633789062	799.823364257812	212.45783996582	109.250663757324
2347	11.73	854.576965332031	422.54052734375	258.35693359375	789.504699707031	211.366149902344	112.008033752441
2348	11.735	864.873107910156	422.015472412109	251.091796875	779.171508789062	210.072555541992	115.237380981445
2349	11.74	875.329833984375	421.360076904297	243.687393188477	769.162536621094	208.713287353516	118.63892364502
2350	11.745	886.138977050781	420.68505859375	236.154632568359	759.401611328125	207.282135009766	122.351638793945
2351	11.75	897.199279785156	419.931793212891	228.459487915039	750.044311523438	205.865417480469	126.147148132324
2352	11.755	908.604919433594	419.065338134766	220.661865234375	741.018371582031	204.50048828125	130.14013671875
2353	11.76	920.206787109375	418.1484375	212.881240844727	732.449462890625	202.879653930664	134.182189941406
2354	11.765	932.086975097656	417.079162597656	205.016525268555	724.066528320312	201.438339233398	138.411437988281
2355	11.77	944.16748046875	416.015991210938	197.292190551758	715.731689453125	200.269622802734	142.76025390625
2356	11.775	956.334106445312	414.961334228516	189.63883972168	707.866882324219	199.207916259766	147.122894287109
2357	11.78	968.697387695312	413.8330078125	182.115692138672	700.430114746094	197.843795776367	151.606109619141
2358	11.785	981.271118164062	412.731231689453	174.788345336914	693.206176757812	196.445343017578	156.171646118164
2359	11.79	994.082336425781	411.698822021484	167.66764831543	686.454345703125	194.980926513672	160.775497436523
2360	11.795	1006.84283447266	410.6435546875	160.958999633789	680.088928222656	193.402099609375	165.351821899414
2361	11.8	1019.81256103516	409.606384277344	154.543365478516	673.396301269531	192.437591552734	170.243911743164
2362	11.805	1032.48095703125	408.607849121094	148.520843505859	667.344665527344	191.224655151367	174.96337890625
2363	11.81	1044.943359375	407.554870605469	143.066635131836	661.51953125	190.263885498047	179.884841918945
2364	11.815	1056.88073730469	406.404235839844	137.996383666992	655.892700195312	189.418197631836	184.957275390625
2365	11.82	1068.25	405.258575439453	133.509750366211	650.333251953125	188.838638305664	189.993438720703
2366	11.825	1078.86169433594	404.087280273438	129.410400390625	644.716064453125	188.53303527832	194.902725219727
2367	11.83	1088.49926757812	402.809722900391	125.805191040039	638.98974609375	188.201995849609	199.927658081055
2368	11.835	1097.21594238281	401.605285644531	122.582633972168	633.081726074219	188.033599853516	204.936889648438
2369	11.84	1104.83972167969	400.354522705078	119.883316040039	626.85791015625	188.041625976562	210.022903442383
2370	11.845	1111.55212402344	399.039672851562	117.54704284668	620.302978515625	188.222290039062	215.301727294922
2371	11.85	1117.22619628906	397.725891113281	115.606742858887	613.453552246094	188.617202758789	220.832061767578
2372	11.855	1121.69421386719	396.29296875	114.021873474121	606.615295410156	189.102310180664	226.485702514648
2373	11.86	1125.29699707031	394.885162353516	112.351959228516	599.961364746094	190.045455932617	232.175643920898
2374	11.865	1127.70483398438	393.355590820312	110.718048095703	593.767761230469	190.748764038086	238.10334777832
2375	11.87	1128.99047851562	391.848724365234	109.013130187988	588.020874023438	191.492340087891	244.074096679688
2376	11.875	1129.40466308594	390.390960693359	107.190017700195	582.968933105469	192.313537597656	250.178024291992
2377	11.88	1128.98010253906	389.189697265625	105.230911254883	578.38037109375	193.122924804688	256.317321777344
2378	11.885	1127.66735839844	388.109893798828	103.167236328125	574.441589355469	193.738479614258	262.42919921875
2379	11.89	1125.68640136719	387.342224121094	100.827484130859	571.064697265625	194.196823120117	268.585754394531
2380	11.895	1122.94641113281	386.849578857422	98.3075332641602	568.399536132812	194.557739257812	274.647796630859
2381	11.9	1119.39440917969	386.459503173828	95.7653427124023	566.37548828125	194.776458740234	280.644012451172
2382	11.905	1115.04956054688	386.027038574219	93.7802734375	565.033142089844	194.765975952148	286.500274658203
2383	11.91	1109.17639160156	384.762542724609	92.0405502319336	564.359680175781	194.721893310547	292.169342041016
2384	11.915	1100.54772949219	382.488342285156	90.8149948120117	564.422424316406	194.590377807617	297.638092041016
2385	11.92	1087.74157714844	379.547698974609	89.5991973876953	565.283874511719	194.375350952148	302.966918945312
2386	11.925	1074.30297851562	377.063201904297	89.1229476928711	567.033386230469	194.295288085938	307.863494873047
2387	11.93	1062.32690429688	375.666809082031	89.0634231567383	569.585754394531	193.991836547852	312.754791259766
2388	11.935	1051.47009277344	374.856842041016	89.856201171875	572.957641601562	193.604751586914	317.310913085938
2389	11.94	1041.32116699219	374.314819335938	90.7294921875	577.21875	193.343215942383	321.608459472656
2390	11.945	1030.63696289062	373.867065429688	91.6776885986328	582.164672851562	193.010009765625	325.598236083984
2391	11.95	1019.34533691406	373.6240234375	92.8512420654297	587.716186523438	192.865539550781	329.282623291016
2392	11.955	1007.78802490234	373.668029785156	93.880729675293	593.818115234375	192.870742797852	332.609924316406
2393	11.96	996.545043945312	374.100891113281	94.5956420898438	601.112670898438	192.518325805664	335.390655517578
2394	11.965	985.567626953125	374.933929443359	95.4787673950195	608.371643066406	192.343032836914	337.733276367188
2395	11.97	974.360290527344	375.952972412109	96.0550384521484	616.015991210938	192.287002563477	339.561737060547
2396	11.975	963.018432617188	376.801971435547	96.3784408569336	623.571838378906	192.562072753906	340.822479248047
2397	11.98	951.551635742188	377.457397460938	96.6394577026367	632.272155761719	192.005264282227	341.537170410156
2398	11.985	939.982055664062	377.875457763672	96.9549179077148	640.549194335938	191.894622802734	341.695739746094
2399	11.99	928.024780273438	378.229583740234	97.4127655029297	649.128356933594	191.792556762695	341.241973876953
2400	11.995	916.138671875	378.314514160156	97.9406661987305	657.753479003906	191.736083984375	340.290954589844
2401	12.0	904.183166503906	378.360748291016	98.5487289428711	666.547058105469	191.694763183594	338.767517089844
2402	12.005	892.265747070312	378.315765380859	99.2152633666992	675.382446289062	191.7109375	336.808685302734
2403	12.01	880.373107910156	378.366577148438	100.065628051758	684.205993652344	191.884216308594	334.398986816406
2404	12.015	868.474731445312	378.386993408203	100.975280761719	693.089172363281	192.13916015625	331.510620117188
2405	12.02	856.722534179688	378.519592285156	102.039123535156	701.963684082031	192.441635131836	328.263763427734
2406	12.025	844.971130371094	378.692901611328	103.234764099121	710.915344238281	192.76628112793	324.563262939453
2407	12.03	833.313842773438	378.959259033203	104.621536254883	719.967102050781	193.302322387695	320.426177978516
2408	12.035	821.841247558594	379.235870361328	106.301086425781	729.07373046875	194.033264160156	316.000732421875
2409	12.04	810.527282714844	379.640319824219	108.171974182129	738.25048828125	194.808944702148	311.168853759766
2410	12.045	799.456726074219	380.143951416016	110.321914672852	747.555969238281	195.693283081055	305.995483398438
2411	12.05	788.603515625	380.666595458984	112.798400878906	756.982055664062	196.654510498047	300.496398925781
2412	12.055	777.965393066406	381.448913574219	115.605110168457	766.605773925781	197.665679931641	294.663116455078
2413	12.06	767.679077148438	382.254241943359	118.640296936035	776.381042480469	198.813583374023	288.580474853516
2414	12.065	757.676574707031	383.157440185547	121.884925842285	786.416564941406	200.024642944336	282.158325195312
2415	12.07	747.894775390625	384.162231445312	125.395523071289	796.501281738281	201.096450805664	275.591766357422
2416	12.075	738.577087402344	385.341705322266	129.029006958008	807.140441894531	202.455093383789	268.636138916016
2417	12.08	729.502807617188	386.46044921875	132.867034912109	817.904907226562	203.707534790039	261.577484130859
2418	12.085	720.833557128906	387.790008544922	136.909729003906	829.048034667969	205.003158569336	254.244552612305
2419	12.09	712.580688476562	389.063659667969	140.963806152344	840.424499511719	206.241119384766	246.81591796875
2420	12.095	704.602966308594	390.434417724609	145.241058349609	852.143127441406	207.381591796875	239.131057739258
2421	12.1	697.052124023438	391.785278320312	149.560806274414	864.178955078125	208.487899780273	231.445526123047
2422	12.105	689.707641601562	393.194641113281	153.931838989258	876.587951660156	209.509536743164	223.513671875
2423	12.11	682.767333984375	394.557067871094	158.28840637207	889.232543945312	210.446899414062	215.540344238281
2424	12.115	676.14892578125	396.008911132812	162.648910522461	901.768005371094	210.771224975586	207.742324829102
2425	12.12	669.771545410156	397.443878173828	167.044540405273	915.507690429688	211.804992675781	199.433166503906
2426	12.125	663.642578125	398.912933349609	171.374633789062	929.046508789062	212.248397827148	191.390441894531
2427	12.13	657.820861816406	400.379119873047	175.712677001953	942.9365234375	212.605529785156	183.432250976562
2428	12.135	652.196838378906	401.881713867188	180.14973449707	957.086059570312	212.809127807617	175.553833007812
2429	12.14	646.898315429688	403.41796875	184.544403076172	971.465209960938	212.836227416992	167.833740234375
2430	12.145	641.900329589844	404.963806152344	188.975555419922	985.919738769531	212.665435791016	160.344680786133
2431	12.15	637.123474121094	406.466796875	193.358444213867	1000.51965332031	212.386093139648	153.181610107422
2432	12.155	632.702880859375	407.910003662109	197.75276184082	1015.12408447266	211.941619873047	146.363250732422
2433	12.16	628.474365234375	409.247924804688	201.910308837891	1029.63647460938	211.389602661133	140.008026123047
2434	12.165	624.36376953125	410.546203613281	206.171844482422	1043.93286132812	210.492141723633	134.000244140625
2435	12.17	620.520263671875	411.883605957031	210.337966918945	1057.89501953125	209.684600830078	128.620864868164
2436	12.175	616.726257324219	413.12353515625	214.406921386719	1071.12487792969	208.845001220703	123.974998474121
2437	12.18	612.964111328125	414.380859375	218.490570068359	1083.83312988281	207.962493896484	119.698532104492
2438	12.185	609.142639160156	415.586547851562	222.607452392578	1095.74194335938	207.275634765625	115.973602294922
2439	12.19	605.130981445312	416.650360107422	227.007232666016	1106.42297363281	206.685028076172	112.868423461914
2440	12.195	601.113403320312	417.737915039062	231.638900756836	1115.9462890625	206.392013549805	110.218566894531
2441	12.2	597.230895996094	418.63525390625	236.319473266602	1124.19470214844	206.318954467773	108.007080078125
2442	12.205	593.558837890625	419.496612548828	241.195098876953	1131.08215332031	206.440551757812	106.006683349609
2443	12.21	590.249816894531	420.289886474609	246.164352416992	1136.95275878906	206.830688476562	103.913345336914
2444	12.215	587.323486328125	421.082061767578	251.24250793457	1141.5009765625	207.251937866211	101.778045654297
2445	12.22	584.9736328125	421.828918457031	256.294219970703	1144.95886230469	207.81315612793	99.3775939941406
2446	12.225	582.955871582031	422.499389648438	261.393249511719	1147.17565917969	208.163497924805	96.8195114135742
2447	12.23	581.628234863281	423.199005126953	266.447113037109	1148.41137695312	208.578323364258	94.0505676269531
2448	12.235	580.651428222656	423.748687744141	271.484313964844	1148.58728027344	208.746841430664	91.5512237548828
2449	12.24	580.357849121094	424.313659667969	276.453063964844	1147.77478027344	208.898468017578	89.5655136108398
2450	12.245	580.601501464844	424.77734375	281.363159179688	1145.25524902344	209.14582824707	87.3254165649414
2451	12.25	581.489074707031	425.188232421875	286.120239257812	1140.572265625	209.62239074707	85.3795166015625
2452	12.255	583.087524414062	425.497253417969	290.797760009766	1132.97839355469	210.303115844727	84.0462341308594
2453	12.26	585.396667480469	425.688201904297	295.257415771484	1123.15124511719	210.908584594727	83.4296340942383
2454	12.265	588.389709472656	425.68798828125	299.632019042969	1111.93798828125	211.817047119141	83.1936416625977
2455	12.27	592.2783203125	425.673461914062	303.716094970703	1099.79162597656	212.672241210938	83.8798217773438
2456	12.275	596.840698242188	425.641815185547	307.504577636719	1089.35046386719	213.002990722656	85.1531677246094
2457	12.28	602.288513183594	425.566955566406	311.009185791016	1080.74267578125	213.157257080078	86.3112487792969
2458	12.285	608.384521484375	425.449615478516	314.224578857422	1072.19946289062	213.373260498047	87.4347152709961
2459	12.29	615.078979492188	425.337799072266	317.105621337891	1062.63854980469	213.839172363281	88.7135238647461
2460	12.295	622.3681640625	425.152465820312	319.713958740234	1051.88500976562	214.719772338867	89.9467697143555
2461	12.3	630.114318847656	424.988220214844	321.859252929688	1041.03186035156	215.675308227539	90.5988845825195
2462	12.305	638.193359375	424.830780029297	323.739410400391	1030.26354980469	216.324249267578	90.8669509887695
2463	12.31	646.6943359375	424.719909667969	325.228759765625	1019.12036132812	216.934310913086	91.0278167724609
2464	12.315	655.411682128906	424.651306152344	326.269622802734	1007.58410644531	217.405456542969	91.1684494018555
2465	12.32	664.453002929688	424.717224121094	326.890289306641	995.831298828125	217.939636230469	91.3279190063477
2466	12.325	673.556945800781	424.701568603516	326.995635986328	983.983947753906	218.395523071289	91.5279083251953
2467	12.33	682.892028808594	424.958648681641	326.708312988281	971.956176757812	218.870330810547	91.7344131469727
2468	12.335	692.216979980469	425.220275878906	325.957427978516	959.774780273438	219.314270019531	92.1356658935547
2469	12.34	701.712341308594	425.623382568359	324.677673339844	947.890808105469	219.882843017578	92.1696395874023
2470	12.345	711.233520507812	425.999572753906	322.962493896484	935.431030273438	219.973617553711	92.6819000244141
2471	12.35	720.7724609375	426.413421630859	320.772277832031	923.195678710938	220.135513305664	93.0808944702148
2472	12.355	730.281799316406	426.760955810547	318.175842285156	910.928466796875	220.154281616211	93.5617446899414
2473	12.36	739.853332519531	427.086853027344	315.117279052734	898.766662597656	220.056335449219	94.0725326538086
2474	12.365	749.337280273438	427.161010742188	311.464874267578	886.623413085938	219.889266967773	94.8608245849609
2475	12.37	758.859558105469	427.299987792969	307.60205078125	874.580322265625	219.666900634766	95.7683029174805
2476	12.375	768.430358886719	427.341033935547	303.320037841797	862.562683105469	219.304595947266	96.8927688598633
2477	12.38	778.003845214844	427.309265136719	298.729675292969	850.631469726562	218.91389465332	98.0920028686523
2478	12.385	787.662963867188	427.235504150391	293.859008789062	838.81103515625	218.378173828125	99.5004348754883
2479	12.39	797.412475585938	427.0517578125	288.683074951172	827.087524414062	217.780868530273	101.167526245117
2480	12.395	807.298461914062	426.781066894531	283.163940429688	815.439453125	216.970794677734	103.251731872559
2481	12.4	817.371765136719	426.299621582031	277.239135742188	803.924682617188	216.149398803711	105.503036499023
2482	12.405	827.6474609375	425.701934814453	271.065246582031	792.659912109375	215.219741821289	108.182670593262
2483	12.41	837.971557617188	425.081634521484	264.760833740234	781.752258300781	214.181976318359	111.193923950195
2484	12.415	848.680236816406	424.3486328125	258.148803710938	771.201049804688	213.226867675781	114.568145751953
2485	12.42	859.567077636719	423.556823730469	251.361373901367	761.057983398438	212.247161865234	118.12134552002
2486	12.425	870.723754882812	422.744201660156	244.376770019531	751.181457519531	211.269592285156	121.968536376953
2487	12.43	882.086975097656	421.872711181641	237.18180847168	741.847412109375	210.042297363281	126.004280090332
2488	12.435	893.859985351562	420.956024169922	229.895645141602	732.515808105469	209.230453491211	130.37467956543
2489	12.44	905.78564453125	420.102783203125	222.446411132812	723.875	208.123382568359	134.816665649414
2490	12.445	918.138977050781	419.251068115234	214.914703369141	715.521423339844	207.036209106445	139.366195678711
2491	12.45	930.627319335938	418.458374023438	207.292449951172	707.505187988281	205.884918212891	144.023391723633
2492	12.455	943.502868652344	417.681915283203	199.624221801758	699.96337890625	204.746505737305	148.770736694336
2493	12.46	956.468566894531	417.051055908203	192.005386352539	692.899353027344	203.470413208008	153.604904174805
2494	12.465	969.782836914062	416.500030517578	184.459976196289	686.001037597656	202.244567871094	158.564071655273
2495	12.47	983.298645019531	415.978149414062	177.003082275391	679.1611328125	201.431823730469	163.661560058594
2496	12.475	997.000122070312	415.541717529297	169.764938354492	672.72900390625	200.407180786133	168.767913818359
2497	12.48	1010.95178222656	414.998565673828	162.668869018555	666.634582519531	199.459396362305	173.993804931641
2498	12.485	1025.04064941406	414.733795166016	155.947875976562	660.857482910156	198.704483032227	179.202255249023
2499	12.49	1039.12487792969	414.511596679688	149.589584350586	655.305053710938	197.937545776367	184.516677856445
2500	12.495	1053.32470703125	414.397552490234	143.702743530273	650.1318359375	197.758438110352	189.602874755859
2501	12.5	1067.18176269531	414.415740966797	138.395004272461	644.951599121094	197.131790161133	195.093460083008
2502	12.505	1080.67626953125	414.474761962891	133.596176147461	639.810546875	196.646926879883	200.471145629883
2503	12.51	1093.47961425781	414.503112792969	129.448959350586	634.628234863281	196.169555664062	205.831329345703
2504	12.515	1105.53063964844	414.542694091797	125.83470916748	629.296447753906	195.846160888672	211.295211791992
2505	12.52	1116.56750488281	414.488952636719	122.714057922363	623.682800292969	195.618103027344	216.864074707031
2506	12.525	1126.49450683594	414.392120361328	120.083999633789	617.729553222656	195.527084350586	222.588500976562
2507	12.53	1135.35229492188	414.304565429688	117.925239562988	611.746887207031	195.527145385742	228.472961425781
2508	12.535	1142.90063476562	414.160614013672	116.082458496094	605.953186035156	195.625076293945	234.487609863281
2509	12.54	1149.43273925781	414.051116943359	114.512062072754	600.528564453125	195.909683227539	240.637741088867
2510	12.545	1154.79309082031	413.855163574219	113.101066589355	595.703308105469	196.288024902344	246.911468505859
2511	12.55	1159.06506347656	413.715789794922	111.759223937988	591.480651855469	196.616195678711	253.196075439453
2512	12.555	1162.44006347656	413.664276123047	110.26872253418	587.714416503906	197.017532348633	259.627777099609
2513	12.56	1164.64050292969	413.538146972656	108.752906799316	584.565612792969	197.119720458984	265.925598144531
2514	12.565	1165.96716308594	413.705963134766	106.953842163086	582.005615234375	197.155883789062	272.185882568359
2515	12.57	1166.30737304688	414.014282226562	105.047714233398	580.076965332031	197.061309814453	278.381958007812
2516	12.575	1165.85144042969	414.462738037109	102.787452697754	578.805847167969	196.804672241211	284.430725097656
2517	12.58	1164.67358398438	415.12646484375	100.351272583008	578.228576660156	196.570251464844	290.339447021484
2518	12.585	1162.75500488281	416.006134033203	97.6277160644531	578.300964355469	196.241149902344	296.105010986328
2519	12.59	1159.98571777344	416.847900390625	95.1759643554688	579.063110351562	195.86946105957	301.709808349609
2520	12.595	1156.07885742188	417.157562255859	93.3351745605469	580.528564453125	195.558319091797	307.061614990234
2521	12.6	1150.06164550781	416.231079101562	91.2329788208008	582.718872070312	195.416656494141	312.047882080078
2522	12.605	1139.18676757812	413.750061035156	89.7031173706055	585.549438476562	195.266082763672	316.851593017578
2523	12.61	1125.29748535156	411.1162109375	88.6627807617188	588.989929199219	195.177047729492	321.371856689453
2524	12.615	1112.63818359375	409.287445068359	88.4190673828125	593.175354003906	195.285614013672	325.668243408203
2525	12.62	1101.67163085938	408.032531738281	88.874755859375	598.58935546875	194.997970581055	329.628173828125
2526	12.625	1091.93017578125	407.222625732422	90.0844955444336	604.385681152344	195.089431762695	333.231872558594
2527	12.63	1082.0078125	406.37158203125	91.2201843261719	610.816223144531	195.220581054688	336.486450195312
2528	12.635	1070.94177246094	405.686401367188	92.6776733398438	617.936340332031	195.532043457031	339.303192138672
2529	12.64	1059.517578125	405.337463378906	94.0014572143555	625.323547363281	196.229278564453	341.683197021484
2530	12.645	1048.18627929688	405.38037109375	94.8728942871094	633.569702148438	196.637649536133	343.618743896484
2531	12.65	1037.22338867188	406.008087158203	95.7676620483398	642.458923339844	196.916381835938	345.031097412109
2532	12.655	1026.27185058594	406.887542724609	96.5247955322266	651.412414550781	197.447601318359	345.941192626953
2533	12.66	1014.85614013672	407.646667480469	96.9754943847656	660.552856445312	198.014099121094	346.384552001953
2534	12.665	1003.5146484375	408.273010253906	97.2344284057617	669.853942871094	198.498657226562	346.336791992188
2535	12.67	991.977722167969	408.664367675781	97.3851013183594	679.231506347656	199.021453857422	345.741516113281
2536	12.675	980.151611328125	408.852569580078	97.7882232666016	688.744262695312	199.476547241211	344.727508544922
2537	12.68	968.208251953125	408.749206542969	98.1313552856445	698.240783691406	200.043090820312	343.269348144531
2538	12.685	956.215270996094	408.597473144531	98.6168670654297	707.849426269531	200.614303588867	341.309814453125
2539	12.69	944.214538574219	408.306549072266	99.0817718505859	717.511535644531	201.274108886719	338.9150390625
2540	12.695	932.124694824219	408.122955322266	99.7851333618164	727.202575683594	201.825836181641	336.000732421875
2541	12.7	920.028381347656	407.922943115234	100.564598083496	736.863891601562	202.685455322266	332.650695800781
2542	12.705	907.931335449219	407.843872070312	101.354072570801	746.443298339844	203.404907226562	328.958923339844
2543	12.71	895.933837890625	407.862121582031	102.420272827148	756.037536621094	204.260223388672	324.820434570312
2544	12.715	884.098083496094	407.958343505859	103.621528625488	765.616638183594	205.186050415039	320.367828369141
2545	12.72	872.378356933594	408.226013183594	105.085968017578	775.188354492188	206.183975219727	315.444549560547
2546	12.725	860.866943359375	408.573150634766	106.815376281738	784.725769042969	207.273880004883	310.204498291016
2547	12.73	849.642700195312	409.147644042969	108.888191223145	793.994018554688	208.148452758789	304.791656494141
2548	12.735	838.576599121094	409.774749755859	111.308128356934	804.024780273438	209.601577758789	298.742645263672
2549	12.74	827.847717285156	410.392395019531	113.89038848877	814.102600097656	211.116851806641	292.493530273438
2550	12.745	817.337341308594	411.306610107422	116.907279968262	824.325134277344	212.610717773438	285.962890625
2551	12.75	807.165832519531	412.180725097656	120.170608520508	834.819946289062	214.123916625977	279.102355957031
2552	12.755	797.279418945312	413.220520019531	123.666076660156	845.48828125	215.713455200195	272.083129882812
2553	12.76	787.661315917969	414.313232421875	127.362648010254	856.454711914062	217.280426025391	264.881530761719
2554	12.765	778.397277832031	415.362426757812	131.172348022461	867.7919921875	218.854309082031	257.334350585938
2555	12.77	769.462829589844	416.587707519531	135.18864440918	879.358459472656	220.388122558594	249.665710449219
2556	12.775	760.926086425781	417.798553466797	139.273818969727	891.325805664062	221.879592895508	241.85124206543
2557	12.78	752.700134277344	419.07763671875	143.524826049805	903.540832519531	223.356658935547	233.891540527344
2558	12.785	744.805786132812	420.363494873047	147.834854125977	916.073425292969	224.726318359375	225.812942504883
2559	12.79	737.223754882812	421.613464355469	152.199478149414	929.003112792969	226.027618408203	217.686767578125
2560	12.795	729.912963867188	422.870208740234	156.62727355957	942.217956542969	227.274917602539	209.438140869141
2561	12.8	722.881408691406	424.106719970703	161.101928710938	955.717895507812	228.465682983398	201.296768188477
2562	12.805	716.192260742188	425.361328125	165.649230957031	969.477355957031	229.549102783203	193.082214355469
2563	12.81	709.706176757812	426.619140625	170.230804443359	983.413879394531	230.476135253906	185.119613647461
2564	12.815	703.514038085938	427.809539794922	174.885665893555	997.650146484375	231.563537597656	177.03547668457
2565	12.82	697.613037109375	429.066680908203	179.650177001953	1011.84332275391	232.351318359375	169.401260375977
2566	12.825	691.995178222656	430.299438476562	184.397659301758	1026.06909179688	233.103256225586	162.056915283203
2567	12.83	686.678649902344	431.444641113281	189.194732666016	1040.31567382812	233.726928710938	155.097076416016
2568	12.835	681.669006347656	432.552124023438	193.943420410156	1054.51904296875	234.190032958984	148.581192016602
2569	12.84	676.8818359375	433.664154052734	198.709762573242	1068.76708984375	234.774505615234	142.201934814453
2570	12.845	672.244750976562	434.697204589844	203.397369384766	1082.72302246094	235.016983032227	136.471160888672
2571	12.85	667.765625	435.696441650391	208.109268188477	1096.30639648438	235.155883789062	131.217346191406
2572	12.855	663.217712402344	436.726776123047	212.821044921875	1109.37231445312	235.144912719727	126.463394165039
2573	12.86	658.833801269531	437.538391113281	217.385726928711	1121.66137695312	235.028518676758	122.393692016602
2574	12.865	654.197692871094	438.430694580078	222.216522216797	1133.2041015625	234.927551269531	118.747215270996
2575	12.87	649.403991699219	439.157958984375	227.29020690918	1143.68115234375	234.726043701172	115.870231628418
2576	12.875	644.745788574219	439.835845947266	232.529388427734	1153.19299316406	234.68684387207	113.479797363281
2577	12.88	640.267272949219	440.357208251953	237.994033813477	1161.56982421875	234.807418823242	111.572982788086
2578	12.885	636.119567871094	440.851715087891	243.627334594727	1168.65905761719	235.216690063477	109.962303161621
2579	12.89	632.462890625	441.198638916016	249.227523803711	1174.66198730469	235.821014404297	108.493041992188
2580	12.895	629.333068847656	441.466156005859	254.857574462891	1179.35180664062	236.520324707031	107.004844665527
2581	12.9	626.728332519531	441.751068115234	260.447540283203	1182.87316894531	237.374465942383	105.205406188965
2582	12.905	624.679138183594	442.026000976562	266.040191650391	1185.16845703125	238.049514770508	103.060234069824
2583	12.91	623.226135253906	442.359130859375	271.565979003906	1186.41076660156	238.686111450195	100.572822570801
2584	12.915	622.263366699219	442.577362060547	276.966003417969	1186.47009277344	239.308395385742	97.8490905761719
2585	12.92	621.908264160156	442.853973388672	282.232360839844	1185.55419921875	239.844451904297	94.903450012207
2586	12.925	622.100891113281	443.063446044922	287.366882324219	1183.57421875	240.237884521484	92.0932846069336
2587	12.93	622.900085449219	443.275573730469	292.347259521484	1180.79711914062	240.529159545898	89.9718399047852
2588	12.935	624.242309570312	443.460968017578	297.019653320312	1176.76428222656	241.040161132812	88.0079040527344
2589	12.94	626.234741210938	443.319549560547	301.745849609375	1171.10107421875	241.846969604492	85.7379608154297
2590	12.945	628.862060546875	443.342376708984	306.098541259766	1163.49182128906	242.832656860352	83.9339828491211
2591	12.95	632.166198730469	443.299530029297	310.286895751953	1154.69177246094	243.872360229492	82.7484359741211
2592	12.955	636.067749023438	443.167419433594	314.050903320312	1144.81420898438	244.971527099609	82.0669326782227
2593	12.96	640.638061523438	443.036590576172	317.659820556641	1133.21655273438	246.677459716797	82.0792922973633
2594	12.965	645.8349609375	442.977416992188	321.059875488281	1122.06262207031	247.811737060547	83.2051849365234
2595	12.97	651.747924804688	442.977264404297	324.201721191406	1112.79577636719	248.580215454102	84.5555953979492
2596	12.975	658.270202636719	442.862854003906	326.978759765625	1104.08801269531	249.184188842773	85.7671966552734
2597	12.98	665.247253417969	442.86279296875	329.490692138672	1094.86767578125	249.738220214844	86.740234375
2598	12.985	672.685302734375	442.732757568359	331.570587158203	1084.40270996094	250.338287353516	87.684944152832
2599	12.99	680.474365234375	442.578521728516	333.369384765625	1073.24145507812	250.726013183594	88.5388488769531
2600	12.995	688.539245605469	442.37548828125	334.739868164062	1062.17687988281	250.955062866211	88.9470825195312
2601	13.0	696.933837890625	442.266143798828	335.702331542969	1050.98559570312	250.891693115234	89.1319046020508
2602	13.005	705.461303710938	442.171569824219	336.305633544922	1039.2275390625	250.907745361328	89.3163604736328
2603	13.01	714.091430664062	442.144470214844	336.466918945312	1027.33666992188	250.93115234375	89.5585784912109
2604	13.015	722.917785644531	442.21826171875	336.149078369141	1015.37426757812	250.943878173828	89.643913269043
2605	13.02	731.792663574219	442.270782470703	335.384063720703	1003.27264404297	251.026565551758	89.9364852905273
2606	13.025	740.739196777344	442.411193847656	334.208374023438	991.061706542969	251.083450317383	90.3223342895508
2607	13.03	749.916625976562	442.319030761719	332.287261962891	978.911376953125	251.264633178711	90.6679916381836
2608	13.035	758.957214355469	442.359344482422	330.208740234375	966.846435546875	251.342880249023	90.8432769775391
2609	13.04	768.230163574219	442.370513916016	327.625335693359	954.539184570312	251.330047607422	91.2964172363281
2610	13.045	777.449340820312	442.367736816406	324.683471679688	942.263000488281	251.215057373047	91.7882614135742
2611	13.05	786.655029296875	442.208404541016	321.272186279297	930.067077636719	251.031341552734	92.3250274658203
2612	13.055	795.780822753906	442.051910400391	317.584320068359	917.938415527344	250.75032043457	93.0550155639648
2613	13.06	804.93359375	441.730010986328	313.443084716797	905.885986328125	250.451080322266	93.9063720703125
2614	13.065	813.969543457031	441.368347167969	309.069274902344	893.904968261719	250.097564697266	94.9348983764648
2615	13.07	823.089111328125	441.069549560547	304.329559326172	882.022033691406	249.607574462891	96.1212997436523
2616	13.075	832.211242675781	440.563110351562	299.280853271484	870.221862792969	249.017654418945	97.5050048828125
2617	13.08	841.3701171875	440.122131347656	293.928833007812	858.288391113281	248.291534423828	99.2260284423828
2618	13.085	850.651062011719	439.573760986328	288.220001220703	846.826904296875	247.556243896484	101.143028259277
2619	13.09	860.039855957031	438.817230224609	282.130859375	835.486511230469	246.640029907227	103.394165039062
2620	13.095	869.588806152344	438.132720947266	275.734649658203	824.389770507812	245.593994140625	105.991409301758
2621	13.1	879.334228515625	437.403106689453	269.138580322266	813.589111328125	244.470626831055	109.015937805176
2622	13.105	889.296020507812	436.725799560547	262.210632324219	803.132995605469	243.182159423828	112.235855102539
2623	13.11	899.41796875	436.118133544922	255.059860229492	793.356323242188	242.014877319336	115.32120513916
2624	13.115	910.112854003906	435.231384277344	247.592727661133	783.7333984375	240.611236572266	118.981246948242
2625	13.12	920.945068359375	434.598724365234	239.932113647461	774.647399902344	238.957565307617	122.722793579102
2626	13.125	932.148681640625	433.930541992188	232.120086669922	765.227661132812	237.6640625	127.117568969727
2627	13.13	943.677185058594	433.323791503906	224.166275024414	756.690307617188	236.083618164062	131.284439086914
2628	13.135	955.474304199219	432.703002929688	216.153472900391	748.457458496094	234.382141113281	135.678344726562
2629	13.14	967.666381835938	432.067535400391	208.143127441406	740.628295898438	232.609756469727	140.14225769043
2630	13.145	980.094055175781	431.376586914062	200.11164855957	733.084594726562	230.72492980957	144.682174682617
2631	13.15	992.744506835938	430.67138671875	192.369567871094	725.920654296875	228.770965576172	149.194213867188
2632	13.155	1005.58825683594	429.907165527344	184.687881469727	719.261840820312	226.872024536133	153.667221069336
2633	13.16	1018.53863525391	429.099609375	177.266326904297	712.894714355469	224.663528442383	158.277435302734
2634	13.165	1031.49548339844	428.242889404297	170.094604492188	706.673400878906	222.520706176758	162.944946289062
2635	13.17	1044.43603515625	427.37646484375	163.226654052734	700.554443359375	220.894027709961	167.713500976562
2636	13.175	1057.21166992188	426.387908935547	156.69026184082	694.794494628906	218.897186279297	172.49951171875
2637	13.18	1069.72229003906	425.406890869141	150.586441040039	689.424255371094	217.236541748047	177.254623413086
2638	13.185	1082.01086425781	424.2939453125	144.955062866211	684.319091796875	215.555679321289	182.146697998047
2639	13.19	1093.81018066406	422.981384277344	139.790634155273	679.404418945312	213.862945556641	187.025390625
2640	13.195	1104.98461914062	421.768249511719	135.171325683594	674.721374511719	212.606674194336	191.693405151367
2641	13.2	1115.47888183594	420.463470458984	130.991561889648	670.182434082031	211.192596435547	196.440933227539
2642	13.205	1125.00329589844	419.121673583984	127.2783203125	665.597290039062	209.844375610352	201.115127563477
2643	13.21	1133.63024902344	417.702270507812	123.89176940918	661.141784667969	208.568618774414	205.700820922852
2644	13.215	1141.37841796875	416.433441162109	121.004211425781	656.743713378906	207.390625	210.282196044922
2645	13.22	1147.99389648438	415.068969726562	118.550247192383	652.278015136719	206.316833496094	214.890106201172
2646	13.225	1153.68334960938	413.654571533203	116.276298522949	647.778503417969	205.260406494141	219.655563354492
2647	13.23	1158.54675292969	412.192810058594	114.30233001709	643.0498046875	204.390899658203	224.643524169922
2648	13.235	1162.3544921875	410.812561035156	112.324974060059	638.405639648438	203.47184753418	229.79264831543
2649	13.24	1164.99243164062	409.242889404297	110.446464538574	634.11083984375	202.729293823242	235.074264526367
2650	13.245	1166.63525390625	407.894866943359	108.526481628418	630.156005859375	201.997161865234	240.51091003418
2651	13.25	1167.17895507812	406.590942382812	106.525047302246	626.674011230469	201.320297241211	245.961761474609
2652	13.255	1166.74194335938	405.411437988281	104.324638366699	623.732849121094	200.985260009766	251.521759033203
2653	13.26	1165.44494628906	404.543640136719	102.10774230957	621.410095214844	200.147033691406	257.118225097656
2654	13.265	1163.24645996094	403.747192382812	99.6353302001953	619.784362792969	199.528747558594	262.722747802734
2655	13.27	1160.1591796875	403.208129882812	97.0990142822266	618.762939453125	198.847274780273	268.218200683594
2656	13.275	1156.28991699219	402.838958740234	94.764045715332	618.43408203125	198.059844970703	273.600036621094
2657	13.28	1151.322265625	402.294403076172	92.9491500854492	618.750305175781	197.356796264648	278.907836914062
2658	13.285	1144.666015625	400.971252441406	90.8316497802734	619.795043945312	196.715423583984	284.007141113281
2659	13.29	1135.31274414062	398.758911132812	89.3971481323242	621.546142578125	196.107955932617	288.799560546875
2660	13.295	1122.78662109375	396.221069335938	87.9355926513672	623.9189453125	195.606552124023	293.338287353516
2661	13.3	1109.70349121094	393.877746582031	87.5355987548828	627.026184082031	195.168884277344	297.554077148438
2662	13.305	1098.3505859375	392.585418701172	87.6042556762695	631.605651855469	194.178527832031	301.419982910156
2663	13.31	1088.08032226562	391.520477294922	88.4760971069336	636.553344726562	193.695373535156	305.006286621094
2664	13.315	1078.19665527344	390.567535400391	89.4889450073242	642.240783691406	193.154434204102	308.234771728516
2665	13.32	1067.7255859375	389.817626953125	90.6641540527344	648.646362304688	192.76530456543	311.056121826172
2666	13.325	1056.70922851562	389.384094238281	91.9406967163086	655.556091308594	192.469985961914	313.476959228516
2667	13.33	1045.32861328125	389.337432861328	92.9685668945312	663.031982421875	192.313095092773	315.474731445312
2668	13.335	1034.25244140625	389.768005371094	93.6960830688477	670.824645996094	192.202209472656	316.951812744141
2669	13.34	1023.24841308594	390.477478027344	94.5202255249023	679.067504882812	192.058074951172	318.052307128906
2670	13.345	1012.09338378906	391.297515869141	95.1365661621094	687.510803222656	192.023956298828	318.620361328125
2671	13.35	1000.74047851562	391.952178955078	95.5567932128906	696.242004394531	192.012924194336	318.663757324219
2672	13.355	989.291809082031	392.467742919922	95.9143295288086	705.177612304688	191.98844909668	318.124298095703
2673	13.36	977.564147949219	392.745269775391	96.3884048461914	714.355895996094	191.804489135742	317.064208984375
2674	13.365	965.803100585938	392.797882080078	96.834114074707	723.599243164062	191.696502685547	315.457946777344
2675	13.37	953.866516113281	392.767517089844	97.3582153320312	733.02001953125	191.613189697266	313.380706787109
2676	13.375	941.952270507812	392.766571044922	97.9601593017578	742.566589355469	191.580810546875	310.61328125
2677	13.38	929.949768066406	392.740570068359	98.624641418457	752.144775390625	191.460113525391	307.459899902344
2678	13.385	917.968017578125	392.801208496094	99.4687271118164	761.695556640625	191.327377319336	303.830108642578
2679	13.39	906.001831054688	392.921966552734	100.382102966309	771.28857421875	191.304641723633	299.800018310547
2680	13.395	894.107666015625	393.125518798828	101.447532653809	780.945068359375	191.279830932617	295.325469970703
2681	13.4	882.312866210938	393.3603515625	102.674743652344	790.676452636719	191.394439697266	290.475677490234
2682	13.405	870.620178222656	393.759399414062	104.143325805664	800.513244628906	191.461212158203	285.277160644531
2683	13.41	859.153747558594	394.22412109375	105.900650024414	810.379516601562	191.488342285156	279.759460449219
2684	13.415	847.862426757812	394.748443603516	107.957496643066	820.62255859375	191.861068725586	273.843872070312
2685	13.42	836.892822265625	395.268127441406	110.306716918945	831.084777832031	192.175323486328	267.653472900391
2686	13.425	826.18115234375	395.866180419922	112.925384521484	841.722534179688	192.54768371582	261.224182128906
2687	13.43	815.751831054688	396.551483154297	115.870231628418	852.619506835938	193.016326904297	254.576797485352
2688	13.435	805.47412109375	397.251373291016	119.044761657715	863.755859375	193.594390869141	247.621200561523
2689	13.44	795.666259765625	398.077697753906	122.447662353516	875.16796875	194.119750976562	240.537094116211
2690	13.445	786.084716796875	398.903533935547	126.102874755859	886.699584960938	194.710739135742	233.292953491211
2691	13.45	776.861877441406	399.874053955078	129.861022949219	898.5009765625	195.300491333008	225.909454345703
2692	13.455	767.875244140625	400.847869873047	133.829635620117	910.506225585938	195.939636230469	218.453704833984
2693	13.46	759.315002441406	401.951751708984	137.858673095703	922.738891601562	196.480133056641	211.03059387207
2694	13.465	750.976257324219	403.0703125	141.99430847168	935.215698242188	197.132522583008	203.531097412109
2695	13.47	743.030334472656	404.255249023438	146.235549926758	948.027648925781	197.765991210938	196.052642822266
2696	13.475	735.378784179688	405.470733642578	150.505233764648	961.198913574219	198.446578979492	188.511138916016
2697	13.48	728.0576171875	406.679840087891	154.862228393555	974.269897460938	198.907318115234	181.324340820312
2698	13.485	721.123352050781	407.953491210938	159.256240844727	987.763854980469	199.482070922852	174.097137451172
2699	13.49	714.353149414062	409.234191894531	163.738815307617	1001.0712890625	199.706039428711	167.468887329102
2700	13.495	708.010070800781	410.634765625	168.322265625	1014.65960693359	200.018188476562	160.913833618164
2701	13.5	701.919067382812	411.977478027344	172.948150634766	1028.27160644531	200.247665405273	154.621978759766
2702	13.505	696.214477539062	413.365875244141	177.670333862305	1041.71301269531	200.23551940918	148.68537902832
2703	13.51	690.693298339844	414.734405517578	182.478637695312	1055.00256347656	200.326126098633	143.176147460938
2704	13.515	685.552429199219	416.085815429688	187.334686279297	1067.96813964844	200.28498840332	138.059143066406
2705	13.52	680.640075683594	417.449371337891	192.176528930664	1080.5341796875	200.252014160156	133.386642456055
2706	13.525	675.863037109375	418.783355712891	197.009246826172	1092.42712402344	200.098541259766	129.274291992188
2707	13.53	671.258544921875	420.031158447266	201.721237182617	1103.74072265625	199.960159301758	125.574760437012
2708	13.535	666.75146484375	421.366882324219	206.349411010742	1114.28503417969	199.981414794922	122.345054626465
2709	13.54	662.383544921875	422.718017578125	210.989044189453	1123.97961425781	200.07341003418	119.575050354004
2710	13.545	658.018249511719	424.015838623047	215.697784423828	1132.62866210938	200.130737304688	117.231140136719
2711	13.55	653.53955078125	425.20947265625	220.551635742188	1140.33874511719	200.41145324707	115.279624938965
2712	13.555	649.130920410156	426.376739501953	225.662872314453	1146.97106933594	200.800811767578	113.624839782715
2713	13.56	644.982482910156	427.436248779297	230.842834472656	1152.70776367188	201.492324829102	112.10888671875
2714	13.565	641.201232910156	428.4375	236.140533447266	1157.19775390625	202.345199584961	110.789337158203
2715	13.57	637.920288085938	429.319000244141	241.506576538086	1160.73803710938	203.345062255859	109.360290527344
2716	13.575	635.121765136719	430.205596923828	246.878219604492	1163.12536621094	204.482177734375	107.734497070312
2717	13.58	632.7412109375	430.982788085938	252.244842529297	1164.53942871094	205.642639160156	105.745018005371
2718	13.585	630.966186523438	431.798553466797	257.566131591797	1164.99951171875	206.724502563477	103.497055053711
2719	13.59	629.653686523438	432.517669677734	262.838500976562	1164.62255859375	207.803604125977	100.986679077148
2720	13.595	628.844543457031	433.074737548828	267.848266601562	1163.11437988281	208.660705566406	98.3051147460938
2721	13.6	628.526611328125	433.639617919922	272.939910888672	1160.90356445312	209.567977905273	95.3822784423828
2722	13.605	628.76123046875	434.132598876953	277.858734130859	1157.84057617188	210.17790222168	92.5683059692383
2723	13.61	629.508056640625	434.544677734375	282.711242675781	1154.26684570312	210.647705078125	90.374153137207
2724	13.615	630.868347167969	434.871459960938	287.363739013672	1149.79150390625	211.253768920898	88.4935836791992
2725	13.62	632.789611816406	435.057312011719	291.874847412109	1143.85815429688	212.065185546875	86.4116516113281
2726	13.625	635.367614746094	435.183776855469	296.162322998047	1136.275390625	213.437133789062	84.9176864624023
2727	13.63	638.560180664062	434.937530517578	300.323608398438	1127.05834960938	215.05029296875	83.9480361938477
2728	13.635	642.443725585938	434.939483642578	304.164978027344	1115.62060546875	217.349700927734	83.3758392333984
2729	13.64	646.978942871094	434.731994628906	307.806030273438	1103.06896972656	219.315063476562	83.7230453491211
2730	13.645	652.205139160156	434.58642578125	311.041076660156	1092.375	220.235168457031	85.009147644043
2731	13.65	658.11181640625	434.486022949219	313.967620849609	1083.56408691406	220.920455932617	86.3285827636719
2732	13.655	664.593444824219	434.351959228516	316.523864746094	1074.57397460938	221.721282958984	87.6233749389648
2733	13.66	671.59228515625	434.243255615234	318.735290527344	1064.69262695312	222.577819824219	88.8389053344727
2734	13.665	678.981323242188	434.069549560547	320.478332519531	1053.82604980469	223.525588989258	90.0360565185547
2735	13.67	686.698059082031	433.915710449219	321.84814453125	1042.76721191406	224.122665405273	90.8928298950195
2736	13.675	694.691284179688	433.859924316406	322.822082519531	1031.68566894531	224.411056518555	91.4348373413086
2737	13.68	702.865234375	433.830017089844	323.313812255859	1020.38336181641	224.684707641602	91.7502136230469
2738	13.685	711.216674804688	433.791137695312	323.335571289062	1008.68933105469	224.897521972656	92.0622253417969
2739	13.69	719.696472167969	433.8720703125	322.907958984375	996.963195800781	225.139938354492	92.2419281005859
2740	13.695	728.326904296875	434.005249023438	322.031066894531	985.256286621094	225.623641967773	92.2078399658203
2741	13.7	736.955749511719	434.079864501953	320.698455810547	973.184753417969	225.967239379883	92.5428466796875
2742	13.705	745.755432128906	434.253265380859	318.843688964844	961.071350097656	226.261474609375	92.836799621582
2743	13.71	754.552062988281	434.139495849609	316.389099121094	948.954284667969	226.332595825195	93.2053680419922
2744	13.715	763.462524414062	434.210571289062	313.681213378906	936.747375488281	226.360198974609	93.4964828491211
2745	13.72	772.456604003906	434.171661376953	310.512084960938	924.480163574219	226.130065917969	93.9492034912109
2746	13.725	781.4736328125	434.112701416016	306.853973388672	912.304809570312	225.827819824219	94.4371643066406
2747	13.73	790.548522949219	434.017883300781	302.914184570312	900.160400390625	225.465454101562	95.0470352172852
2748	13.735	799.662170410156	433.921539306641	298.559173583984	887.955993652344	224.896347045898	95.7696380615234
2749	13.74	808.705688476562	433.726409912109	293.863067626953	875.903503417969	224.277893066406	96.6519775390625
2750	13.745	817.852111816406	433.451141357422	288.791931152344	863.967346191406	223.597061157227	97.7253952026367
2751	13.75	826.927978515625	433.100830078125	283.44677734375	852.040771484375	222.90071105957	99.0683746337891
2752	13.755	836.158264160156	432.614532470703	277.675994873047	840.367065429688	222.057723999023	100.545715332031
2753	13.76	845.333740234375	432.049652099609	271.796081542969	828.85693359375	221.152389526367	102.401588439941
2754	13.765	854.727294921875	431.440826416016	265.551086425781	817.487487792969	220.184951782227	104.593742370605
2755	13.77	864.209045410156	430.721588134766	259.042388916016	806.332824707031	219.111206054688	107.086982727051
2756	13.775	873.992797851562	429.929595947266	252.276123046875	795.443176269531	217.932403564453	110.111511230469
2757	13.78	883.784240722656	429.073150634766	245.289489746094	784.893371582031	216.739654541016	113.292434692383
2758	13.785	893.866333007812	428.285675048828	238.141571044922	774.6865234375	215.607681274414	116.742835998535
2759	13.79	904.498840332031	427.039978027344	230.64599609375	764.769592285156	214.414154052734	120.474258422852
2760	13.795	915.259155273438	426.125183105469	223.155151367188	755.606262207031	213.508178710938	123.889442443848
2761	13.8	926.321350097656	425.109924316406	215.462142944336	746.540710449219	212.128219604492	128.011642456055
2762	13.805	937.728088378906	424.191619873047	207.759689331055	738.06640625	210.526794433594	132.161209106445
2763	13.81	949.323059082031	423.328033447266	199.974792480469	729.167846679688	209.568115234375	136.679122924805
2764	13.815	961.234741210938	422.431854248047	192.243148803711	721.100036621094	208.188018798828	141.140594482422
2765	13.82	973.257446289062	421.678375244141	184.615783691406	713.390869140625	206.804489135742	145.689605712891
2766	13.825	985.692565917969	420.8681640625	177.033813476562	706.048278808594	205.396331787109	150.347076416016
2767	13.83	998.34912109375	420.234588623047	169.690353393555	699.077392578125	203.917694091797	155.06364440918
2768	13.835	1011.06256103516	419.673095703125	162.630249023438	692.604736328125	202.378677368164	159.801284790039
2769	13.84	1024.09008789062	419.177001953125	155.805358886719	686.502197265625	200.778335571289	164.637405395508
2770	13.845	1037.04162597656	418.750366210938	149.47004699707	680.065490722656	199.695159912109	169.545867919922
2771	13.85	1049.94738769531	418.317749023438	143.495239257812	674.430053710938	198.384170532227	174.410858154297
2772	13.855	1062.63525390625	418.044830322266	138.08708190918	668.899658203125	197.218124389648	179.295516967773
2773	13.86	1074.85900878906	417.745849609375	133.147994995117	663.655639648438	196.428573608398	184.129440307617
2774	13.865	1086.50354003906	417.49755859375	128.78239440918	658.856994628906	195.48664855957	189.014038085938
2775	13.87	1097.501953125	417.286682128906	124.821929931641	654.267395019531	194.750503540039	193.829940795898
2776	13.875	1107.55554199219	417.020874023438	121.357009887695	649.84130859375	194.064239501953	198.64192199707
2777	13.88	1116.74475097656	416.796173095703	118.353591918945	645.467468261719	193.664321899414	203.236190795898
2778	13.885	1124.89562988281	416.630584716797	115.749656677246	641.033020019531	193.112152099609	207.803924560547
2779	13.89	1132.07263183594	416.469451904297	113.597434997559	636.513244628906	192.560073852539	212.288604736328
2780	13.895	1138.07104492188	416.351135253906	111.758949279785	631.978942871094	192.077194213867	216.787719726562
2781	13.9	1143.17565917969	416.132476806641	110.087631225586	627.390686035156	191.751510620117	221.469573974609
2782	13.905	1147.12976074219	416.007568359375	108.517478942871	622.591918945312	191.545913696289	226.415328979492
2783	13.91	1150.05017089844	415.988952636719	106.817222595215	617.752014160156	191.504440307617	231.464248657227
2784	13.915	1151.86462402344	416.044189453125	105.145645141602	613.422424316406	191.590362548828	236.754760742188
2785	13.92	1152.70080566406	416.189025878906	103.271797180176	609.445129394531	191.791198730469	242.126586914062
2786	13.925	1152.61694335938	416.538238525391	101.249206542969	606.017761230469	192.142807006836	247.621475219727
2787	13.93	1151.6005859375	417.122497558594	99.0666732788086	603.227905273438	192.559539794922	253.060302734375
2788	13.935	1149.78137207031	417.872161865234	96.7262115478516	600.977844238281	193.00260925293	258.546783447266
2789	13.94	1146.93273925781	418.678436279297	95.0142288208008	599.276062011719	193.465118408203	263.999847412109
2790	13.945	1142.87023925781	419.059234619141	93.442253112793	598.318969726562	193.679962158203	269.303924560547
2791	13.95	1136.64672851562	418.617584228516	91.803108215332	597.98388671875	193.831481933594	274.412414550781
2792	13.955	1126.44738769531	416.829315185547	90.7827301025391	598.370361328125	194.149276733398	279.171112060547
2793	13.96	1112.88562011719	414.678649902344	89.8772430419922	599.422668457031	194.116363525391	283.907440185547
2794	13.965	1099.83325195312	412.998352050781	89.6642532348633	601.18408203125	194.139358520508	288.429260253906
2795	13.97	1088.31604003906	411.964599609375	89.9074172973633	603.790954589844	194.116027832031	292.726409912109
2796	13.975	1078.14318847656	411.120574951172	90.837272644043	607.199401855469	194.041351318359	296.834869384766
2797	13.98	1068.37548828125	410.599456787109	91.9544067382812	611.439514160156	193.999221801758	300.640777587891
2798	13.985	1057.65173339844	409.930389404297	93.0690994262695	616.448059082031	194.119476318359	304.149261474609
2799	13.99	1046.39306640625	409.465118408203	94.3583831787109	621.92724609375	194.463043212891	307.313446044922
2800	13.995	1034.97204589844	409.278717041016	95.27783203125	628.00927734375	194.885025024414	310.167266845703
2801	14.0	1023.95458984375	409.509307861328	95.9594192504883	635.371337890625	194.88166809082	312.556793212891
2802	14.005	1013.02301025391	410.161193847656	96.5471954345703	642.573181152344	195.366516113281	314.600830078125
2803	14.01	1001.71057128906	411.142242431641	97.0949478149414	650.093505859375	195.937515258789	316.244995117188
2804	14.015	990.255310058594	411.650543212891	97.3327484130859	657.866943359375	196.533645629883	317.372497558594
2805	14.02	978.6787109375	411.993103027344	97.5530242919922	665.75830078125	197.179016113281	318.09423828125
2806	14.025	966.901611328125	412.185577392578	97.9117813110352	673.897216796875	197.850051879883	318.299194335938
2807	14.03	955.019287109375	412.212219238281	98.3738174438477	682.223205566406	198.433502197266	318.002349853516
2808	14.035	943.091491699219	412.154876708984	98.9383544921875	690.671264648438	199.209320068359	317.231018066406
2809	14.04	931.10791015625	412.124267578125	99.6214447021484	699.181701660156	199.969833374023	315.920104980469
2810	14.045	919.151062011719	412.091369628906	100.384811401367	707.799194335938	200.765151977539	314.152404785156
2811	14.05	907.228576660156	412.133178710938	101.26554107666	716.489440917969	201.560256958008	311.819213867188
2812	14.055	895.363708496094	412.261108398438	102.255661010742	725.189208984375	202.426483154297	309.075988769531
2813	14.06	883.565490722656	412.445983886719	103.442817687988	733.999816894531	203.468307495117	305.927398681641
2814	14.065	871.86767578125	412.611267089844	104.703666687012	742.775024414062	204.508041381836	302.359436035156
2815	14.07	860.264221191406	412.966339111328	106.283294677734	751.65966796875	205.669860839844	298.449310302734
2816	14.075	848.841735839844	413.362518310547	108.057991027832	760.631469726562	206.910781860352	294.068969726562
2817	14.08	837.671020507812	413.835571289062	110.116737365723	769.776916503906	208.208145141602	289.382171630859
2818	14.085	826.649719238281	414.455291748047	112.480422973633	779.028503417969	209.559555053711	284.34130859375
2819	14.09	815.7919921875	415.164093017578	115.16813659668	788.559387207031	210.970642089844	278.934906005859
2820	14.095	805.298706054688	415.953155517578	118.057800292969	798.038757324219	212.242782592773	273.369476318359
2821	14.1	794.976257324219	416.812561035156	121.221298217773	808.242797851562	213.948287963867	267.314361572266
2822	14.105	785.0439453125	417.816101074219	124.629638671875	818.411865234375	215.521926879883	261.166687011719
2823	14.11	775.400024414062	418.683288574219	128.153579711914	828.953308105469	217.071502685547	254.730087280273
2824	14.115	766.019165039062	419.848510742188	131.931396484375	839.636413574219	218.600921630859	248.194808959961
2825	14.12	757.035705566406	420.945495605469	135.753921508789	850.719360351562	220.154876708984	241.435974121094
2826	14.125	748.435363769531	422.187744140625	139.748565673828	862.146606445312	221.674026489258	234.515167236328
2827	14.13	740.104797363281	423.424560546875	143.812286376953	873.856994628906	223.148941040039	227.493026733398
2828	14.135	732.166259765625	424.647399902344	147.967010498047	885.854736328125	224.451919555664	220.445526123047
2829	14.14	724.528991699219	425.860412597656	152.230392456055	898.093872070312	225.717163085938	213.238098144531
2830	14.145	717.215698242188	427.087860107422	156.52978515625	910.679931640625	226.887329101562	206.019165039062
2831	14.15	710.238891601562	428.333312988281	160.822357177734	923.490844726562	227.927124023438	198.768295288086
2832	14.155	703.483642578125	429.4921875	165.197692871094	936.585144042969	228.857208251953	191.545745849609
2833	14.16	697.038330078125	430.717834472656	169.543243408203	949.843627929688	229.606491088867	184.293212890625
2834	14.165	690.781860351562	431.949676513672	173.994064331055	963.493591308594	230.262557983398	177.047576904297
2835	14.17	684.813537597656	433.193389892578	178.397644042969	976.960144042969	230.595230102539	170.147674560547
2836	14.175	679.076538085938	434.456298828125	182.864288330078	990.856079101562	230.81413269043	163.180908203125
2837	14.18	673.649047851562	435.746002197266	187.35302734375	1004.91735839844	230.988220214844	156.374786376953
2838	14.185	668.510070800781	437.008392333984	191.862930297852	1018.87927246094	230.894866943359	149.883407592773
2839	14.19	663.629333496094	438.238159179688	196.322128295898	1032.81811523438	230.485061645508	143.852310180664
2840	14.195	658.991027832031	439.421966552734	200.766143798828	1046.58654785156	229.986236572266	138.182403564453
2841	14.2	654.477661132812	440.611358642578	205.126190185547	1060.02355957031	229.210205078125	132.908050537109
2842	14.205	650.176208496094	441.712493896484	209.463256835938	1073.17504882812	228.510375976562	128.006118774414
2843	14.21	645.873962402344	442.906188964844	213.745162963867	1085.853515625	227.585067749023	123.563354492188
2844	14.215	641.696533203125	443.940277099609	217.799575805664	1097.94226074219	226.602905273438	119.529495239258
2845	14.22	637.4951171875	445.000915527344	222.04296875	1109.07360839844	225.502349853516	116.169006347656
2846	14.225	633.076171875	446.046325683594	226.455978393555	1119.50012207031	224.43132019043	113.181900024414
2847	14.23	628.730834960938	446.932373046875	231.043991088867	1128.7705078125	223.578826904297	110.727096557617
2848	14.235	624.539306640625	447.800140380859	235.821273803711	1136.96423339844	222.918411254883	108.582382202148
2849	14.24	620.586669921875	448.469329833984	240.666290283203	1143.89416503906	222.545288085938	106.673812866211
2850	14.245	617.078552246094	449.087768554688	245.615615844727	1149.53588867188	222.42741394043	104.944145202637
2851	14.25	614.070251464844	449.650390625	250.605010986328	1153.994140625	222.439910888672	103.042381286621
2852	14.255	611.543762207031	450.082366943359	255.594802856445	1157.25939941406	222.573852539062	100.87166595459
2853	14.26	609.610534667969	450.498718261719	260.557434082031	1159.36486816406	222.764755249023	98.4030685424805
2854	14.265	608.127502441406	450.833068847656	265.457244873047	1160.37902832031	222.960540771484	95.7264633178711
2855	14.27	607.243774414062	451.151641845703	270.256134033203	1160.30725097656	223.075668334961	92.9339370727539
2856	14.275	606.953674316406	451.397338867188	274.938873291016	1159.380859375	223.145355224609	90.7223358154297
2857	14.28	607.128173828125	451.540222167969	279.542724609375	1157.07885742188	223.376693725586	89.0071029663086
2858	14.285	607.982055664062	451.646026611328	283.899505615234	1153.08129882812	224.021026611328	86.8449249267578
2859	14.29	609.424438476562	451.692535400391	288.202575683594	1146.84509277344	224.906112670898	85.1148986816406
2860	14.295	611.504943847656	451.551574707031	292.183471679688	1138.26245117188	226.040954589844	84.0717010498047
2861	14.3	614.173156738281	451.172882080078	296.179016113281	1128.17150878906	227.242004394531	83.4969940185547
2862	14.305	617.539489746094	450.882507324219	299.888977050781	1116.51013183594	228.704971313477	83.4244155883789
2863	14.31	621.605834960938	450.416656494141	303.318237304688	1104.77099609375	229.849029541016	84.2375640869141
2864	14.315	626.386962890625	450.027069091797	306.540130615234	1095.03674316406	230.322219848633	85.6561660766602
2865	14.32	631.70458984375	449.627349853516	309.545074462891	1086.46765136719	230.788940429688	86.8370895385742
2866	14.325	637.676208496094	449.1103515625	312.173461914062	1077.39953613281	231.299087524414	87.9517211914062
2867	14.33	644.094787597656	448.541046142578	314.572814941406	1067.15197753906	231.949432373047	89.0546188354492
2868	14.335	650.972717285156	447.911682128906	316.621032714844	1056.21484375	232.675567626953	90.0815582275391
2869	14.34	658.211486816406	447.266754150391	318.354248046875	1045.30969238281	233.329116821289	90.6636352539062
2870	14.345	665.765197753906	446.618347167969	319.673919677734	1034.28918457031	233.69514465332	90.9943008422852
2871	14.35	673.561706542969	446.042175292969	320.665832519531	1022.93713378906	234.220916748047	91.2714080810547
2872	14.355	681.541809082031	445.498199462891	321.203582763672	1011.27075195312	234.677185058594	91.5333251953125
2873	14.36	689.731323242188	445.054534912109	321.353271484375	999.482177734375	235.125045776367	91.6900100708008
2874	14.365	698.089294433594	444.730133056641	321.033752441406	987.470458984375	235.611282348633	91.8645935058594
2875	14.37	706.58935546875	444.480804443359	320.22509765625	975.371215820312	236.034713745117	92.1809768676758
2876	14.375	715.238708496094	444.276397705078	318.970336914062	963.349060058594	236.50065612793	92.3170776367188
2877	14.38	723.861755371094	444.041900634766	317.189422607422	951.102111816406	236.6923828125	92.7107238769531
2878	14.385	732.6806640625	443.866973876953	314.998992919922	938.87255859375	236.849334716797	93.1039123535156
2879	14.39	741.566101074219	443.690490722656	312.446014404297	926.705993652344	236.795196533203	93.6156539916992
2880	14.395	750.53564453125	443.525024414062	309.476593017578	914.561950683594	236.771026611328	94.0854263305664
2881	14.4	759.440673828125	443.299072265625	306.115325927734	902.431213378906	236.599151611328	94.7123947143555
2882	14.405	768.3173828125	443.035583496094	302.483734130859	890.418701171875	236.350662231445	95.5043640136719
2883	14.41	777.217651367188	442.667694091797	298.399627685547	878.450439453125	235.930053710938	96.3684005737305
2884	14.415	786.116333007812	442.186126708984	294.073394775391	866.53515625	235.596664428711	97.4141159057617
2885	14.42	795.057495117188	441.724975585938	289.390197753906	854.643676757812	235.156234741211	98.6705169677734
2886	14.425	804.023803710938	441.191772460938	284.505767822266	842.920776367188	234.654571533203	100.07495880127
2887	14.43	813.053894042969	440.565734863281	279.274627685547	831.223937988281	234.120239257812	101.805107116699
2888	14.435	822.311950683594	439.816833496094	273.687652587891	819.7568359375	233.472427368164	103.806037902832
2889	14.44	831.585510253906	439.017028808594	267.858703613281	808.362121582031	232.77033996582	106.165466308594
2890	14.445	841.200988769531	438.111450195312	261.616607666016	797.306640625	231.991180419922	108.816375732422
2891	14.45	850.843566894531	437.199920654297	255.243927001953	786.435119628906	231.192108154297	111.891212463379
2892	14.455	860.843994140625	436.309600830078	248.65657043457	776.011108398438	230.201736450195	115.148696899414
2893	14.46	871.107788085938	435.346496582031	241.859085083008	766.018005371094	229.339462280273	118.66805267334
2894	14.465	881.658325195312	434.278381347656	234.796096801758	755.994995117188	228.590789794922	122.550758361816
2895	14.47	892.512451171875	433.429016113281	227.72102355957	746.594299316406	227.678863525391	126.548294067383
2896	14.475	903.730224609375	432.382141113281	220.4267578125	737.477294921875	226.677581787109	130.781799316406
2897	14.48	915.218017578125	431.508331298828	213.060821533203	728.700317382812	225.652633666992	135.157699584961
2898	14.485	927.09375	430.742553710938	205.702789306641	720.634704589844	224.837265014648	139.230331420898
2899	14.49	939.180114746094	430.016906738281	198.239471435547	712.732299804688	223.659362792969	143.782775878906
2900	14.495	951.49658203125	429.442626953125	190.801330566406	704.726013183594	222.668930053711	148.476348876953
2901	14.5	964.085266113281	428.920227050781	183.494079589844	697.361999511719	221.572647094727	153.209808349609
2902	14.505	976.828674316406	428.468109130859	176.193161010742	690.213989257812	220.359832763672	158.035919189453
2903	14.51	989.826538085938	427.980072021484	169.001205444336	683.380981445312	219.300369262695	162.825042724609
2904	14.515	1002.80426025391	427.680267333984	162.055618286133	676.907104492188	218.192230224609	167.790832519531
2905	14.52	1015.96130371094	427.475799560547	155.383209228516	670.654357910156	217.133026123047	172.725769042969
2906	14.525	1029.21655273438	427.374908447266	148.999816894531	664.662658691406	216.102691650391	177.65934753418
2907	14.53	1042.40637207031	427.269195556641	143.069885253906	658.989379882812	215.101806640625	182.659637451172
2908	14.535	1055.44213867188	427.305084228516	137.67936706543	653.563903808594	214.25910949707	187.658020019531
2909	14.54	1068.04650878906	427.319946289062	132.84831237793	648.419921875	213.539398193359	192.628631591797
2910	14.545	1080.16613769531	427.281585693359	128.648651123047	643.480163574219	213.017715454102	197.625473022461
2911	14.55	1091.50634765625	427.274200439453	124.999923706055	638.602416992188	212.712280273438	202.410751342773
2912	14.555	1101.89453125	427.123474121094	121.851089477539	633.694519042969	212.110397338867	207.31657409668
2913	14.56	1111.2578125	426.952941894531	119.189109802246	628.751586914062	211.817337036133	211.954956054688
2914	14.565	1119.52880859375	426.798797607422	117.021293640137	623.58984375	211.439392089844	216.839935302734
2915	14.57	1126.75463867188	426.408325195312	115.082084655762	618.123046875	211.144012451172	221.860580444336
2916	14.575	1132.89587402344	426.003479003906	113.463470458984	612.458129882812	211.031387329102	227.046478271484
2917	14.58	1138.01965332031	425.665985107422	111.883323669434	606.959167480469	211.088394165039	232.430221557617
2918	14.585	1141.95385742188	425.247589111328	110.502326965332	601.848999023438	211.211868286133	237.927795410156
2919	14.59	1144.88916015625	424.927062988281	108.854721069336	597.242309570312	211.43962097168	243.591323852539
2920	14.595	1146.60205078125	424.682495117188	107.324333190918	593.184326171875	211.695938110352	249.317108154297
2921	14.6	1147.36547851562	424.590911865234	105.561149597168	589.694580078125	212.040161132812	255.013946533203
2922	14.605	1147.22521972656	424.69970703125	103.647880554199	586.778442382812	212.355407714844	260.762756347656
2923	14.61	1146.15368652344	425.039001464844	101.5009765625	584.435363769531	212.675827026367	266.4716796875
2924	14.615	1144.28210449219	425.557769775391	99.1135635375977	582.686096191406	212.666946411133	272.034210205078
2925	14.62	1141.72705078125	426.405090332031	96.614372253418	581.598327636719	212.588012695312	277.464508056641
2926	14.625	1138.13513183594	427.023620605469	94.7875518798828	581.130065917969	212.561965942383	282.665100097656
2927	14.63	1133.26879882812	427.064422607422	93.1817626953125	581.329467773438	212.371795654297	287.742584228516
2928	14.635	1125.31958007812	425.516082763672	91.5145950317383	582.156494140625	212.280944824219	292.529266357422
2929	14.64	1112.93359375	422.839691162109	90.3285751342773	583.768371582031	212.330749511719	296.947540283203
2930	14.645	1099.59106445312	420.414306640625	89.7847137451172	586.047302246094	212.414901733398	301.277801513672
2931	14.65	1087.83483886719	418.792694091797	89.6896667480469	589.11572265625	212.432815551758	305.277587890625
2932	14.655	1077.31787109375	417.593627929688	90.4629745483398	592.882751464844	212.621612548828	309.083648681641
2933	14.66	1067.57177734375	416.800201416016	91.5608901977539	597.382751464844	212.884185791016	312.588104248047
2934	14.665	1057.12341308594	415.915954589844	92.6626586914062	602.535400390625	213.205291748047	315.806304931641
2935	14.67	1045.88977050781	415.305084228516	93.9665069580078	608.293334960938	213.777053833008	318.711273193359
2936	14.675	1034.32019042969	414.987640380859	95.0722808837891	614.431274414062	214.596466064453	321.295959472656
2937	14.68	1023.06634521484	415.234161376953	95.792366027832	621.930358886719	214.949981689453	323.424255371094
2938	14.685	1011.95922851562	415.947967529297	96.6661224365234	629.3544921875	215.814041137695	325.065155029297
2939	14.69	1000.72998046875	416.803558349609	97.213005065918	637.271606445312	216.551696777344	326.294158935547
2940	14.695	989.306274414062	417.580291748047	97.5297546386719	645.381958007812	217.382995605469	326.947082519531
2941	14.7	977.750915527344	418.451538085938	97.8324508666992	653.442932128906	218.452896118164	327.133270263672
2942	14.705	966.041137695312	419.007781982422	98.0818099975586	662.447143554688	218.554122924805	326.780548095703
2943	14.71	954.155517578125	419.387237548828	98.552360534668	671.241516113281	219.131820678711	325.857574462891
2944	14.715	942.168884277344	419.630218505859	99.0563201904297	680.180725097656	219.713577270508	324.491943359375
2945	14.72	930.264709472656	419.741027832031	99.7385711669922	689.234436035156	220.399459838867	322.516418457031
2946	14.725	918.259826660156	419.722839355469	100.545425415039	698.405700683594	221.030227661133	320.228912353516
2947	14.73	906.39111328125	419.709594726562	101.488021850586	707.611694335938	221.691314697266	317.357696533203
2948	14.735	894.515197753906	419.717712402344	102.532943725586	716.913330078125	222.462173461914	314.085266113281
2949	14.74	882.737243652344	419.764984130859	103.700828552246	726.193359375	223.286773681641	310.366760253906
2950	14.745	870.975891113281	419.832763671875	104.977783203125	735.583312988281	224.152603149414	306.29541015625
2951	14.75	859.271728515625	419.986358642578	106.460815429688	744.926635742188	225.022155761719	301.883056640625
2952	14.755	847.778991699219	420.104370117188	108.102668762207	754.412902832031	225.98860168457	297.106384277344
2953	14.76	836.45556640625	420.379058837891	110.015594482422	763.95361328125	227.018432617188	291.941772460938
2954	14.765	825.325439453125	420.750640869141	112.144393920898	773.528869628906	228.125442504883	286.541168212891
2955	14.77	814.317504882812	421.157806396484	114.491256713867	783.355285644531	229.292724609375	280.79931640625
2956	14.775	803.555480957031	421.638519287109	117.161094665527	793.373779296875	230.581192016602	274.736480712891
2957	14.78	793.057250976562	422.258758544922	120.020713806152	803.693298339844	231.934722900391	268.486480712891
2958	14.785	782.753356933594	422.921356201172	123.059135437012	814.200073242188	233.278869628906	261.950225830078
2959	14.79	772.732482910156	423.691497802734	126.364585876465	824.988037109375	234.711486816406	255.296600341797
2960	14.795	763.014831542969	424.540679931641	129.797409057617	836.192138671875	236.250778198242	248.385299682617
2961	14.8	753.560424804688	425.430603027344	133.4365234375	847.569580078125	237.634307861328	241.372711181641
2962	14.805	744.415954589844	426.356231689453	137.167892456055	859.344604492188	239.076995849609	234.190170288086
2963	14.81	735.634521484375	427.158782958984	140.963150024414	871.417724609375	240.394226074219	226.920394897461
2964	14.815	727.171203613281	428.202850341797	145.008483886719	883.7734375	241.651382446289	219.598022460938
2965	14.82	719.07470703125	429.102996826172	149.049652099609	896.513305664062	242.81884765625	212.186233520508
2966	14.825	711.216003417969	430.118804931641	153.25260925293	909.576354980469	244.042266845703	204.715087890625
2967	14.83	703.743896484375	431.092987060547	157.483444213867	922.924194335938	245.038650512695	197.23796081543
2968	14.835	696.540710449219	432.122039794922	161.788146972656	936.506958007812	245.923294067383	189.837051391602
2969	14.84	689.648254394531	433.147338867188	166.101196289062	950.496154785156	246.761459350586	182.437347412109
2970	14.845	682.908752441406	434.160308837891	170.487838745117	964.579528808594	247.391418457031	175.268829345703
2971	14.85	676.45751953125	435.209350585938	174.933486938477	978.869140625	247.96305847168	168.227157592773
2972	14.855	670.281005859375	436.284393310547	179.450531005859	993.207275390625	248.255599975586	161.418838500977
2973	14.86	664.312255859375	437.287750244141	184.111297607422	1007.52514648438	248.400482177734	155.014892578125
2974	14.865	658.619262695312	438.299377441406	188.822814941406	1022.0302734375	248.404724121094	148.780883789062
2975	14.87	653.132263183594	439.216156005859	193.587524414062	1036.42041015625	248.30500793457	142.855102539062
2976	14.875	647.851440429688	440.116027832031	198.399490356445	1050.71423339844	248.061065673828	137.191436767578
2977	14.88	642.712219238281	440.974578857422	203.217498779297	1064.66174316406	247.599166870117	132.000152587891
2978	14.885	637.642456054688	441.703979492188	208.101181030273	1078.26049804688	247.015640258789	127.237480163574
2979	14.89	632.708190917969	442.454559326172	212.953765869141	1091.25256347656	246.305572509766	123.074813842773
2980	14.895	627.832885742188	443.110809326172	217.843460083008	1103.61657714844	245.461456298828	119.295043945312
2981	14.9	622.852783203125	443.704803466797	222.911376953125	1115.16198730469	244.655838012695	116.075668334961
2982	14.905	617.784240722656	444.184844970703	228.182861328125	1125.63000488281	243.747970581055	113.390747070312
2983	14.91	612.804382324219	444.60302734375	233.650009155273	1135.03454589844	243.003631591797	111.196212768555
2984	14.915	608.195434570312	444.887756347656	239.251129150391	1143.19958496094	242.38346862793	109.325881958008
2985	14.92	603.897766113281	445.114654541016	244.972671508789	1150.10510253906	241.934097290039	107.725784301758
2986	14.925	600.0830078125	445.253936767578	250.716445922852	1155.65832519531	241.689102172852	106.333381652832
2987	14.93	596.839416503906	445.420501708984	256.444244384766	1159.97351074219	241.518676757812	104.764831542969
2988	14.935	594.138305664062	445.535430908203	262.056213378906	1163.23107910156	241.564880371094	103.141731262207
2989	14.94	591.920532226562	445.720153808594	267.711456298828	1165.16516113281	241.445007324219	101.170677185059
2990	14.945	590.24462890625	445.888519287109	273.250335693359	1166.02587890625	241.294815063477	99.0375061035156
2991	14.95	589.126037597656	446.012054443359	278.656433105469	1165.87475585938	241.081451416016	96.6624984741211
2992	14.955	588.545227050781	445.921875	283.977203369141	1164.80883789062	240.780639648438	94.1076049804688
2993	14.96	588.580688476562	445.961181640625	289.143310546875	1162.98156738281	240.403610229492	92.0291900634766
2994	14.965	589.228454589844	445.960205078125	294.141326904297	1160.18774414062	240.244369506836	90.4937973022461
2995	14.97	590.486206054688	445.987976074219	299.031097412109	1155.93798828125	240.429458618164	88.3521041870117
2996	14.975	592.295532226562	445.699615478516	303.577392578125	1149.47900390625	240.791702270508	86.5439529418945
2997	14.98	594.776550292969	445.51953125	307.981475830078	1140.97985839844	241.753524780273	85.5579299926758
2998	14.985	597.869567871094	445.249816894531	312.18798828125	1130.74328613281	243.178741455078	84.9873352050781
2999	14.99	601.707214355469	444.984954833984	316.129974365234	1118.41577148438	244.972229003906	84.9507522583008
3000	14.995	606.157470703125	444.701690673828	319.824615478516	1106.80529785156	246.264831542969	85.8421325683594
3001	15.0	611.255310058594	444.479095458984	323.210906982422	1097.52331542969	247.066390991211	87.1086959838867
3002	15.005	616.976257324219	444.208709716797	326.285583496094	1088.57556152344	247.771682739258	88.2303848266602
3003	15.01	623.260314941406	443.962432861328	328.993225097656	1078.91662597656	248.465362548828	89.1589126586914
3004	15.015	630.064270019531	443.657012939453	331.330261230469	1067.94055175781	249.268798828125	90.1417617797852
3005	15.02	637.341613769531	443.395874023438	333.2548828125	1056.75061035156	249.882080078125	90.8598175048828
3006	15.025	644.993286132812	443.095184326172	334.7763671875	1045.76452636719	250.171813964844	91.1724395751953
3007	15.03	652.937927246094	442.829437255859	335.796539306641	1034.56762695312	250.210723876953	91.4791641235352
3008	15.035	661.17822265625	442.650817871094	336.383697509766	1023.03021240234	250.149917602539	91.7778015136719
3009	15.04	669.578430175781	442.600280761719	336.522705078125	1011.28411865234	250.052612304688	91.9813232421875
3010	15.045	678.060974121094	442.605255126953	336.262359619141	999.521728515625	249.965576171875	92.1077880859375
3011	15.05	686.788330078125	442.642211914062	335.503448486328	987.631469726562	250.034271240234	92.2697067260742
3012	15.055	695.551696777344	442.719696044922	334.348693847656	975.577514648438	250.063812255859	92.6192398071289
3013	15.06	704.486633300781	442.819854736328	332.729553222656	963.573120117188	250.229064941406	92.8873748779297
3014	15.065	713.474670410156	442.787933349609	330.649963378906	951.405578613281	250.193740844727	93.3755187988281
3015	15.07	722.57373046875	442.878173828125	328.117858886719	939.477355957031	250.331985473633	93.6577453613281
3016	15.075	731.732788085938	442.791961669922	325.193298339844	927.374267578125	250.24934387207	94.1944274902344
3017	15.08	740.797729492188	442.619934082031	321.685638427734	915.23779296875	250.003067016602	94.8246307373047
3018	15.085	749.990478515625	442.437255859375	317.890106201172	903.141906738281	249.662506103516	95.5211791992188
3019	15.09	759.149658203125	442.202758789062	313.713653564453	891.167053222656	249.375732421875	96.2864303588867
3020	15.095	768.291442871094	441.957794189453	309.165649414062	879.184020996094	248.996520996094	97.1863784790039
3021	15.1	777.381469726562	441.58837890625	304.304443359375	867.290222167969	248.509292602539	98.2220764160156
3022	15.105	786.640258789062	441.134521484375	299.059173583984	855.443420410156	247.951232910156	99.4526214599609
3023	15.11	795.796081542969	440.714141845703	293.639129638672	843.721923828125	247.379547119141	100.94921875
3024	15.115	805.219604492188	440.139312744141	287.786926269531	831.941833496094	246.60237121582	102.905708312988
3025	15.12	814.626342773438	439.388977050781	281.688232421875	820.459106445312	245.766372680664	105.047218322754
3026	15.125	824.3056640625	438.579010009766	275.185241699219	809.202453613281	244.877731323242	107.451599121094
3027	15.13	833.933715820312	437.667022705078	268.590606689453	798.21630859375	243.862670898438	110.175521850586
3028	15.135	843.8876953125	436.682159423828	261.697570800781	787.502136230469	242.785186767578	113.281837463379
3029	15.14	854.039428710938	435.655334472656	254.6474609375	777.483276367188	241.390731811523	116.415802001953
3030	15.145	864.470153808594	434.550170898438	247.409317016602	766.83349609375	240.584686279297	120.224800109863
3031	15.15	875.279357910156	433.243072509766	239.925094604492	757.580139160156	239.588500976562	123.367553710938
3032	15.155	886.193420410156	432.127349853516	232.386932373047	748.163024902344	238.360733032227	127.238418579102
3033	15.16	897.369873046875	430.934051513672	224.704360961914	739.102111816406	237.097244262695	131.246978759766
3034	15.165	908.960144042969	429.722045898438	216.91194152832	730.463256835938	235.83625793457	135.354202270508
3035	15.17	920.829650878906	428.453277587891	208.973587036133	722.273132324219	234.374740600586	139.603271484375
3036	15.175	932.875671386719	427.34130859375	201.234298706055	713.969055175781	233.129531860352	144.000640869141
3037	15.18	945.143249511719	426.279205322266	193.341247558594	706.169372558594	231.677993774414	148.418670654297
3038	15.185	957.522033691406	425.324249267578	185.796691894531	698.652770996094	230.23811340332	152.912399291992
3039	15.19	970.28076171875	424.459350585938	178.30842590332	691.420654296875	228.793502807617	157.51545715332
3040	15.195	983.200317382812	423.519012451172	170.996322631836	684.546936035156	227.325119018555	162.070541381836
3041	15.2	996.353576660156	422.827392578125	163.984558105469	677.923583984375	225.91064453125	166.737426757812
3042	15.205	1009.49371337891	422.155151367188	157.280700683594	671.553649902344	224.569931030273	171.478317260742
3043	15.21	1022.60302734375	421.631530761719	151.058990478516	665.320922851562	223.109848022461	176.217529296875
3044	15.215	1035.46997070312	421.106597900391	145.241439819336	659.563598632812	221.923736572266	180.984039306641
3045	15.22	1047.98815917969	420.539215087891	139.84831237793	654.000366210938	220.898040771484	185.737762451172
3046	15.225	1059.97497558594	419.930328369141	135.047409057617	648.637451171875	219.992950439453	190.487609863281
3047	15.23	1071.30749511719	419.405120849609	130.723907470703	643.313781738281	219.156234741211	195.211685180664
3048	15.235	1081.83740234375	418.786437988281	126.890617370605	638.026733398438	218.458786010742	199.791320800781
3049	15.24	1091.46325683594	418.176849365234	123.515830993652	632.593200683594	217.759246826172	204.392669677734
3050	15.245	1099.98913574219	417.511627197266	120.636093139648	627.064392089844	217.14323425293	209.062423706055
3051	15.25	1107.53173828125	416.845977783203	118.247138977051	621.414978027344	216.600616455078	213.838882446289
3052	15.255	1114.02197265625	416.009887695312	116.300933837891	615.678283691406	216.22135925293	218.883056640625
3053	15.26	1119.32067871094	415.100952148438	114.672073364258	609.892944335938	215.990417480469	224.122055053711
3054	15.265	1123.49633789062	414.088745117188	113.134124755859	604.47802734375	215.889770507812	229.499572753906
3055	15.27	1126.42993164062	412.821319580078	111.633834838867	599.432922363281	215.811141967773	235.04850769043
3056	15.275	1128.15539550781	411.637847900391	110.062393188477	594.846740722656	215.716461181641	240.627319335938
3057	15.28	1128.81262207031	410.489501953125	108.296287536621	590.810302734375	215.654571533203	246.295776367188
3058	15.285	1128.43530273438	409.514312744141	106.422012329102	587.341796875	215.498840332031	251.955047607422
3059	15.29	1127.099609375	408.703063964844	104.345748901367	584.4443359375	215.443801879883	257.606567382812
3060	15.295	1124.82080078125	408.138641357422	102.087936401367	582.071533203125	215.29264831543	263.231964111328
3061	15.3	1121.74816894531	407.760589599609	99.6039733886719	580.380187988281	214.876342773438	268.666076660156
3062	15.305	1117.94738769531	407.595703125	96.9711837768555	579.346740722656	214.322448730469	273.864837646484
3063	15.31	1113.32849121094	407.620513916016	94.6886520385742	578.999816894531	213.763580322266	278.860107421875
3064	15.315	1107.62341308594	407.089813232422	92.5789184570312	579.278564453125	213.070022583008	283.610260009766
3065	15.32	1099.87316894531	405.483642578125	90.7533721923828	580.338073730469	212.566955566406	287.901062011719
3066	15.325	1088.96264648438	402.893585205078	89.5013732910156	582.025817871094	211.883972167969	292.0107421875
3067	15.33	1075.61303710938	399.820404052734	88.4106140136719	584.391845703125	211.177429199219	295.813720703125
3068	15.335	1062.91101074219	397.229705810547	88.2345199584961	587.494750976562	210.527389526367	299.270233154297
3069	15.34	1051.98803710938	395.602935791016	88.5661315917969	591.334350585938	209.898910522461	302.397552490234
3070	15.345	1041.80065917969	394.500732421875	89.6672592163086	595.892333984375	209.227462768555	305.253479003906
3071	15.35	1031.44372558594	393.792327880859	90.5395660400391	601.096313476562	208.70849609375	307.674102783203
3072	15.355	1020.251953125	393.248718261719	91.62158203125	606.687805175781	208.322570800781	309.738891601562
3073	15.36	1008.80230712891	393.040588378906	92.7954406738281	613.573120117188	207.486999511719	311.347900390625
3074	15.365	997.404296875	393.187683105469	93.5770111083984	620.521484375	207.098968505859	312.493347167969
3075	15.37	986.173950195312	393.696838378906	94.2667694091797	627.896484375	206.557250976562	313.165100097656
3076	15.375	975.045104980469	394.437774658203	95.101806640625	635.490417480469	206.411392211914	313.314392089844
3077	15.38	963.718688964844	395.122528076172	95.8022155761719	643.770263671875	205.636489868164	313.019348144531
3078	15.385	952.374145507812	395.924011230469	96.2877197265625	652.072265625	205.188980102539	312.055572509766
3079	15.39	940.972412109375	396.531677246094	96.6919937133789	660.636596679688	204.613967895508	310.699340820312
3080	15.395	929.30322265625	397.013397216797	97.1118392944336	669.316589355469	204.083740234375	308.727691650391
3081	15.4	917.438232421875	397.398254394531	97.5664367675781	678.193115234375	203.482238769531	306.280731201172
3082	15.405	905.61279296875	397.637115478516	98.1683120727539	687.209594726562	202.889175415039	303.365997314453
3083	15.41	893.724609375	397.817108154297	98.8004837036133	696.36328125	202.434127807617	299.99853515625
3084	15.415	881.790222167969	397.925750732422	99.5662536621094	705.563537597656	202.021957397461	296.181457519531
3085	15.42	869.884826660156	397.943084716797	100.484146118164	714.883850097656	201.647644042969	292.014923095703
3086	15.425	858.010681152344	397.985931396484	101.542831420898	724.283081054688	201.278259277344	287.415893554688
3087	15.43	846.192077636719	398.053009033203	102.740234375	733.845458984375	201.032608032227	282.511779785156
3088	15.435	834.458190917969	398.107543945312	104.093544006348	743.452209472656	200.862579345703	277.270629882812
3089	15.44	822.8037109375	398.334045410156	105.716644287109	753.179992675781	200.811325073242	271.738189697266
3090	15.445	811.400756835938	398.546173095703	107.412086486816	763.026306152344	200.804489135742	265.890808105469
3091	15.45	800.224487304688	398.817932128906	109.375373840332	773.064208984375	200.927536010742	259.822509765625
3092	15.455	789.179260253906	399.148345947266	111.696220397949	783.298950195312	201.04069519043	253.524276733398
3093	15.46	778.400390625	399.664367675781	114.199119567871	793.6630859375	201.305435180664	247.05078125
3094	15.465	767.877258300781	400.188598632812	116.9931640625	804.091918945312	201.31657409668	240.429016113281
3095	15.47	757.653015136719	400.841461181641	120.007919311523	814.9072265625	201.560440063477	233.607559204102
3096	15.475	747.619201660156	401.607604980469	123.264274597168	826.666198730469	202.187484741211	226.491104125977
3097	15.48	737.942443847656	402.287109375	126.649810791016	838.154541015625	202.740844726562	219.439666748047
3098	15.485	728.519226074219	403.229553222656	130.232299804688	850.04345703125	203.189422607422	212.321426391602
3099	15.49	719.431274414062	404.176666259766	133.980728149414	862.285705566406	203.666549682617	205.117797851562
3100	15.495	710.663452148438	405.214324951172	137.798858642578	874.75390625	203.929931640625	198.010223388672
3101	15.5	702.240905761719	406.260131835938	141.778213500977	887.518310546875	204.180801391602	190.88591003418
3102	15.505	694.102600097656	407.374481201172	145.830978393555	900.57373046875	204.372802734375	183.830993652344
3103	15.51	686.263793945312	408.466705322266	150.016052246094	913.902954101562	204.478317260742	176.894989013672
3104	15.515	678.830078125	409.627746582031	154.224700927734	927.388366699219	204.48127746582	170.060180664062
3105	15.52	671.638793945312	410.724395751953	158.471878051758	940.940551757812	204.23747253418	163.541351318359
3106	15.525	664.74951171875	411.882598876953	162.811111450195	954.769836425781	203.853088378906	157.093963623047
3107	15.53	658.21826171875	413.095947265625	167.221939086914	968.757873535156	203.186080932617	150.989852905273
3108	15.535	651.93115234375	414.314514160156	171.675598144531	982.776733398438	202.426177978516	145.105331420898
3109	15.54	645.941162109375	415.489593505859	176.225662231445	996.7666015625	201.444305419922	139.6767578125
3110	15.545	640.284484863281	416.715026855469	180.926025390625	1010.65161132812	200.314880371094	134.643203735352
3111	15.55	634.935302734375	417.95751953125	185.602401733398	1024.24938964844	199.188125610352	130.047378540039
3112	15.555	629.85107421875	419.093688964844	190.350280761719	1037.57214355469	198.04248046875	125.757232666016
3113	15.56	624.9208984375	420.252685546875	195.02619934082	1050.32177734375	196.93083190918	122.074501037598
3114	15.565	620.275695800781	421.368621826172	199.681350708008	1062.42517089844	195.772720336914	118.821083068848
3115	15.57	615.801635742188	422.410919189453	204.156265258789	1073.65759277344	194.736358642578	116.088256835938
3116	15.575	611.545288085938	423.465270996094	208.694610595703	1083.84887695312	193.81852722168	113.930404663086
3117	15.58	607.474792480469	424.536499023438	213.153366088867	1092.97192382812	193.007217407227	112.128952026367
3118	15.585	603.43994140625	425.520172119141	217.723068237305	1100.85107421875	192.558731079102	110.704193115234
3119	15.59	599.423461914062	426.436065673828	222.441543579102	1107.50817871094	192.413696289062	109.533332824707
3120	15.595	595.379089355469	427.310729980469	227.428192138672	1112.94226074219	192.518081665039	108.317283630371
3121	15.6	591.571228027344	428.084564208984	232.585250854492	1117.0703125	192.69270324707	107.173065185547
3122	15.605	588.075134277344	428.788177490234	237.920639038086	1120.06604003906	193.119171142578	105.81169128418
3123	15.61	585.028259277344	429.340728759766	243.375991821289	1121.92431640625	193.569808959961	104.235572814941
3124	15.615	582.441955566406	429.769805908203	248.840576171875	1122.72631835938	194.062774658203	102.440361022949
3125	15.62	580.451477050781	430.144989013672	254.361068725586	1122.68237304688	194.608108520508	100.475654602051
3126	15.625	578.964782714844	430.437530517578	259.813629150391	1121.45947265625	195.189544677734	98.3177947998047
3127	15.63	578.09423828125	430.677429199219	265.239318847656	1119.28308105469	195.748809814453	95.9818878173828
3128	15.635	577.692749023438	430.894866943359	270.584655761719	1116.31213378906	196.237869262695	93.5859985351562
3129	15.64	577.830078125	431.028869628906	275.832763671875	1112.60217285156	196.696197509766	91.7046737670898
3130	15.645	578.490783691406	431.108764648438	280.939117431641	1108.09362792969	197.180450439453	90.1461868286133
3131	15.65	579.714172363281	431.190612792969	285.909606933594	1102.23718261719	198.190734863281	88.0510406494141
3132	15.655	581.599548339844	431.186126708984	290.704956054688	1094.96948242188	199.580368041992	86.4544982910156
3133	15.66	584.099304199219	431.03564453125	295.252532958984	1085.94995117188	201.150390625	85.5813140869141
3134	15.665	587.269470214844	430.88037109375	299.634155273438	1074.59692382812	203.068099975586	84.9053115844727
3135	15.67	591.1220703125	430.424285888672	303.721740722656	1061.83776855469	205.078338623047	84.8602294921875
3136	15.675	595.739501953125	430.119598388672	307.510894775391	1050.78503417969	206.198593139648	85.632942199707
3137	15.68	601.042663574219	429.794281005859	310.984313964844	1041.48706054688	206.838500976562	86.7352523803711
3138	15.685	607.025146484375	429.434204101562	314.030364990234	1032.38208007812	207.427597045898	87.6866302490234
3139	15.69	613.5068359375	428.897064208984	316.645294189453	1022.13439941406	208.101196289062	88.5787963867188
3140	15.695	620.480773925781	428.4462890625	318.87060546875	1010.91479492188	208.826766967773	89.6402816772461
3141	15.7	627.849792480469	427.987091064453	320.725799560547	999.70458984375	209.203170776367	90.3156204223633
3142	15.705	635.471435546875	427.640594482422	322.213104248047	988.64990234375	209.340759277344	90.5069427490234
3143	15.71	643.354248046875	427.202972412109	323.203552246094	977.247619628906	209.238143920898	90.8837814331055
3144	15.715	651.441772460938	426.834808349609	323.75146484375	965.6025390625	209.242477416992	91.1626586914062
3145	15.72	659.663696289062	426.536254882812	323.845520019531	953.819702148438	209.272308349609	91.4080505371094
3146	15.725	668.025634765625	426.059234619141	323.408630371094	942.014343261719	209.433364868164	91.5505065917969
3147	15.73	676.437377929688	425.774810791016	322.559265136719	930.14453125	209.870086669922	91.772331237793
3148	15.735	685.049621582031	425.5283203125	321.290405273438	918.156005859375	210.201782226562	92.1720809936523
3149	15.74	693.619384765625	425.323822021484	319.524017333984	906.147155761719	210.382736206055	92.473274230957
3150	15.745	702.191223144531	424.895172119141	317.121154785156	894.026916503906	210.370590209961	92.9394912719727
3151	15.75	710.924926757812	424.522644042969	314.470794677734	881.846984863281	210.311798095703	93.4253005981445
3152	15.755	719.669921875	424.195892333984	311.369689941406	869.681396484375	210.131362915039	93.9893569946289
3153	15.76	728.515991210938	423.838806152344	307.802459716797	857.524353027344	209.817230224609	94.668830871582
3154	15.765	737.330078125	423.349426269531	303.894439697266	845.404479980469	209.440460205078	95.5082626342773
3155	15.77	746.230041503906	422.802429199219	299.626922607422	833.364562988281	209.028396606445	96.4617767333984
3156	15.775	755.125061035156	422.224914550781	295.015838623047	821.444580078125	208.646209716797	97.5739364624023
3157	15.78	764.089172363281	421.511871337891	290.060516357422	809.609313964844	208.178237915039	98.9080581665039
3158	15.785	772.967590332031	420.739471435547	284.894195556641	797.84423828125	207.694976806641	100.532493591309
3159	15.79	782.094970703125	419.723175048828	279.267822265625	786.32861328125	207.133590698242	102.457946777344
3160	15.795	791.326293945312	418.748657226562	273.491058349609	774.923828125	206.462875366211	104.777328491211
3161	15.8	800.683349609375	417.627227783203	267.4248046875	763.748901367188	205.78662109375	107.375106811523
3162	15.805	810.203796386719	416.479064941406	261.154083251953	752.922180175781	204.957443237305	110.279792785645
3163	15.81	819.936401367188	415.220428466797	254.611099243164	742.384399414062	204.117904663086	113.626304626465
3164	15.815	829.880737304688	413.955200195312	247.929183959961	732.387390136719	202.910903930664	116.982604980469
3165	15.82	840.106567382812	412.385101318359	240.939224243164	721.988464355469	202.432586669922	120.938232421875
3166	15.825	850.55712890625	411.0283203125	233.945083618164	712.413940429688	201.50227355957	124.756652832031
3167	15.83	861.276611328125	409.688446044922	226.753204345703	703.464660644531	200.77424621582	128.033248901367
3168	15.835	872.040100097656	408.547424316406	219.564041137695	694.536499023438	199.699478149414	132.254379272461
3169	15.84	883.635925292969	407.056610107422	212.149230957031	686.132446289062	198.351379394531	136.513244628906
3170	15.845	895.1474609375	405.809387207031	204.774627685547	677.6025390625	197.255722045898	141.13703918457
3171	15.85	906.94091796875	404.600830078125	197.378128051758	669.759582519531	196.021469116211	145.459869384766
3172	15.855	918.900573730469	403.447235107422	190.044143676758	661.924011230469	194.610549926758	150.1787109375
3173	15.86	931.18115234375	402.386352539062	182.769470214844	654.801208496094	193.263061523438	154.657760620117
3174	15.865	943.637512207031	401.426513671875	175.696395874023	647.908508300781	191.93440246582	159.314117431641
3175	15.87	956.436706542969	400.577117919922	168.775054931641	641.278015136719	190.703414916992	164.067825317383
3176	15.875	969.18310546875	399.823181152344	162.20246887207	634.951354980469	189.455368041992	168.717102050781
3177	15.88	982.0849609375	398.784118652344	155.761184692383	628.837036132812	188.299957275391	173.580459594727
3178	15.885	994.765075683594	398.330505371094	149.810028076172	623.122314453125	187.35432434082	178.265121459961
3179	15.89	1007.17224121094	397.691192626953	144.219757080078	617.545288085938	186.472274780273	182.972152709961
3180	15.895	1019.24725341797	397.142517089844	139.091232299805	612.202880859375	185.611022949219	187.788513183594
3181	15.9	1030.71765136719	396.588684082031	134.422302246094	607.118896484375	184.967330932617	192.415008544922
3182	15.905	1041.5244140625	395.978912353516	130.274337768555	602.1787109375	184.287872314453	197.047180175781
3183	15.91	1051.49780273438	395.395599365234	126.708686828613	597.293518066406	183.67643737793	201.553466796875
3184	15.915	1060.50036621094	394.714874267578	123.525718688965	592.446350097656	183.213729858398	205.853485107422
3185	15.92	1068.52478027344	394.103424072266	120.816413879395	587.531005859375	182.530044555664	210.280502319336
3186	15.925	1075.41442871094	393.420074462891	118.609809875488	582.550048828125	181.978775024414	214.663925170898
3187	15.93	1081.2060546875	392.658599853516	116.725631713867	577.535827636719	181.430114746094	219.149627685547
3188	15.935	1085.82434082031	391.801696777344	115.111351013184	572.490783691406	181.055114746094	223.891738891602
3189	15.94	1089.53735351562	390.814178466797	113.554794311523	567.609313964844	180.771347045898	228.838104248047
3190	15.945	1092.05883789062	389.811187744141	111.995895385742	562.999389648438	180.441696166992	233.896682739258
3191	15.95	1093.48620605469	388.745239257812	110.316688537598	558.811828613281	180.151977539062	239.00048828125
3192	15.955	1094.01806640625	387.810211181641	108.550651550293	555.153259277344	179.888854980469	244.14582824707
3193	15.96	1093.59948730469	386.928985595703	106.546340942383	552.056518554688	179.479843139648	249.256546020508
3194	15.965	1092.31286621094	386.227264404297	104.435501098633	549.577819824219	178.96354675293	254.349578857422
3195	15.97	1090.20947265625	385.840148925781	102.137672424316	547.628356933594	178.218551635742	259.285705566406
3196	15.975	1087.37231445312	385.626159667969	99.6686553955078	546.26611328125	177.413177490234	263.982299804688
3197	15.98	1083.837890625	385.612609863281	96.9720993041992	545.531127929688	176.385101318359	268.598724365234
3198	15.985	1079.53393554688	385.733642578125	94.5905380249023	545.293151855469	175.330551147461	272.997497558594
3199	15.99	1074.08923339844	385.225341796875	92.5654373168945	545.715881347656	174.233993530273	277.232574462891
3200	15.995	1066.52429199219	383.854644775391	90.5290985107422	546.728271484375	173.022125244141	281.234008789062
3201	16.0	1055.30261230469	381.302124023438	88.982307434082	548.406555175781	171.923278808594	284.980285644531
3202	16.005	1041.54284667969	378.515991210938	87.8445281982422	550.740844726562	170.872497558594	288.546447753906
3203	16.01	1028.86865234375	376.455352783203	87.5287017822266	553.810241699219	169.940124511719	291.877593994141
3204	16.015	1017.85369873047	375.129333496094	87.8189468383789	557.584167480469	169.22705078125	294.978729248047
3205	16.02	1007.79071044922	374.21923828125	88.7425231933594	562.060607910156	168.660003662109	297.891448974609
3206	16.025	997.490295410156	373.631072998047	89.493278503418	567.059753417969	168.37287902832	300.55224609375
3207	16.03	986.216064453125	373.261291503906	90.5430908203125	573.365234375	167.825469970703	302.883728027344
3208	16.035	974.622863769531	373.208557128906	91.565055847168	579.624694824219	167.582336425781	304.892547607422
3209	16.04	963.106384277344	373.412750244141	92.2495880126953	586.464660644531	167.680465698242	306.484252929688
3210	16.045	952.051513671875	374.004791259766	92.9591522216797	593.421569824219	168.252258300781	307.671295166016
3211	16.05	940.846984863281	374.582580566406	93.7616348266602	601.150695800781	168.331924438477	308.519470214844
3212	16.055	929.394287109375	375.285766601562	94.3856201171875	609.251342773438	168.431793212891	308.951202392578
3213	16.06	918.026794433594	375.772644042969	94.7959289550781	617.373291015625	168.834899902344	308.931030273438
3214	16.065	906.469116210938	376.136688232422	95.210090637207	625.742248535156	169.381713867188	308.410430908203
3215	16.07	894.793395996094	376.384826660156	95.6759185791016	634.314086914062	169.845809936523	307.573303222656
3216	16.075	882.964233398438	376.523254394531	96.1785430908203	643.002380371094	170.453979492188	306.253570556641
3217	16.08	871.1064453125	376.634002685547	96.8077087402344	651.908203125	170.978652954102	304.411529541016
3218	16.085	859.17822265625	376.694549560547	97.52685546875	661.001525878906	171.703460693359	302.219482421875
3219	16.09	847.257141113281	376.708709716797	98.3148498535156	670.129638671875	172.450927734375	299.544921875
3220	16.095	835.359069824219	376.758636474609	99.3179702758789	679.365844726562	173.167861938477	296.481872558594
3221	16.1	823.581848144531	376.741058349609	100.350006103516	688.730651855469	174.031829833984	293.024658203125
3222	16.105	811.803039550781	376.835723876953	101.569404602051	698.193420410156	174.893112182617	289.191314697266
3223	16.11	800.164611816406	377.002227783203	102.993560791016	707.664489746094	175.909698486328	285.0322265625
3224	16.115	788.596496582031	377.21875	104.671051025391	717.251525878906	176.897415161133	280.534271240234
3225	16.12	777.288391113281	377.497985839844	106.551628112793	726.967651367188	178.012054443359	275.725067138672
3226	16.125	766.154663085938	377.828948974609	108.747299194336	736.806762695312	179.153900146484	270.602752685547
3227	16.13	755.387817382812	378.197814941406	111.282157897949	746.826904296875	180.391555786133	265.255279541016
3228	16.135	744.726501464844	378.712677001953	114.071792602539	757.068115234375	181.683670043945	259.647491455078
3229	16.14	734.454895019531	379.286285400391	117.074348449707	767.537231445312	182.928192138672	253.813323974609
3230	16.145	724.45068359375	379.983520507812	120.367477416992	778.322448730469	184.353256225586	247.723754882812
3231	16.15	714.738708496094	380.779449462891	123.877784729004	789.322082519531	185.605834960938	241.484268188477
3232	16.155	705.283508300781	381.518951416016	127.550315856934	800.5556640625	186.99446105957	235.077941894531
3233	16.16	696.174621582031	382.563110351562	131.392608642578	811.9296875	188.285400390625	228.600891113281
3234	16.165	687.454040527344	383.617919921875	135.321929931641	823.748291015625	189.735977172852	221.886276245117
3235	16.17	678.932739257812	384.729797363281	139.359024047852	835.738403320312	191.086196899414	215.167449951172
3236	16.175	670.860534667969	385.949951171875	143.476867675781	847.9912109375	192.491928100586	208.409805297852
3237	16.18	663.005187988281	387.159759521484	147.68212890625	860.401611328125	193.794937133789	201.645233154297
3238	16.185	655.536071777344	388.456390380859	151.944519042969	872.948913574219	195.110778808594	194.984512329102
3239	16.19	648.275207519531	389.755096435547	156.220092773438	885.804626464844	196.392486572266	188.249526977539
3240	16.195	641.359008789062	391.060668945312	160.493759155273	898.625915527344	197.453628540039	181.884780883789
3241	16.2	634.694702148438	392.392425537109	164.845901489258	911.69677734375	198.52458190918	175.401885986328
3242	16.205	628.374450683594	393.800048828125	169.187271118164	924.817077636719	199.388916015625	169.049560546875
3243	16.21	622.242980957031	395.185974121094	173.617034912109	937.994323730469	200.166290283203	162.977188110352
3244	16.215	616.448852539062	396.582244873047	178.071060180664	951.218139648438	200.674163818359	157.063690185547
3245	16.22	610.881896972656	397.973571777344	182.564788818359	964.464782714844	201.136474609375	151.463043212891
3246	16.225	605.568969726562	399.365142822266	187.162185668945	977.506591796875	201.34521484375	146.163101196289
3247	16.23	600.543029785156	400.634094238281	191.709091186523	990.334350585938	201.42561340332	141.190887451172
3248	16.235	595.622436523438	401.942626953125	196.294158935547	1002.66589355469	201.221862792969	136.577590942383
3249	16.24	590.89990234375	403.142608642578	200.684646606445	1014.57409667969	201.027267456055	132.308654785156
3250	16.245	586.244873046875	404.423858642578	205.152984619141	1025.77880859375	200.601959228516	128.425369262695
3251	16.25	581.585388183594	405.741973876953	209.569808959961	1036.29138183594	200.155578613281	124.990867614746
3252	16.255	577.033874511719	406.970642089844	213.999389648438	1045.76794433594	199.506317138672	122.082542419434
3253	16.26	572.442565917969	408.243347167969	218.510787963867	1054.52197265625	198.989364624023	119.55184173584
3254	16.265	567.610290527344	409.350860595703	223.252090454102	1062.34375	198.61653137207	117.470916748047
3255	16.27	562.825073242188	410.453887939453	228.18571472168	1069.078125	198.482223510742	115.67407989502
3256	16.275	558.361633300781	411.456390380859	233.292022705078	1074.68786621094	198.620376586914	114.056381225586
3257	16.28	554.119812011719	412.365264892578	238.559783935547	1079.13952636719	199.047393798828	112.618797302246
3258	16.285	550.324279785156	413.244750976562	243.908813476562	1082.38232421875	199.698486328125	110.898979187012
3259	16.29	546.951599121094	413.963500976562	249.317642211914	1084.44970703125	200.284683227539	108.990036010742
3260	16.295	544.13427734375	414.741058349609	254.758651733398	1085.47717285156	201.064559936523	106.670181274414
3261	16.3	541.765869140625	415.342407226562	260.175720214844	1085.34704589844	201.828277587891	103.988967895508
3262	16.305	540.029968261719	416.047729492188	265.554504394531	1084.212890625	202.543045043945	101.01587677002
3263	16.31	538.790283203125	416.754058837891	270.931243896484	1081.95837402344	203.213836669922	97.9404067993164
3264	16.315	538.172180175781	417.386901855469	276.124176025391	1078.89562988281	203.849899291992	94.6380157470703
3265	16.32	538.059448242188	418.010955810547	281.306701660156	1074.96398925781	204.297378540039	91.5380172729492
3266	16.325	538.528869628906	418.565277099609	286.363677978516	1070.640625	204.628219604492	89.2080993652344
3267	16.33	539.624084472656	419.006896972656	291.228790283203	1064.9287109375	205.210083007812	86.8919830322266
3268	16.335	541.294494628906	419.419189453125	296.023162841797	1057.74499511719	206.324066162109	84.3662033081055
3269	16.34	543.673706054688	419.691833496094	300.613647460938	1049.34594726562	207.711471557617	82.5695648193359
3270	16.345	546.722839355469	419.858947753906	304.953125	1039.87377929688	209.124069213867	81.4761199951172
3271	16.35	550.418884277344	419.80615234375	309.148529052734	1028.53051757812	211.094680786133	81.2411804199219
3272	16.355	554.848754882812	419.871063232422	313.08447265625	1016.81909179688	212.61930847168	82.1557769775391
3273	16.36	559.958679199219	419.799072265625	316.712890625	1006.802734375	213.468368530273	83.7504272460938
3274	16.365	565.802856445312	419.791900634766	320.052215576172	998.022644042969	213.891342163086	85.3045120239258
3275	16.37	572.281921386719	419.799835205078	322.995788574219	989.351013183594	214.288650512695	86.3448638916016
3276	16.375	579.270385742188	419.681488037109	325.490203857422	979.409729003906	214.660995483398	87.416259765625
3277	16.38	586.723510742188	419.615692138672	327.559753417969	968.358276367188	215.017883300781	88.606803894043
3278	16.385	594.487854003906	419.499206542969	329.223846435547	957.185607910156	215.135955810547	89.3663787841797
3279	16.39	602.483032226562	419.428955078125	330.418853759766	946.160461425781	215.041152954102	89.7452163696289
3280	16.395	610.628173828125	419.401550292969	331.198822021484	934.704895019531	215.041213989258	89.9749984741211
3281	16.4	618.972290039062	419.439666748047	331.520721435547	922.8857421875	215.118469238281	90.2026672363281
3282	16.405	627.390075683594	419.505187988281	331.337005615234	911.0556640625	215.314163208008	90.3195419311523
3283	16.41	635.954772949219	419.667907714844	330.751098632812	899.022338867188	215.620727539062	90.5188293457031
3284	16.415	644.629333496094	419.8232421875	329.652801513672	887.058166503906	216.099349975586	90.7234191894531
3285	16.42	653.290588378906	419.979431152344	328.003540039062	875.008117675781	216.532470703125	91.1752700805664
3286	16.425	662.089599609375	420.0791015625	325.984741210938	862.872314453125	216.900817871094	91.6069259643555
3287	16.43	670.955749511719	420.279876708984	323.420623779297	850.73779296875	217.103469848633	92.1596603393555
3288	16.435	679.832397460938	420.285949707031	320.418914794922	838.551330566406	217.208389282227	92.7732009887695
3289	16.44	688.758972167969	420.350250244141	317.018981933594	826.414489746094	217.231750488281	93.4229431152344
3290	16.445	697.659729003906	420.335998535156	313.218322753906	814.387634277344	217.148086547852	94.2184753417969
3291	16.45	706.663024902344	420.204956054688	308.982971191406	802.429504394531	217.006988525391	95.1864013671875
3292	16.455	715.567077636719	420.132141113281	304.477752685547	790.500671386719	216.778411865234	96.3283843994141
3293	16.46	724.561157226562	419.826934814453	299.638000488281	778.744689941406	216.514678955078	97.57470703125
3294	16.465	733.450500488281	419.62060546875	294.527801513672	767.0986328125	216.136428833008	99.0920867919922
3295	16.47	742.521240234375	419.227386474609	289.074493408203	755.538513183594	215.574325561523	100.855422973633
3296	16.475	751.617248535156	418.809753417969	283.331512451172	744.058044433594	214.955856323242	102.981285095215
3297	16.48	760.865905761719	418.126281738281	277.245880126953	732.860717773438	214.186859130859	105.375297546387
3298	16.485	770.243286132812	417.461791992188	270.917572021484	721.853088378906	213.243667602539	108.041984558105
3299	16.49	779.763610839844	416.654174804688	264.385803222656	711.19921875	212.292129516602	111.163520812988
3300	16.495	789.559936523438	415.905548095703	257.601898193359	700.837463378906	211.124099731445	114.480735778809
3301	16.5	799.557678222656	414.99169921875	250.58073425293	690.759887695312	209.865097045898	118.057609558105
3302	16.505	809.827087402344	413.876251220703	243.360092163086	681.112915039062	208.638809204102	121.783653259277
3303	16.51	820.423950195312	412.961975097656	235.974304199219	671.620422363281	207.075485229492	126.014450073242
3304	16.515	831.207336425781	411.962615966797	228.552337646484	663.037719726562	205.987396240234	129.48405456543
3305	16.52	842.297424316406	411.044830322266	220.951568603516	654.518432617188	204.562561035156	133.834213256836
3306	16.525	853.728088378906	410.023620605469	213.292633056641	646.356140136719	202.992080688477	138.207260131836
3307	16.53	865.402221679688	409.178009033203	205.591171264648	638.556457519531	201.402069091797	142.792633056641
3308	16.535	877.473388671875	408.248474121094	197.871322631836	631.153991699219	200.270980834961	147.250930786133
3309	16.54	889.578186035156	407.520141601562	190.334747314453	624.121032714844	198.539001464844	151.893127441406
3310	16.545	902.092895507812	406.799743652344	182.704391479492	617.547424316406	196.799499511719	156.510177612305
3311	16.55	914.836853027344	406.1982421875	175.314743041992	611.289245605469	194.945190429688	161.260162353516
3312	16.555	927.703186035156	405.623107910156	168.142379760742	605.351806640625	193.124618530273	165.916259765625
3313	16.56	940.743530273438	405.200897216797	161.262390136719	599.690002441406	191.363464355469	170.812210083008
3314	16.565	953.732238769531	404.697265625	154.674560546875	594.331909179688	189.618606567383	175.505661010742
3315	16.57	966.755004882812	404.331878662109	148.436981201172	589.240417480469	188.082122802734	180.232330322266
3316	16.575	979.542846679688	403.770141601562	142.658157348633	584.65673828125	186.596557617188	184.909515380859
3317	16.58	991.957946777344	403.353881835938	137.258453369141	580.097106933594	185.244674682617	189.683319091797
3318	16.585	1003.87121582031	402.835357666016	132.422409057617	575.862487792969	184.076812744141	194.351104736328
3319	16.59	1015.19171142578	402.293243408203	128.02229309082	571.809814453125	183.166931152344	198.787734985352
3320	16.595	1025.67248535156	401.735290527344	124.026405334473	567.775512695312	182.260589599609	203.28108215332
3321	16.6	1035.23657226562	401.186584472656	120.561859130859	563.769348144531	181.332336425781	207.692840576172
3322	16.605	1043.88659667969	400.519409179688	117.317443847656	559.714294433594	180.540969848633	211.874084472656
3323	16.61	1051.54516601562	399.900512695312	114.65811920166	555.668640136719	179.732559204102	215.983047485352
3324	16.615	1058.20544433594	399.148468017578	112.315879821777	551.598999023438	179.136077880859	220.113342285156
3325	16.62	1063.85571289062	398.337615966797	110.331283569336	547.454528808594	178.625396728516	224.409271240234
3326	16.625	1068.5341796875	397.440246582031	108.49577331543	543.214111328125	178.363372802734	228.86491394043
3327	16.63	1072.26586914062	396.475280761719	106.647621154785	538.981018066406	178.227691650391	233.485397338867
3328	16.635	1074.89953613281	395.347015380859	104.764205932617	535.006164550781	178.573883056641	238.39208984375
3329	16.64	1076.67395019531	394.365783691406	102.812446594238	531.434387207031	178.738189697266	243.323226928711
3330	16.645	1077.53161621094	393.479095458984	100.64778137207	528.285583496094	178.951065063477	248.306365966797
3331	16.65	1077.62036132812	392.746551513672	98.3641052246094	525.706176757812	179.284515380859	253.309188842773
3332	16.655	1076.84118652344	392.248962402344	96.0409317016602	523.704345703125	179.456817626953	258.238098144531
3333	16.66	1075.13293457031	391.815795898438	94.3261260986328	522.258728027344	179.674118041992	263.093994140625
3334	16.665	1072.19787597656	391.245697021484	92.7127227783203	521.331787109375	179.83268737793	267.836608886719
3335	16.67	1067.3359375	390.310546875	91.0580902099609	520.922729492188	179.844055175781	272.465148925781
3336	16.675	1058.5703125	388.507019042969	90.4041290283203	521.069580078125	179.76969909668	276.969116210938
3337	16.68	1045.69653320312	386.524841308594	89.5169372558594	521.759887695312	179.671997070312	281.285858154297
3338	16.685	1032.06201171875	385.092712402344	89.438362121582	523.169006347656	179.530944824219	285.515197753906
3339	16.69	1020.23840332031	384.664459228516	89.6789932250977	525.318969726562	179.293975830078	289.535369873047
3340	16.695	1009.6123046875	384.438720703125	90.4552841186523	528.236572265625	179.170852661133	293.445465087891
3341	16.7	999.663269042969	384.033325195312	91.72802734375	532.000122070312	178.900207519531	297.088745117188
3342	16.705	989.313049316406	383.734588623047	92.9769287109375	536.543701171875	178.705856323242	300.464416503906
3343	16.71	978.399658203125	383.413330078125	94.403076171875	541.812744140625	178.66130065918	303.518768310547
3344	16.715	967.226928710938	383.301727294922	95.6094207763672	547.714172363281	178.634521484375	306.249664306641
3345	16.72	956.340942382812	383.450469970703	96.6235046386719	554.195251464844	178.656707763672	308.649200439453
3346	16.725	945.696960449219	383.848236083984	97.3651351928711	561.1484375	178.854339599609	310.670257568359
3347	16.73	934.580627441406	384.740753173828	97.83984375	568.438720703125	179.127182006836	312.24072265625
3348	16.735	923.186950683594	385.153533935547	97.8660125732422	575.743591308594	179.435272216797	313.491271972656
3349	16.74	911.632751464844	385.442962646484	98.0572967529297	583.684692382812	179.521667480469	314.248565673828
3350	16.745	899.837341308594	385.4736328125	98.1537780761719	591.878356933594	179.518402099609	314.5947265625
3351	16.75	887.962341308594	385.318969726562	98.4523468017578	600.125549316406	179.782318115234	314.438110351562
3352	16.755	875.932250976562	385.185913085938	98.8589782714844	608.587341308594	179.895614624023	313.872283935547
3353	16.76	863.858337402344	384.917083740234	99.3002319335938	617.18212890625	180.1142578125	312.812164306641
3354	16.765	851.716491699219	384.842407226562	99.8708877563477	625.864318847656	180.333465576172	311.254364013672
3355	16.77	839.658325195312	384.71435546875	100.464164733887	634.836791992188	180.643173217773	309.180267333984
3356	16.775	827.624145507812	384.729827880859	101.196960449219	643.815002441406	180.914123535156	306.689971923828
3357	16.78	815.689514160156	384.80126953125	102.056205749512	652.872985839844	181.327819824219	303.771270751953
3358	16.785	803.8486328125	384.818084716797	103.042922973633	662.044738769531	181.666839599609	300.402374267578
3359	16.79	792.071533203125	385.000854492188	104.25634765625	671.326965332031	182.138320922852	296.677581787109
3360	16.795	780.439453125	385.223815917969	105.694618225098	680.664123535156	182.796417236328	292.543304443359
3361	16.8	768.988403320312	385.562835693359	107.43758392334	690.104858398438	183.396286010742	288.100006103516
3362	16.805	757.721008300781	385.950164794922	109.40892791748	699.725891113281	184.172943115234	283.325531005859
3363	16.81	746.678527832031	386.453125	111.712112426758	709.537475585938	184.913223266602	278.228393554688
3364	16.815	735.828979492188	387.032897949219	114.232604980469	719.4580078125	185.952133178711	272.892242431641
3365	16.82	725.230163574219	387.668395996094	117.074523925781	729.6064453125	187.012756347656	267.339263916016
3366	16.825	714.910095214844	388.413818359375	120.149932861328	739.966064453125	188.183853149414	261.517913818359
3367	16.83	704.855346679688	389.261413574219	123.452194213867	750.516479492188	189.399230957031	255.578369140625
3368	16.835	695.111877441406	390.13427734375	126.976692199707	761.416687011719	190.679428100586	249.42936706543
3369	16.84	685.746276855469	390.979766845703	130.657577514648	772.58203125	191.926666259766	243.077270507812
3370	16.845	676.646423339844	391.961486816406	134.540435791016	784.037536621094	193.326995849609	236.638778686523
3371	16.85	667.943176269531	392.982513427734	138.597671508789	795.842468261719	194.618423461914	230.100708007812
3372	16.855	659.635131835938	393.999145507812	142.757568359375	807.969299316406	195.865447998047	223.322769165039
3373	16.86	651.667297363281	395.054992675781	147.091751098633	820.286315917969	197.008377075195	216.688674926758
3374	16.865	644.040222167969	396.125091552734	151.466796875	833.106567382812	198.231826782227	209.786911010742
3375	16.87	636.785278320312	397.202117919922	155.885818481445	846.091003417969	199.256683349609	202.983489990234
3376	16.875	629.867736816406	398.289123535156	160.416381835938	858.938842773438	200.000946044922	196.480484008789
3377	16.88	623.3466796875	399.377288818359	164.929122924805	873.028381347656	201.176620483398	189.344024658203
3378	16.885	617.035766601562	400.490173339844	169.445236206055	887.03515625	201.868988037109	182.589904785156
3379	16.89	611.020385742188	401.582397460938	173.959457397461	901.361083984375	202.422500610352	175.865676879883
3380	16.895	605.235168457031	402.688049316406	178.545791625977	915.922058105469	202.910614013672	169.233108520508
3381	16.9	599.76953125	403.778167724609	183.061874389648	930.533569335938	203.068862915039	162.879669189453
3382	16.905	594.454895019531	404.800872802734	187.607330322266	945.322692871094	203.180374145508	156.596496582031
3383	16.91	589.380676269531	405.869384765625	192.169723510742	960.269165039062	203.127700805664	150.556076049805
3384	16.915	584.476196289062	406.932189941406	196.647262573242	975.192810058594	202.868423461914	144.826370239258
3385	16.92	579.703186035156	407.908996582031	201.104614257812	990.0048828125	202.531402587891	139.291641235352
3386	16.925	575.039001464844	408.874176025391	205.537857055664	1004.51098632812	201.970474243164	134.315200805664
3387	16.93	570.586303710938	409.841247558594	209.923248291016	1018.53820800781	201.317810058594	129.723571777344
3388	16.935	566.211791992188	410.606842041016	214.124710083008	1032.34802246094	200.56494140625	125.481788635254
3389	16.94	561.887573242188	411.524932861328	218.369247436523	1045.49475097656	199.636291503906	121.712356567383
3390	16.945	557.540649414062	412.279357910156	222.628067016602	1057.87353515625	198.773635864258	118.639236450195
3391	16.95	552.982604980469	413.026824951172	227.056884765625	1069.51586914062	198.00390625	115.861572265625
3392	16.955	548.359802246094	413.668487548828	231.765548706055	1080.05407714844	197.2412109375	113.640068054199
3393	16.96	543.830688476562	414.274780273438	236.60026550293	1089.45288085938	196.925201416016	111.715621948242
3394	16.965	539.457153320312	414.805725097656	241.577880859375	1097.669921875	196.987289428711	109.959457397461
3395	16.97	535.4736328125	415.286743164062	246.688430786133	1104.65100097656	197.158660888672	108.211410522461
3396	16.975	531.822204589844	415.662658691406	251.859039306641	1110.3134765625	197.314147949219	106.475219726562
3397	16.98	528.653076171875	415.964782714844	257.052459716797	1114.9462890625	197.512817382812	104.195747375488
3398	16.985	525.982360839844	416.285308837891	262.293212890625	1118.30834960938	197.598251342773	101.798461914062
3399	16.99	523.789306640625	416.504577636719	267.533813476562	1120.69372558594	197.585556030273	99.1602325439453
3400	16.995	522.151611328125	416.683837890625	272.708374023438	1121.76550292969	197.41455078125	96.2918930053711
3401	17.0	521.140197753906	416.807800292969	277.901916503906	1121.92224121094	197.111419677734	93.285270690918
3402	17.005	520.608520507812	416.796417236328	283.018432617188	1121.17333984375	196.660339355469	90.3965606689453
3403	17.01	520.795654296875	416.732238769531	287.994140625	1119.41345214844	196.170135498047	88.3296279907227
3404	17.015	521.57958984375	416.556243896484	292.887908935547	1115.98291015625	196.144775390625	85.8533401489258
3405	17.02	522.988220214844	416.270874023438	297.626342773438	1110.57397460938	196.577239990234	83.207878112793
3406	17.025	525.097106933594	415.935333251953	302.191986083984	1102.89172363281	197.286163330078	81.217399597168
3407	17.03	527.960205078125	415.243682861328	306.603485107422	1093.78295898438	198.33952331543	79.944450378418
3408	17.035	531.493286132812	414.792236328125	310.775329589844	1083.05346679688	200.000549316406	79.761604309082
3409	17.04	535.779357910156	414.19677734375	314.662628173828	1071.25463867188	202.01806640625	80.5750503540039
3410	17.045	540.804321289062	413.769256591797	318.325286865234	1061.13293457031	203.207397460938	82.5474014282227
3411	17.05	546.67529296875	413.246002197266	321.669738769531	1052.49011230469	204.124862670898	84.550537109375
3412	17.055	553.176391601562	412.756805419922	324.639404296875	1043.77954101562	204.863189697266	86.1820220947266
3413	17.06	560.219665527344	412.169525146484	327.259155273438	1034.36694335938	205.358932495117	87.559196472168
3414	17.065	567.747497558594	411.573150634766	329.660766601562	1023.75793457031	205.754470825195	88.7802581787109
3415	17.07	575.718200683594	410.925170898438	331.593017578125	1012.82940673828	206.045684814453	89.6636734008789
3416	17.075	584.059265136719	410.273040771484	333.230010986328	1001.96569824219	205.990859985352	90.1120376586914
3417	17.08	592.652282714844	409.679016113281	334.424926757812	990.694213867188	205.989013671875	90.3774185180664
3418	17.085	601.505004882812	409.155609130859	335.18798828125	978.986572265625	206.194854736328	90.3812484741211
3419	17.09	610.534545898438	408.715850830078	335.477905273438	967.194030761719	206.328094482422	90.4401245117188
3420	17.095	619.714233398438	408.398071289062	335.318969726562	955.409057617188	206.651077270508	90.4749755859375
3421	17.1	629.093627929688	408.142120361328	334.672241210938	943.3759765625	206.918243408203	90.7503967285156
3422	17.105	638.5693359375	407.904357910156	333.493530273438	931.224670410156	207.219100952148	91.0967178344727
3423	17.11	648.144714355469	407.682098388672	331.877777099609	919.013305664062	207.394088745117	91.5050964355469
3424	17.115	657.827392578125	407.482086181641	329.829254150391	906.735717773438	207.471817016602	91.8991012573242
3425	17.12	667.557373046875	407.210144042969	327.206176757812	894.536315917969	207.590713500977	92.3125305175781
3426	17.125	677.302551269531	407.027374267578	324.243896484375	882.312561035156	207.541137695312	92.6708984375
3427	17.13	686.954528808594	406.747467041016	320.775238037109	870.022399902344	207.298904418945	93.2781600952148
3428	17.135	696.694091796875	406.333648681641	316.955535888672	857.894958496094	206.991973876953	93.9972610473633
3429	17.14	706.385681152344	405.862609863281	312.731903076172	845.808898925781	206.595764160156	94.8379135131836
3430	17.145	716.095153808594	405.396820068359	308.226318359375	833.777587890625	206.099945068359	95.8299407958984
3431	17.15	725.829223632812	404.828735351562	303.326721191406	821.87548828125	205.469085693359	96.9534454345703
3432	17.155	735.539001464844	404.120178222656	298.103942871094	809.955261230469	204.751129150391	98.3338241577148
3433	17.16	745.355163574219	403.372161865234	292.639343261719	798.2021484375	203.948699951172	99.8892517089844
3434	17.165	755.250427246094	402.384033203125	286.867767333984	786.594909667969	203.120269775391	101.780502319336
3435	17.17	765.260009765625	401.296661376953	280.728393554688	775.082824707031	202.080825805664	103.957893371582
3436	17.175	775.448547363281	400.075958251953	274.495361328125	763.955261230469	201.160842895508	106.331336975098
3437	17.18	785.749084472656	398.766143798828	267.911773681641	752.947631835938	199.827743530273	109.162635803223
3438	17.185	796.116516113281	397.370391845703	261.217803955078	742.279296875	198.547149658203	112.332794189453
3439	17.19	806.811645507812	395.855346679688	254.264251708984	731.921325683594	197.252380371094	115.692962646484
3440	17.195	817.701477050781	394.28955078125	247.161193847656	722.193420410156	195.609375	119.178924560547
3441	17.2	828.833618164062	392.597106933594	239.868453979492	712.066650390625	194.770538330078	123.150100708008
3442	17.205	840.158508300781	390.995422363281	232.454071044922	702.806335449219	193.794570922852	126.841262817383
3443	17.21	851.809936523438	389.381774902344	224.963653564453	693.824951171875	192.463195800781	130.951370239258
3444	17.215	863.700073242188	387.675079345703	217.37890625	685.260986328125	191.18879699707	135.205169677734
3445	17.22	875.922546386719	386.071594238281	209.746215820312	677.106018066406	189.679306030273	139.483123779297
3446	17.225	888.309387207031	384.489776611328	202.172164916992	668.919189453125	188.489379882812	144.105804443359
3447	17.23	901.030090332031	383.013275146484	194.622375488281	661.307556152344	187.094085693359	148.643295288086
3448	17.235	913.847839355469	381.851806640625	187.373550415039	653.908447265625	185.648574829102	153.321441650391
3449	17.24	926.864685058594	380.586181640625	180.170455932617	646.872863769531	184.291122436523	158.025848388672
3450	17.245	940.118896484375	379.459564208984	173.210006713867	640.118041992188	182.903869628906	162.83561706543
3451	17.25	953.385070800781	378.183380126953	166.484893798828	633.700317382812	181.560974121094	167.669738769531
3452	17.255	966.533264160156	377.272583007812	160.159561157227	627.386474609375	180.249740600586	172.50520324707
3453	17.26	979.593811035156	376.364318847656	154.114715576172	621.477416992188	179.017761230469	177.357849121094
3454	17.265	992.2685546875	375.442749023438	148.549194335938	615.513793945312	178.152984619141	182.159255981445
3455	17.27	1004.52905273438	374.584899902344	143.475814819336	609.870300292969	176.98811340332	186.891906738281
3456	17.275	1016.06683349609	373.647430419922	138.850204467773	604.445617675781	175.914413452148	191.567993164062
3457	17.28	1026.98840332031	372.594390869141	134.681793212891	599.002258300781	174.935913085938	196.273422241211
3458	17.285	1036.94372558594	371.513336181641	131.041732788086	593.825073242188	174.100341796875	200.726028442383
3459	17.29	1046.013671875	370.313629150391	127.835754394531	588.664001464844	173.182464599609	205.33903503418
3460	17.295	1053.97253417969	369.020416259766	125.128952026367	583.596496582031	172.320266723633	209.875686645508
3461	17.3	1061.04223632812	367.62451171875	122.806793212891	578.638488769531	171.504150390625	214.405197143555
3462	17.305	1066.89721679688	366.115295410156	121.015464782715	573.740356445312	170.70735168457	218.915908813477
3463	17.31	1071.76501464844	364.385131835938	119.317611694336	568.851806640625	169.930618286133	223.479125976562
3464	17.315	1075.50048828125	362.525604248047	117.7080078125	563.961730957031	169.125946044922	228.022232055664
3465	17.32	1078.18505859375	360.595092773438	116.029678344727	559.162292480469	168.642501831055	232.678421020508
3466	17.325	1079.82470703125	358.641998291016	114.269607543945	554.703369140625	167.820175170898	237.468963623047
3467	17.33	1080.49792480469	356.805969238281	112.356201171875	550.603698730469	167.114685058594	242.376739501953
3468	17.335	1080.36999511719	355.170501708984	110.366722106934	546.947631835938	166.28581237793	247.351364135742
3469	17.34	1079.34826660156	353.773651123047	108.23119354248	543.808227539062	165.60090637207	252.373931884766
3470	17.345	1077.5126953125	352.651733398438	105.99494934082	541.237487792969	164.84782409668	257.389495849609
3471	17.35	1075.05151367188	351.773681640625	103.519226074219	539.10595703125	164.007415771484	262.395385742188
3472	17.355	1071.80981445312	351.023590087891	100.791221618652	537.500732421875	163.0302734375	267.316162109375
3473	17.36	1068.15356445312	350.579223632812	97.7024841308594	536.419616699219	162.12451171875	272.185882568359
3474	17.365	1063.69201660156	350.040374755859	94.9190902709961	535.929260253906	161.077911376953	276.913543701172
3475	17.37	1058.30310058594	349.070404052734	92.8657455444336	535.988098144531	160.117797851562	281.548431396484
3476	17.375	1050.88024902344	346.826507568359	90.895622253418	536.630126953125	159.106704711914	285.979888916016
3477	17.38	1039.01843261719	343.4921875	89.2713775634766	537.958740234375	158.240631103516	290.270050048828
3478	17.385	1025.39135742188	340.128692626953	88.3795547485352	539.886779785156	157.338119506836	294.396850585938
3479	17.39	1013.30902099609	337.928405761719	88.1526260375977	542.523864746094	156.578277587891	298.374450683594
3480	17.395	1002.38647460938	336.365753173828	88.8303451538086	545.858154296875	155.915100097656	302.226989746094
3481	17.4	992.434875488281	335.541534423828	89.8140258789062	549.869567871094	155.363967895508	305.886749267578
3482	17.405	981.783569335938	334.783111572266	90.6636657714844	554.5771484375	155.052398681641	309.248870849609
3483	17.41	970.384826660156	334.332489013672	91.8893203735352	560.792785644531	154.326934814453	312.348052978516
3484	17.415	958.811340332031	334.237945556641	92.9153137207031	567.039123535156	154.013153076172	314.940490722656
3485	17.42	947.373657226562	334.474060058594	93.6918334960938	573.671875	153.852905273438	317.066375732422
3486	17.425	936.392822265625	335.23486328125	94.5441436767578	580.455200195312	153.74462890625	318.841491699219
3487	17.43	925.260131835938	336.146850585938	95.4460067749023	588.641479492188	152.803985595703	320.218994140625
3488	17.435	914.008178710938	337.103271484375	96.0498046875	596.385620117188	152.661178588867	321.115936279297
3489	17.44	902.696166992188	337.864196777344	96.365608215332	604.369934082031	152.544525146484	321.583892822266
3490	17.445	891.041748046875	338.562683105469	96.8068695068359	612.566711425781	152.434188842773	321.6376953125
3491	17.45	879.267395019531	338.967163085938	97.1496658325195	620.854064941406	152.32341003418	321.229187011719
3492	17.455	867.304077148438	339.15478515625	97.6004409790039	629.353820800781	152.178146362305	320.283477783203
3493	17.46	855.3955078125	339.197723388672	98.1020660400391	638.109008789062	151.883285522461	318.886352539062
3494	17.465	843.610107421875	338.960876464844	98.673942565918	646.74560546875	151.948379516602	316.923797607422
3495	17.47	831.303161621094	339.095977783203	99.4781723022461	655.510986328125	151.920669555664	314.411315917969
3496	17.475	819.397155761719	338.938079833984	100.349632263184	664.283874511719	151.680084228516	311.430572509766
3497	17.48	807.328918457031	338.8583984375	101.35595703125	673.28759765625	151.616851806641	307.971405029297
3498	17.485	795.451782226562	338.794189453125	102.481254577637	682.324584960938	151.657867431641	303.985931396484
3499	17.49	783.680358886719	338.791778564453	103.781539916992	691.479125976562	151.69970703125	299.527252197266
3500	17.495	771.970153808594	338.875366210938	105.352233886719	700.791442871094	151.706481933594	294.662109375
3501	17.5	760.507751464844	339.038665771484	107.12232208252	710.30615234375	151.563720703125	289.417266845703
3502	17.505	749.266723632812	339.237152099609	109.207664489746	719.858215332031	151.665817260742	283.771453857422
3503	17.51	738.151550292969	339.646270751953	111.545616149902	729.615234375	151.678680419922	277.676696777344
3504	17.515	727.400634765625	340.053680419922	114.200897216797	739.600158691406	151.825653076172	271.392211914062
3505	17.52	716.8134765625	340.703216552734	117.044937133789	749.846862792969	152.04475402832	264.775207519531
3506	17.525	706.523376464844	341.437316894531	120.212303161621	760.367614746094	152.264068603516	257.995239257812
3507	17.53	696.533752441406	342.261016845703	123.606170654297	771.0771484375	152.434936523438	250.958526611328
3508	17.535	686.87353515625	343.251251220703	127.213745117188	782.220703125	152.764663696289	243.734161376953
3509	17.54	677.560302734375	344.150604248047	130.933563232422	793.602722167969	153.103530883789	236.397171020508
3510	17.545	668.547241210938	345.338745117188	134.828536987305	805.274841308594	153.507583618164	228.912078857422
3511	17.55	659.907043457031	346.473449707031	138.886077880859	817.214477539062	153.887542724609	221.48713684082
3512	17.555	651.628234863281	347.705718994141	143.037109375	829.474243164062	154.233367919922	213.766586303711
3513	17.56	643.606628417969	349.007293701172	147.318969726562	842.027404785156	154.760330200195	206.196838378906
3514	17.565	635.962280273438	350.294647216797	151.66569519043	854.830078125	155.104949951172	198.573745727539
3515	17.57	628.643127441406	351.618560791016	156.028427124023	867.757446289062	155.412612915039	191.085739135742
3516	17.575	621.609680175781	352.993682861328	160.493698120117	881.398498535156	155.934494018555	183.527847290039
3517	17.58	614.842834472656	354.306945800781	164.943817138672	895.051513671875	156.20133972168	176.250213623047
3518	17.585	608.403625488281	355.741027832031	169.411605834961	908.964111328125	156.475189208984	169.111083984375
3519	17.59	602.128601074219	357.064025878906	173.938018798828	923.062866210938	156.601654052734	162.197021484375
3520	17.595	596.206115722656	358.497039794922	178.457748413086	937.299499511719	156.662750244141	155.506790161133
3521	17.6	590.648193359375	359.970611572266	183.033935546875	951.587097167969	156.586135864258	149.190994262695
3522	17.605	585.333312988281	361.417236328125	187.586791992188	965.681091308594	156.335388183594	143.359802246094
3523	17.61	580.203125	362.867431640625	192.083724975586	979.767883300781	156.085586547852	137.839813232422
3524	17.615	575.283325195312	364.274719238281	196.581878662109	993.549072265625	155.763061523438	132.772842407227
3525	17.62	570.509033203125	365.564727783203	201.012756347656	1006.93395996094	155.350677490234	128.175933837891
3526	17.625	565.901489257812	366.849700927734	205.458435058594	1019.72015380859	154.950836181641	124.155830383301
3527	17.63	561.358825683594	368.000549316406	209.762115478516	1031.94604492188	154.544799804688	120.676513671875
3528	17.635	556.889587402344	369.135620117188	214.142303466797	1043.35388183594	154.108139038086	117.586631774902
3529	17.64	552.364379882812	370.19091796875	218.570602416992	1053.7841796875	153.789154052734	115.003051757812
3530	17.645	547.832946777344	371.180206298828	223.114120483398	1062.9873046875	153.628143310547	112.954704284668
3531	17.65	543.147155761719	372.163360595703	227.915008544922	1071.16870117188	153.791885375977	111.175079345703
3532	17.655	538.6005859375	372.989074707031	232.814361572266	1077.93103027344	153.966613769531	109.577438354492
3533	17.66	534.14306640625	373.757720947266	237.966430664062	1083.69995117188	154.299926757812	107.875091552734
3534	17.665	530.112731933594	374.469757080078	243.225997924805	1088.08251953125	154.422958374023	106.20979309082
3535	17.67	526.585205078125	375.076263427734	248.585586547852	1091.353515625	154.543350219727	104.286643981934
3536	17.675	523.564147949219	375.618682861328	254.009521484375	1093.44848632812	154.518325805664	102.044975280762
3537	17.68	521.17822265625	376.152893066406	259.437438964844	1094.447265625	154.410095214844	99.5959777832031
3538	17.685	519.341186523438	376.629333496094	264.789398193359	1094.29479980469	154.337738037109	96.8237915039062
3539	17.69	517.998596191406	377.156890869141	270.140167236328	1092.87658691406	154.122924804688	94.1543273925781
3540	17.695	517.135192871094	377.680145263672	275.426635742188	1090.82495117188	153.880996704102	91.4949798583984
3541	17.7	516.823425292969	378.1748046875	280.629699707031	1087.82409667969	153.539688110352	89.6137542724609
3542	17.705	517.056945800781	378.671600341797	285.758911132812	1083.35986328125	153.689865112305	87.3142242431641
3543	17.71	517.939575195312	378.992553710938	290.691253662109	1076.86938476562	154.251678466797	84.9217224121094
3544	17.715	519.455932617188	379.059112548828	295.5400390625	1068.46166992188	155.174606323242	83.2055130004883
3545	17.72	521.623168945312	379.207672119141	300.194549560547	1058.76806640625	156.192657470703	82.1977310180664
3546	17.725	524.517883300781	379.290588378906	304.604339599609	1047.74597167969	157.728164672852	82.2301712036133
3547	17.73	528.188781738281	379.221466064453	308.700042724609	1036.40234375	159.322708129883	83.2327041625977
3548	17.735	532.548828125	379.274993896484	312.642059326172	1026.90563964844	160.686676025391	84.8873519897461
3549	17.74	537.809204101562	379.236175537109	316.212158203125	1018.22839355469	161.780181884766	86.5727005004883
3550	17.745	543.607849121094	379.166870117188	319.519866943359	1009.17211914062	162.713775634766	87.7673645019531
3551	17.75	550.064147949219	378.995452880859	322.413513183594	999.059020996094	163.625900268555	88.5514373779297
3552	17.755	556.934143066406	378.874420166016	324.943450927734	988.011657714844	164.043121337891	89.5513076782227
3553	17.76	564.216186523438	378.675048828125	327.14599609375	976.822326660156	164.07780456543	90.1679306030273
3554	17.765	571.813903808594	378.464538574219	328.92578125	965.679504394531	163.823623657227	90.3956756591797
3555	17.77	579.732788085938	378.336975097656	330.347564697266	954.083557128906	163.62614440918	90.7778549194336
3556	17.775	587.792785644531	378.266143798828	331.365356445312	942.309509277344	163.524963378906	91.097526550293
3557	17.78	595.975402832031	378.163116455078	331.799377441406	930.471740722656	163.473663330078	91.2918853759766
3558	17.785	604.412170410156	378.219543457031	331.880096435547	918.529541015625	163.624496459961	91.6006088256836
3559	17.79	612.965576171875	378.361236572266	331.508941650391	906.458129882812	163.814331054688	92.0754165649414
3560	17.795	621.676574707031	378.480682373047	330.621673583984	894.335083007812	163.917663574219	92.6095581054688
3561	17.8	630.552734375	378.784698486328	329.238342285156	882.354553222656	164.173278808594	92.9902420043945
3562	17.805	639.466491699219	378.977203369141	327.405548095703	870.16162109375	164.208984375	93.5593338012695
3563	17.81	648.459716796875	379.258392333984	325.091461181641	857.957336425781	164.185241699219	94.141227722168
3564	17.815	657.471801757812	379.542297363281	322.331665039062	845.772705078125	164.043716430664	94.7440795898438
3565	17.82	666.549560546875	379.783966064453	319.191253662109	833.715759277344	163.945358276367	95.504997253418
3566	17.825	675.61181640625	379.959899902344	315.533172607422	821.646606445312	163.688201904297	96.3979034423828
3567	17.83	684.664123535156	380.141021728516	311.509185791016	809.672546386719	163.399703979492	97.3961410522461
3568	17.835	693.667907714844	380.3369140625	307.216217041016	797.798217773438	162.921417236328	98.5902557373047
3569	17.84	702.820373535156	380.319213867188	302.455657958984	786.128967285156	162.397888183594	99.9865570068359
3570	17.845	711.943725585938	380.318939208984	297.379516601562	774.541320800781	161.667465209961	101.740676879883
3571	17.85	721.201721191406	380.14111328125	291.958221435547	763.153869628906	160.86750793457	103.705299377441
3572	17.855	730.603332519531	380.044708251953	286.213958740234	751.812438964844	159.91325378418	106.118347167969
3573	17.86	740.165649414062	379.626129150391	280.165283203125	740.867248535156	158.857116699219	108.670455932617
3574	17.865	749.974792480469	379.233489990234	273.891204833984	730.184265136719	157.712127685547	111.579277038574
3575	17.87	759.860473632812	378.683166503906	267.365142822266	719.802673339844	156.560729980469	114.713562011719
3576	17.875	770.017700195312	378.046447753906	260.583618164062	709.667602539062	155.413146972656	118.134208679199
3577	17.88	780.430053710938	377.322570800781	253.656875610352	699.8642578125	154.198318481445	121.928115844727
3578	17.885	791.1005859375	376.540740966797	246.460144042969	690.414123535156	152.987197875977	125.689125061035
3579	17.89	802.162536621094	375.485260009766	239.064987182617	681.258239746094	151.750305175781	129.706329345703
3580	17.895	813.404418945312	374.526000976562	231.625823974609	672.565246582031	150.406646728516	133.756500244141
3581	17.9	824.787841796875	373.622650146484	224.140731811523	664.520629882812	148.780349731445	137.837768554688
3582	17.905	836.622436523438	372.601745605469	216.508697509766	655.8212890625	148.009765625	142.306167602539
3583	17.91	848.624267578125	371.64501953125	208.954956054688	648.04736328125	146.660430908203	146.691390991211
3584	17.915	860.898986816406	370.669830322266	201.387359619141	640.500305175781	145.389862060547	151.162582397461
3585	17.92	873.443054199219	369.740051269531	193.881210327148	633.346130371094	144.080261230469	155.672561645508
3586	17.925	886.039245605469	369.040313720703	186.599472045898	626.505065917969	142.529876708984	160.260238647461
3587	17.93	898.965454101562	368.263702392578	179.238143920898	619.831298828125	141.231658935547	164.897384643555
3588	17.935	911.854370117188	367.639801025391	172.185394287109	613.156372070312	140.311126708984	169.659790039062
3589	17.94	925.101867675781	367.101196289062	165.260314941406	606.985290527344	139.130783081055	174.375900268555
3590	17.945	938.354858398438	366.635955810547	158.588424682617	601.078125	138.094268798828	179.135314941406
3591	17.95	951.550170898438	366.448303222656	152.389099121094	595.361633300781	137.303482055664	183.843170166016
3592	17.955	964.599609375	366.391143798828	146.484222412109	590.025146484375	136.470855712891	188.56428527832
3593	17.96	977.340515136719	366.395660400391	141.093063354492	584.802612304688	135.906692504883	193.24919128418
3594	17.965	989.521362304688	366.458953857422	136.313491821289	579.708984375	135.351196289062	197.899398803711
3595	17.97	1001.02520751953	366.535461425781	132.031341552734	574.809143066406	135.107376098633	202.343231201172
3596	17.975	1011.56591796875	366.505004882812	128.344924926758	569.855346679688	134.643981933594	206.880508422852
3597	17.98	1021.00457763672	366.461791992188	125.144149780273	564.875305175781	134.276351928711	211.299041748047
3598	17.985	1029.41369628906	366.337890625	122.503929138184	559.881286621094	133.932907104492	215.756210327148
3599	17.99	1036.529296875	365.874084472656	120.263175964355	554.812866210938	133.639541625977	220.35107421875
3600	17.995	1042.45300292969	365.368072509766	118.372055053711	549.630065917969	133.646957397461	225.045684814453
3601	18.0	1047.30810546875	364.59326171875	116.693870544434	544.478881835938	133.586944580078	229.930862426758
3602	18.005	1050.93432617188	363.695983886719	115.138282775879	539.580444335938	133.621002197266	234.919357299805
3603	18.01	1053.53344726562	362.765838623047	113.506202697754	535.023193359375	133.71728515625	240.0791015625
3604	18.015	1055.05285644531	361.697662353516	111.702461242676	530.96435546875	133.940567016602	245.245147705078
3605	18.02	1055.63818359375	360.736297607422	109.676261901855	527.335998535156	134.304626464844	250.486740112305
3606	18.025	1055.22973632812	359.886932373047	107.506355285645	524.281311035156	134.675628662109	255.805084228516
3607	18.03	1054.17700195312	359.249572753906	105.037055969238	521.755920410156	134.998764038086	261.083435058594
3608	18.035	1052.24377441406	358.756408691406	102.378425598145	519.771118164062	135.26008605957	266.35498046875
3609	18.04	1049.64562988281	358.500946044922	99.4482040405273	518.342895507812	135.568817138672	271.549041748047
3610	18.045	1046.33056640625	358.338745117188	96.4424438476562	517.495666503906	135.66862487793	276.559875488281
3611	18.05	1041.8251953125	357.725463867188	94.3545074462891	517.3525390625	135.663421630859	281.447540283203
3612	18.055	1035.66271972656	355.956817626953	92.714225769043	517.815368652344	136.051132202148	285.901580810547
3613	18.06	1024.544921875	353.397888183594	90.7822952270508	518.882141113281	136.213790893555	290.276153564453
3614	18.065	1010.04040527344	350.688720703125	89.5150909423828	520.631591796875	136.326034545898	294.452697753906
3615	18.07	997.180786132812	349.447143554688	89.0112152099609	523.105102539062	136.587738037109	298.339935302734
3616	18.075	985.941162109375	348.908752441406	89.1888732910156	526.379760742188	136.90168762207	302.020751953125
3617	18.08	976.032165527344	348.476379394531	89.8489456176758	530.363403320312	137.385940551758	305.443542480469
3618	18.085	965.760375976562	348.123413085938	90.7948684692383	534.853698730469	138.005981445312	308.615203857422
3619	18.09	954.644470214844	347.731872558594	91.9987487792969	540.862487792969	138.235305786133	311.387969970703
3620	18.095	943.059448242188	347.687469482422	93.214729309082	546.955261230469	139.064025878906	313.834075927734
3621	18.1	931.630981445312	347.904998779297	93.9618606567383	553.643737792969	139.843215942383	315.887908935547
3622	18.105	920.633117675781	348.996734619141	95.0252838134766	560.450317382812	141.074600219727	317.488708496094
3623	18.11	909.502807617188	350.068389892578	96.0129547119141	567.656433105469	142.249694824219	318.686370849609
3624	18.115	898.135314941406	351.056793212891	96.5762634277344	576.016174316406	142.52522277832	319.4072265625
3625	18.12	886.695983886719	351.957489013672	97.0148849487305	583.989929199219	143.477645874023	319.626556396484
3626	18.125	875.084716796875	352.51953125	97.3811645507812	592.296325683594	144.340759277344	319.275970458984
3627	18.13	863.27734375	352.947265625	97.988166809082	600.641357421875	144.971527099609	318.484344482422
3628	18.135	851.476928710938	353.104064941406	98.5523834228516	609.263244628906	145.803039550781	317.060638427734
3629	18.14	839.505615234375	353.302673339844	99.2819290161133	618.126037597656	146.695785522461	315.032684326172
3630	18.145	827.622985839844	353.374084472656	100.133285522461	626.968688964844	147.389923095703	312.609771728516
3631	18.15	815.681579589844	353.454559326172	101.069046020508	635.97998046875	148.127853393555	309.714447021484
3632	18.155	803.750854492188	353.575286865234	102.177772521973	644.953063964844	148.843673706055	306.301788330078
3633	18.16	791.933715820312	353.658660888672	103.365745544434	654.088745117188	149.623153686523	302.505523681641
3634	18.165	780.190979003906	353.767211914062	104.712478637695	663.276123046875	150.207641601562	298.296966552734
3635	18.17	768.585083007812	353.916473388672	106.22679901123	672.584716796875	151.097640991211	293.632598876953
3636	18.175	757.078857421875	354.127410888672	107.967597961426	681.894653320312	151.940795898438	288.658843994141
3637	18.18	745.870910644531	354.365020751953	109.923080444336	691.280456542969	152.823745727539	283.329162597656
3638	18.185	734.800842285156	354.718505859375	112.257263183594	700.919189453125	153.806686401367	277.710021972656
3639	18.19	724.093994140625	355.100524902344	114.817947387695	710.716735839844	154.886459350586	271.824645996094
3640	18.195	713.493286132812	355.650207519531	117.756362915039	720.772033691406	155.998580932617	265.651916503906
3641	18.2	703.312377929688	356.252624511719	120.86368560791	730.950439453125	157.102767944336	259.27978515625
3642	18.205	693.335388183594	356.926208496094	124.165863037109	741.499389648438	158.315002441406	252.677947998047
3643	18.21	683.72705078125	357.60986328125	127.685005187988	752.160095214844	159.542770385742	245.922790527344
3644	18.215	674.375732421875	358.5400390625	131.390579223633	763.134704589844	160.696243286133	238.95344543457
3645	18.22	665.55078125	359.480163574219	135.16960144043	774.393859863281	161.965133666992	231.844451904297
3646	18.225	656.901245117188	360.560638427734	139.222778320312	785.8984375	163.192489624023	224.636367797852
3647	18.23	648.606018066406	361.673706054688	143.262954711914	797.712524414062	164.343597412109	217.283386230469
3648	18.235	640.680236816406	362.687225341797	147.398147583008	809.763000488281	165.56950378418	209.976745605469
3649	18.24	632.997863769531	363.831451416016	151.617858886719	821.889221191406	166.668472290039	202.738586425781
3650	18.245	625.628112792969	364.879364013672	155.873001098633	834.781066894531	167.774520874023	195.240753173828
3651	18.25	618.625854492188	365.947845458984	160.165054321289	847.651550292969	168.907363891602	187.835006713867
3652	18.255	611.8544921875	367.026458740234	164.477905273438	860.86328125	169.861968994141	180.448791503906
3653	18.26	605.370178222656	368.070373535156	168.817398071289	874.210327148438	170.710556030273	173.258590698242
3654	18.265	599.197021484375	369.187438964844	173.212142944336	887.651123046875	171.304779052734	166.211624145508
3655	18.27	593.237365722656	370.176910400391	177.641571044922	901.241394042969	171.708343505859	159.347991943359
3656	18.275	587.578186035156	371.14501953125	182.079025268555	914.879577636719	171.888900756836	152.704025268555
3657	18.28	582.163757324219	372.127899169922	186.564010620117	928.516479492188	171.869430541992	146.343597412109
3658	18.285	577.0322265625	373.084106445312	191.031005859375	942.150085449219	171.599792480469	140.262893676758
3659	18.29	572.033630371094	373.906829833984	195.50048828125	955.56396484375	171.066192626953	134.672485351562
3660	18.295	567.217407226562	374.813934326172	199.877319335938	968.7783203125	170.244781494141	129.510528564453
3661	18.3	562.501953125	375.67578125	204.194595336914	981.575805664062	169.256408691406	124.880241394043
3662	18.305	557.930236816406	376.300018310547	208.324890136719	993.829162597656	168.067260742188	120.739616394043
3663	18.31	553.42822265625	377.021911621094	212.486602783203	1005.47747802734	166.712432861328	117.248748779297
3664	18.315	549.050537109375	377.806121826172	216.535247802734	1016.32684326172	165.434143066406	114.266647338867
3665	18.32	544.580871582031	378.520263671875	220.691421508789	1026.32153320312	164.234817504883	111.813545227051
3666	18.325	540.169189453125	379.138122558594	224.958770751953	1035.291015625	163.268859863281	109.772903442383
3667	18.33	535.610290527344	379.742797851562	229.428909301758	1043.03405761719	162.487564086914	108.020118713379
3668	18.335	531.268310546875	380.240447998047	234.024429321289	1049.42175292969	161.893463134766	106.459533691406
3669	18.34	527.072448730469	380.618713378906	238.698211669922	1054.61376953125	161.415084838867	104.73804473877
3670	18.345	523.294250488281	381.015594482422	243.506088256836	1058.45568847656	160.855834960938	102.792655944824
3671	18.35	519.952087402344	381.344879150391	248.342651367188	1061.07385253906	160.213424682617	100.622138977051
3672	18.355	517.14111328125	381.601684570312	253.17546081543	1062.46545410156	159.488128662109	98.2634887695312
3673	18.36	514.714233398438	381.880218505859	258.014404296875	1062.775390625	158.627349853516	95.5840530395508
3674	18.365	512.853210449219	382.104675292969	262.69482421875	1061.91003417969	157.727783203125	92.9090423583984
3675	18.37	511.521453857422	382.360290527344	267.337890625	1060.0654296875	156.685668945312	90.6423416137695
3676	18.375	510.657073974609	382.597351074219	271.8662109375	1057.00158691406	155.882919311523	88.8427886962891
3677	18.38	510.378326416016	382.7822265625	276.278198242188	1052.18151855469	155.677398681641	86.5909957885742
3678	18.385	510.62353515625	382.974670410156	280.522644042969	1045.21520996094	156.270217895508	84.5452270507812
3679	18.39	511.474822998047	383.124176025391	284.632629394531	1036.59265136719	157.320281982422	83.0418472290039
3680	18.395	513.081726074219	383.213165283203	288.532379150391	1026.77697753906	158.565292358398	82.2029266357422
3681	18.4	515.220275878906	383.186187744141	292.310272216797	1015.22564697266	160.255920410156	82.054328918457
3682	18.405	518.23388671875	383.271148681641	295.890319824219	1003.33142089844	162.013702392578	82.9282302856445
3683	18.41	521.989501953125	382.974487304688	299.293792724609	993.206115722656	163.215576171875	84.5508804321289
3684	18.415	526.412963867188	382.962982177734	302.499420166016	984.330932617188	164.102401733398	86.0355453491211
3685	18.42	531.709045410156	382.729278564453	305.440185546875	975.306640625	164.914093017578	87.1784591674805
3686	18.425	537.490295410156	382.328399658203	308.015838623047	965.283874511719	165.655609130859	88.1836853027344
3687	18.43	543.877319335938	381.834289550781	310.297241210938	954.079162597656	166.26432800293	89.2870635986328
3688	18.435	550.72509765625	381.305236816406	312.238464355469	942.810241699219	166.482788085938	89.9648742675781
3689	18.44	558.011840820312	380.724853515625	313.832092285156	931.716430664062	166.473678588867	90.3441162109375
3690	18.445	565.550842285156	380.156585693359	315.035766601562	920.451354980469	166.345794677734	90.4670639038086
3691	18.45	573.337585449219	379.436553955078	315.675903320312	908.59423828125	166.130584716797	90.7025833129883
3692	18.455	581.353393554688	378.936492919922	316.057067871094	896.759948730469	166.009429931641	90.7867279052734
3693	18.46	589.556762695312	378.477966308594	315.900756835938	884.814514160156	165.994842529297	90.9993362426758
3694	18.465	597.90234375	377.998474121094	315.347900390625	872.709167480469	166.113510131836	91.4059219360352
3695	18.47	606.44873046875	377.547515869141	314.291778564453	860.591857910156	166.353805541992	91.9133758544922
3696	18.475	615.146911621094	377.140625	312.786407470703	848.560546875	166.593353271484	92.4380264282227
3697	18.48	623.974548339844	376.753814697266	310.798553466797	836.489807128906	166.677536010742	92.9625778198242
3698	18.485	632.954467773438	376.323883056641	308.385009765625	824.334838867188	166.65576171875	93.5997314453125
3699	18.49	642.024291992188	375.855499267578	305.488952636719	812.304504394531	166.495880126953	94.270378112793
3700	18.495	651.148193359375	375.455505371094	302.257415771484	800.331848144531	166.251098632812	95.0104598999023
3701	18.5	660.366271972656	374.951934814453	298.558044433594	788.419921875	165.932571411133	95.943115234375
3702	18.505	669.589538574219	374.417785644531	294.469787597656	776.639404296875	165.524017333984	96.9964447021484
3703	18.51	678.903869628906	373.824096679688	290.123992919922	764.963073730469	165.071258544922	98.2296905517578
3704	18.515	688.354919433594	373.201904296875	285.406616210938	753.333618164062	164.451583862305	99.7057647705078
3705	18.52	697.864562988281	372.493072509766	280.336791992188	741.862243652344	163.718017578125	101.502906799316
3706	18.525	707.428649902344	371.672149658203	274.856170654297	730.438415527344	162.793365478516	103.689949035645
3707	18.53	717.158203125	370.815551757812	269.243194580078	719.404907226562	161.909774780273	105.932479858398
3708	18.535	727.209533691406	369.889190673828	263.247741699219	708.449157714844	160.816314697266	108.582817077637
3709	18.54	737.265625	368.890808105469	257.105499267578	697.875366210938	159.696029663086	111.458183288574
3710	18.545	747.580444335938	367.862152099609	250.671829223633	687.440368652344	158.426330566406	114.732841491699
3711	18.55	758.177795410156	366.773193359375	244.051712036133	677.572692871094	156.963897705078	117.980842590332
3712	18.555	769.040100097656	365.702606201172	237.3212890625	667.424621582031	155.942810058594	121.803916931152
3713	18.56	780.21826171875	364.575408935547	230.370544433594	657.971313476562	154.622909545898	125.505569458008
3714	18.565	791.671508789062	363.456848144531	223.289825439453	648.815063476562	153.24626159668	129.502182006836
3715	18.57	803.355285644531	362.432464599609	216.103332519531	640.017211914062	151.79328918457	133.523193359375
3716	18.575	815.125549316406	361.532257080078	208.874588012695	631.719421386719	150.189590454102	137.629867553711
3717	18.58	827.828796386719	360.180053710938	201.394073486328	623.380493164062	148.921447753906	141.982559204102
3718	18.585	840.345764160156	359.273132324219	194.119277954102	615.491149902344	147.392196655273	146.265197753906
3719	18.59	853.090576171875	358.446166992188	186.929626464844	607.890075683594	145.843368530273	150.660751342773
3720	18.595	866.107116699219	357.594604492188	179.699310302734	600.615966796875	144.236236572266	155.141479492188
3721	18.6	879.333374023438	356.992706298828	172.744094848633	593.584106445312	142.630477905273	159.670501708984
3722	18.605	892.670532226562	356.503967285156	165.886978149414	586.945983886719	141.098495483398	164.129959106445
3723	18.61	906.153625488281	356.126861572266	159.350158691406	580.458618164062	139.565338134766	168.671508789062
3724	18.615	919.682189941406	355.923217773438	153.15673828125	574.2880859375	138.127166748047	173.257888793945
3725	18.62	933.122802734375	355.751342773438	147.296661376953	568.331848144531	136.652557373047	177.824142456055
3726	18.625	946.353515625	355.804626464844	141.84944152832	562.722351074219	135.347763061523	182.521743774414
3727	18.63	959.34619140625	355.832702636719	136.732528686523	557.188354492188	134.18000793457	187.149459838867
3728	18.635	971.783142089844	356.021820068359	132.144302368164	551.866394042969	133.157623291016	191.753723144531
3729	18.64	983.697631835938	356.242462158203	127.982498168945	546.754577636719	132.417221069336	196.258102416992
3730	18.645	994.956604003906	356.538909912109	124.291152954102	541.741638183594	131.568099975586	200.759170532227
3731	18.65	1005.26397705078	356.892639160156	121.112380981445	536.688232421875	130.894943237305	205.15754699707
3732	18.655	1014.59387207031	357.335998535156	118.393135070801	531.651428222656	130.149917602539	209.494354248047
3733	18.66	1022.98779296875	357.629486083984	116.019691467285	526.684326171875	129.550537109375	213.895782470703
3734	18.665	1030.31750488281	357.944305419922	113.96639251709	521.595520019531	129.151641845703	218.272064208984
3735	18.67	1036.51232910156	358.058380126953	112.130249023438	516.362060546875	128.816467285156	222.891143798828
3736	18.675	1041.55529785156	358.107971191406	110.453727722168	511.164886474609	128.526123046875	227.799835205078
3737	18.68	1045.39819335938	358.047790527344	108.75269317627	505.973358154297	128.391525268555	232.749481201172
3738	18.685	1048.24890136719	357.976287841797	106.875007629395	501.110290527344	128.407699584961	237.880310058594
3739	18.69	1049.90393066406	357.849731445312	104.855529785156	496.683166503906	128.525299072266	243.124359130859
3740	18.695	1050.54663085938	357.898223876953	102.733268737793	492.673583984375	128.706192016602	248.415786743164
3741	18.7	1050.146484375	357.997009277344	100.402389526367	489.310394287109	128.996856689453	253.798767089844
3742	18.705	1048.88232421875	358.125579833984	97.7684707641602	486.549774169922	129.478210449219	259.197082519531
3743	18.71	1046.66333007812	358.461700439453	95.2049331665039	484.505218505859	129.975341796875	264.661285400391
3744	18.715	1043.26770019531	358.544738769531	93.2570877075195	483.137878417969	130.522552490234	270.056427001953
3745	18.72	1038.43212890625	358.251647949219	91.1030960083008	482.514190673828	131.013656616211	275.317016601562
3746	18.725	1030.84289550781	356.855224609375	89.6014251708984	482.696075439453	131.542007446289	280.516418457031
3747	18.73	1019.79577636719	354.581024169922	88.5925216674805	483.532073974609	132.07829284668	285.561370849609
3748	18.735	1006.71490478516	352.2861328125	87.9976272583008	485.222625732422	132.846267700195	290.364471435547
3749	18.74	994.640563964844	350.728149414062	88.3756637573242	487.613739013672	133.524749755859	294.963226318359
3750	18.745	984.170776367188	349.756713867188	89.2105712890625	490.930908203125	134.279037475586	299.337982177734
3751	18.75	974.500549316406	349.018737792969	90.7901306152344	495.116882324219	135.133117675781	303.435302734375
3752	18.755	964.556030273438	348.410369873047	92.1345825195312	500.205230712891	136.162094116211	307.177856445312
3753	18.76	953.72265625	348.027099609375	93.6043319702148	506.016418457031	137.227935791016	310.578674316406
3754	18.765	942.583068847656	347.997039794922	94.7866363525391	512.51123046875	138.715209960938	313.459259033203
3755	18.77	931.530639648438	348.452026367188	95.6645202636719	519.609680175781	140.194259643555	316.029296875
3756	18.775	920.772583007812	349.249389648438	96.5840530395508	527.057189941406	141.583923339844	318.113220214844
3757	18.78	909.898071289062	350.145233154297	97.3016052246094	534.864929199219	143.084320068359	319.658996582031
3758	18.785	898.433471679688	351.202026367188	97.7732391357422	542.677490234375	144.915802001953	320.713317871094
3759	18.79	887.026306152344	351.740661621094	97.9294281005859	551.462219238281	145.826278686523	321.249633789062
3760	18.795	875.368286132812	351.991333007812	98.0902328491211	559.958679199219	147.107482910156	321.205780029297
3761	18.8	863.435974121094	351.977569580078	98.3870086669922	568.558471679688	148.600112915039	320.478179931641
3762	18.805	851.623046875	351.561798095703	98.6332244873047	577.684814453125	149.439224243164	319.305847167969
3763	18.81	839.497619628906	351.363616943359	99.0778579711914	586.710327148438	150.757247924805	317.412719726562
3764	18.815	827.403564453125	351.014404296875	99.620964050293	595.870544433594	151.987518310547	314.954620361328
3765	18.82	815.254699707031	350.802154541016	100.219985961914	605.055297851562	153.080261230469	312.001159667969
3766	18.825	803.218139648438	350.523834228516	100.870590209961	614.360778808594	154.356079101562	308.454711914062
3767	18.83	791.141235351562	350.478088378906	101.703384399414	623.668518066406	155.437240600586	304.460144042969
3768	18.835	779.201477050781	350.346130371094	102.487289428711	632.996887207031	156.551010131836	300.014953613281
3769	18.84	767.283203125	350.389404296875	103.520057678223	642.472229003906	157.761077880859	295.195983886719
3770	18.845	755.437255859375	350.486358642578	104.743759155273	651.821350097656	158.970794677734	290.018524169922
3771	18.85	743.739074707031	350.721221923828	106.178329467773	661.373352050781	160.349395751953	284.574249267578
3772	18.855	732.166870117188	351.035888671875	107.858963012695	671.075988769531	161.851196289062	278.837005615234
3773	18.86	720.776672363281	351.412200927734	109.818336486816	680.981140136719	163.34733581543	272.842071533203
3774	18.865	709.627197265625	351.876708984375	112.079635620117	690.998596191406	165.036392211914	266.576141357422
3775	18.87	698.785339355469	352.3681640625	114.693656921387	701.210815429688	166.708999633789	260.23388671875
3776	18.875	688.058410644531	353.017517089844	117.537254333496	711.73486328125	168.499359130859	253.611373901367
3777	18.88	677.747253417969	353.725677490234	120.749443054199	722.498413085938	170.38623046875	246.952774047852
3778	18.885	667.704895019531	354.541839599609	124.224983215332	733.555114746094	172.204666137695	240.183883666992
3779	18.89	658.078430175781	355.471405029297	127.936584472656	744.968872070312	174.151733398438	233.273666381836
3780	18.895	648.7265625	356.421844482422	131.81770324707	756.613525390625	176.012756347656	226.426483154297
3781	18.9	639.788940429688	357.619384765625	135.89875793457	768.594848632812	177.863739013672	219.496780395508
3782	18.905	631.281311035156	358.830749511719	140.044692993164	780.780517578125	179.692611694336	212.578186035156
3783	18.91	623.20458984375	360.172943115234	144.369674682617	793.427185058594	181.376876831055	205.554809570312
3784	18.915	615.444580078125	361.591796875	148.816452026367	806.236450195312	182.941055297852	198.681137084961
3785	18.92	608.129577636719	363.077484130859	153.326782226562	819.416748046875	184.456481933594	191.678649902344
3786	18.925	601.121398925781	364.580261230469	157.909423828125	832.334716796875	185.302841186523	185.115432739258
3787	18.93	594.504455566406	366.237976074219	162.523498535156	846.380493164062	186.913101196289	178.213607788086
3788	18.935	588.119384765625	367.787384033203	167.191986083984	860.134033203125	187.891876220703	171.692993164062
3789	18.94	582.196350097656	369.561401367188	171.797271728516	873.954956054688	188.649688720703	165.412109375
3790	18.945	576.390258789062	371.247802734375	176.542984008789	887.973693847656	189.449661254883	159.180862426758
3791	18.95	570.967590332031	372.959777832031	181.204971313477	901.967163085938	189.959228515625	153.293762207031
3792	18.955	565.764099121094	374.698974609375	185.920440673828	916.00537109375	190.37321472168	147.751861572266
3793	18.96	560.913879394531	376.429138183594	190.575775146484	929.77734375	190.496383666992	142.727066040039
3794	18.965	556.218994140625	378.107940673828	195.176361083984	943.438903808594	190.568496704102	137.853897094727
3795	18.97	551.706115722656	379.810089111328	199.756256103516	956.7900390625	190.435638427734	133.460678100586
3796	18.975	547.340515136719	381.462951660156	204.248504638672	969.797302246094	190.136016845703	129.337936401367
3797	18.98	543.056518554688	383.125396728516	208.689422607422	982.234436035156	189.772308349609	125.697341918945
3798	18.985	538.854919433594	384.602264404297	212.898406982422	994.137268066406	189.22785949707	122.408737182617
3799	18.99	534.669860839844	386.190246582031	217.247756958008	1005.28991699219	188.648651123047	119.533004760742
3800	18.995	530.328430175781	387.695587158203	221.706115722656	1015.62957763672	188.020355224609	117.111885070801
3801	19.0	525.739440917969	389.052703857422	226.47053527832	1025.0908203125	187.38623046875	115.193519592285
3802	19.005	521.290161132812	390.37548828125	231.384918212891	1033.62866210938	186.985092163086	113.549125671387
3803	19.01	516.936462402344	391.616149902344	236.425720214844	1041.03771972656	186.824981689453	112.107566833496
3804	19.015	512.926025390625	392.802459716797	241.543838500977	1047.43811035156	186.784698486328	110.823890686035
3805	19.02	509.275177001953	393.880981445312	246.668304443359	1052.62841796875	186.809921264648	109.352630615234
3806	19.025	506.049224853516	394.960815429688	251.776947021484	1056.51770019531	186.897354125977	107.771942138672
3807	19.03	503.341339111328	396.081085205078	256.850769042969	1059.2451171875	186.958389282227	105.888656616211
3808	19.035	501.061492919922	397.098510742188	261.843719482422	1060.9150390625	186.986785888672	103.672470092773
3809	19.04	499.33203125	398.212890625	266.712158203125	1061.38366699219	186.976364135742	101.217132568359
3810	19.045	497.9853515625	399.249298095703	271.527893066406	1060.87036132812	186.866394042969	98.4187927246094
3811	19.05	497.243072509766	400.302825927734	276.170196533203	1059.291015625	186.792449951172	95.6558837890625
3812	19.055	497.030914306641	401.08642578125	280.568298339844	1056.82348632812	186.573181152344	92.6266632080078
3813	19.06	497.372955322266	401.995086669922	284.89990234375	1053.68713378906	186.157699584961	90.1518783569336
3814	19.065	498.239288330078	402.756378173828	289.143188476562	1049.65747070312	186.004135131836	88.0410385131836
3815	19.07	499.647155761719	403.518249511719	293.176666259766	1044.00024414062	186.361831665039	85.3432083129883
3816	19.075	501.710815429688	404.179840087891	297.094360351562	1036.6591796875	187.209197998047	83.0329513549805
3817	19.08	504.335540771484	404.821533203125	300.783416748047	1028.26440429688	188.369445800781	81.4573669433594
3818	19.085	507.624389648438	405.357452392578	304.313507080078	1018.41198730469	189.838607788086	80.7617263793945
3819	19.09	511.521759033203	405.877990722656	307.608367919922	1006.71911621094	192.089263916016	80.9624252319336
3820	19.095	516.155578613281	406.070861816406	310.760803222656	995.720886230469	193.862274169922	82.4603729248047
3821	19.1	521.339111328125	406.6044921875	313.762542724609	986.561706542969	195.033645629883	84.3337249755859
3822	19.105	527.266235351562	407.045776367188	316.406036376953	978.073303222656	196.011337280273	85.8986206054688
3823	19.11	533.75146484375	407.411407470703	318.819458007812	968.804931640625	196.814758300781	87.0532836914062
3824	19.115	540.719055175781	407.588623046875	320.79345703125	958.0	197.441864013672	88.3502655029297
3825	19.12	548.13916015625	407.857086181641	322.502227783203	946.821533203125	197.72624206543	89.4116744995117
3826	19.125	555.957092285156	407.814605712891	323.604125976562	935.702270507812	197.638427734375	90.0093383789062
3827	19.13	564.102661132812	408.012451171875	324.504058837891	924.524108886719	197.345886230469	90.4578628540039
3828	19.135	572.586547851562	408.183349609375	324.898986816406	912.837646484375	196.945388793945	91.0235748291016
3829	19.14	581.199645996094	408.473663330078	324.995452880859	901.018920898438	196.786239624023	91.2862548828125
3830	19.145	590.033203125	408.819122314453	324.587799072266	889.130615234375	196.860794067383	91.453483581543
3831	19.15	598.922302246094	409.122406005859	323.766937255859	877.196166992188	196.950439453125	91.7906799316406
3832	19.155	607.999572753906	409.53955078125	322.577606201172	865.138244628906	197.15185546875	92.2570648193359
3833	19.16	617.069091796875	409.872283935547	320.930725097656	853.364807128906	197.486068725586	92.7399444580078
3834	19.165	626.438232421875	410.305236816406	318.851593017578	841.453552246094	197.689590454102	92.9765777587891
3835	19.17	635.862487792969	410.652679443359	316.326751708984	829.402954101562	197.762481689453	93.488410949707
3836	19.175	645.320983886719	411.044525146484	313.394989013672	817.332824707031	197.650970458984	94.0693359375
3837	19.18	654.953125	411.403198242188	310.015197753906	805.27294921875	197.541809082031	94.6930999755859
3838	19.185	664.5263671875	411.665222167969	306.312225341797	793.2783203125	197.313766479492	95.4083023071289
3839	19.19	674.16259765625	411.988708496094	302.174621582031	781.385070800781	196.969940185547	96.3170471191406
3840	19.195	683.706970214844	412.141235351562	297.682586669922	769.510070800781	196.601760864258	97.4061279296875
3841	19.2	693.318603515625	412.273712158203	292.886505126953	757.767028808594	196.093414306641	98.6973114013672
3842	19.205	702.865966796875	412.385406494141	287.811706542969	746.095153808594	195.448760986328	100.274108886719
3843	19.21	712.535400390625	412.39013671875	282.335235595703	734.508850097656	194.675827026367	102.211616516113
3844	19.215	722.195922851562	412.042175292969	276.457092285156	723.260192871094	193.620132446289	104.371025085449
3845	19.22	732.100891113281	411.878204345703	270.445220947266	712.027526855469	192.532440185547	106.916404724121
3846	19.225	742.135803222656	411.491088867188	264.179595947266	701.368530273438	191.573516845703	109.334754943848
3847	19.23	752.299438476562	411.037384033203	257.700500488281	690.825134277344	190.488677978516	112.354850769043
3848	19.235	762.822082519531	410.462524414062	250.997619628906	680.541625976562	189.19221496582	115.586387634277
3849	19.24	773.549194335938	409.751403808594	244.133026123047	670.583984375	187.921112060547	118.977157592773
3850	19.245	784.649047851562	408.827758789062	236.95329284668	660.84130859375	186.584396362305	122.608207702637
3851	19.25	795.984924316406	407.977813720703	229.767272949219	651.4638671875	185.190979003906	126.513534545898
3852	19.255	807.60986328125	407.039978027344	222.447723388672	642.458862304688	183.819778442383	130.495452880859
3853	19.26	819.469360351562	406.087554931641	215.091781616211	633.771423339844	182.383331298828	134.56884765625
3854	19.265	831.626770019531	405.04248046875	207.67268371582	625.505187988281	180.889007568359	138.824935913086
3855	19.27	844.051208496094	403.994140625	200.317413330078	617.471130371094	179.390335083008	143.066955566406
3856	19.275	856.762023925781	402.893310546875	192.995407104492	609.738342285156	177.884994506836	147.460494995117
3857	19.28	869.798522949219	401.743621826172	185.852111816406	602.232666015625	176.339340209961	151.891174316406
3858	19.285	882.981872558594	400.689758300781	178.821929931641	595.175048828125	174.637573242188	156.337295532227
3859	19.29	896.412719726562	399.691864013672	171.91520690918	588.434448242188	172.961380004883	160.795288085938
3860	19.295	909.725341796875	398.848388671875	165.38395690918	581.915222167969	171.373245239258	165.301666259766
3861	19.3	923.234130859375	397.798461914062	159.093673706055	575.735961914062	169.950439453125	169.656051635742
3862	19.305	936.608703613281	396.818817138672	153.179336547852	569.742492675781	168.385711669922	174.258514404297
3863	19.31	949.798278808594	395.794799804688	147.708312988281	563.973937988281	166.994369506836	178.863174438477
3864	19.315	962.638488769531	394.778564453125	142.65202331543	558.551696777344	165.746658325195	183.460601806641
3865	19.32	975.076293945312	393.802886962891	137.99592590332	553.284729003906	164.672210693359	188.096786499023
3866	19.325	986.969055175781	392.830200195312	133.885208129883	548.185729980469	163.714996337891	192.759490966797
3867	19.33	998.183776855469	391.747894287109	130.200393676758	543.170959472656	162.909378051758	197.395980834961
3868	19.335	1008.53631591797	390.760314941406	126.92317199707	538.207824707031	162.223541259766	201.968048095703
3869	19.34	1017.79986572266	389.592926025391	124.116851806641	533.141784667969	161.635604858398	206.568893432617
3870	19.345	1026.04833984375	388.400817871094	121.706680297852	528.055908203125	161.156784057617	211.056488037109
3871	19.35	1033.21948242188	387.079132080078	119.539237976074	522.942321777344	160.886459350586	215.658889770508
3872	19.355	1039.27734375	385.587524414062	117.714660644531	517.571350097656	160.696685791016	220.497711181641
3873	19.36	1044.02172851562	384.046539306641	116.101081848145	512.15478515625	160.690475463867	225.518112182617
3874	19.365	1047.91003417969	382.406005859375	114.481925964355	506.928497314453	160.78955078125	230.699020385742
3875	19.37	1050.53686523438	380.726165771484	112.79630279541	502.048431396484	161.014907836914	235.976303100586
3876	19.375	1052.01086425781	379.088806152344	111.085304260254	497.686584472656	161.330535888672	241.344314575195
3877	19.38	1052.41223144531	377.550811767578	109.152076721191	493.847564697266	161.716598510742	246.780883789062
3878	19.385	1051.88989257812	376.158813476562	107.044609069824	490.591461181641	162.132278442383	252.255310058594
3879	19.39	1050.3603515625	374.953704833984	104.782691955566	487.942687988281	162.556091308594	257.694183349609
3880	19.395	1048.02026367188	373.96435546875	102.301856994629	485.906982421875	163.097351074219	263.089416503906
3881	19.4	1044.95910644531	373.258697509766	99.5487365722656	484.483489990234	163.600128173828	268.438201904297
3882	19.405	1041.12268066406	372.696838378906	96.661018371582	483.707672119141	164.007934570312	273.638641357422
3883	19.41	1036.36437988281	372.187225341797	94.2695083618164	483.647186279297	164.560729980469	278.570709228516
3884	19.415	1030.55053710938	371.088745117188	92.0348052978516	484.294036865234	165.006851196289	283.372100830078
3885	19.42	1022.30236816406	368.830322265625	90.1854934692383	485.479156494141	165.532287597656	287.888458251953
3886	19.425	1010.39416503906	365.658996582031	88.5803756713867	487.286773681641	166.104461669922	292.091186523438
3887	19.43	997.097778320312	362.763977050781	87.7468566894531	489.794830322266	166.773132324219	296.036773681641
3888	19.435	985.450012207031	360.895050048828	87.8490905761719	493.047302246094	167.440383911133	299.657745361328
3889	19.44	975.117919921875	359.534088134766	88.7953262329102	497.079071044922	168.148391723633	303.013366699219
3890	19.445	965.448547363281	358.451599121094	90.0393829345703	501.962890625	168.818161010742	305.960632324219
3891	19.45	954.849304199219	357.561706542969	91.2907791137695	507.569213867188	169.49885559082	308.628692626953
3892	19.455	943.719055175781	356.968780517578	92.6626892089844	513.848815917969	170.280380249023	310.830322265625
3893	19.46	932.36181640625	356.975067138672	93.7881088256836	520.75439453125	171.187225341797	312.702850341797
3894	19.465	921.157165527344	357.423950195312	94.5782775878906	528.031066894531	172.001998901367	314.113250732422
3895	19.47	910.172912597656	358.339721679688	95.530632019043	535.776062011719	172.884216308594	315.096313476562
3896	19.475	899.017822265625	359.158813476562	96.3336563110352	543.801940917969	173.581680297852	315.663330078125
3897	19.48	887.73193359375	360.047576904297	96.8094863891602	552.072570800781	174.376861572266	315.743621826172
3898	19.485	876.3515625	360.534942626953	97.0212783813477	560.581115722656	175.067504882812	315.322174072266
3899	19.49	864.685241699219	360.822540283203	97.4241790771484	569.137939453125	175.689041137695	314.411376953125
3900	19.495	852.872253417969	360.941314697266	97.7774658203125	578.169250488281	176.102767944336	313.006744384766
3901	19.5	840.98779296875	360.781860351562	98.3069076538086	587.178649902344	176.570541381836	311.067840576172
3902	19.505	829.110168457031	360.683288574219	98.8966979980469	596.296020507812	176.994445800781	308.704223632812
3903	19.51	817.142150878906	360.521575927734	99.5395126342773	605.526245117188	177.474243164062	305.818511962891
3904	19.515	805.180297851562	360.424499511719	100.375434875488	614.739074707031	178.028091430664	302.559295654297
3905	19.52	793.203369140625	360.414642333984	101.279083251953	624.081420898438	178.518356323242	298.864807128906
3906	19.525	781.281677246094	360.397369384766	102.22021484375	633.405334472656	179.094802856445	294.79443359375
3907	19.53	769.515197753906	360.391723632812	103.329284667969	642.831604003906	179.714294433594	290.368438720703
3908	19.535	757.733276367188	360.546081542969	104.635589599609	652.203186035156	180.320983886719	285.618225097656
3909	19.54	746.102294921875	360.652984619141	106.069221496582	661.736389160156	181.082809448242	280.533813476562
3910	19.545	734.669860839844	360.934539794922	107.763984680176	671.370361328125	181.869400024414	275.217742919922
3911	19.55	723.401489257812	361.253631591797	109.71607208252	681.128112792969	182.739334106445	269.551971435547
3912	19.555	712.353942871094	361.576385498047	111.897102355957	691.068603515625	183.637161254883	263.695983886719
3913	19.56	701.526733398438	362.017944335938	114.314796447754	701.177978515625	184.486602783203	257.620727539062
3914	19.565	690.940673828125	362.504455566406	116.988906860352	711.658752441406	185.548599243164	251.315399169922
3915	19.57	680.564147949219	363.073547363281	119.877914428711	722.309875488281	186.730209350586	244.868209838867
3916	19.575	670.336608886719	363.772583007812	123.002067565918	733.151611328125	187.716690063477	238.254943847656
3917	19.58	660.450622558594	364.557037353516	126.31371307373	744.285766601562	188.834823608398	231.547058105469
3918	19.585	650.809997558594	365.392700195312	129.749740600586	755.69580078125	189.897933959961	224.664123535156
3919	19.59	641.41748046875	366.174621582031	133.238418579102	767.335266113281	190.85090637207	217.767303466797
3920	19.595	632.336975097656	367.210693359375	136.933090209961	779.320556640625	191.846435546875	210.623397827148
3921	19.6	623.509887695312	368.251312255859	140.708770751953	791.441040039062	192.704330444336	203.500701904297
3922	19.605	614.982727050781	369.386413574219	144.577178955078	803.930969238281	193.424468994141	196.394653320312
3923	19.61	606.766662597656	370.506408691406	148.481430053711	816.544677734375	194.023162841797	189.27848815918
3924	19.615	598.808532714844	371.700592041016	152.483795166016	829.597900390625	194.529022216797	182.134292602539
3925	19.62	591.16845703125	372.924468994141	156.552200317383	842.804504394531	194.777770996094	175.239395141602
3926	19.625	583.746765136719	374.186096191406	160.6943359375	856.135314941406	194.960037231445	168.415222167969
3927	19.63	576.638549804688	375.527191162109	164.946411132812	869.631652832031	194.795150756836	161.847152709961
3928	19.635	569.81982421875	376.842956542969	169.283340454102	883.18994140625	194.548934936523	155.510681152344
3929	19.64	563.214599609375	378.152587890625	173.692810058594	896.7568359375	194.141479492188	149.496643066406
3930	19.645	556.966003417969	379.528045654297	178.208602905273	910.219604492188	193.630996704102	143.794296264648
3931	19.65	550.946960449219	380.772094726562	182.804412841797	923.343505859375	192.997924804688	138.57421875
3932	19.655	545.281677246094	382.067657470703	187.490570068359	936.053955078125	192.371200561523	133.869674682617
3933	19.66	539.910705566406	383.246063232422	192.14973449707	948.343139648438	191.696090698242	129.388626098633
3934	19.665	534.749145507812	384.473022460938	196.762268066406	960.150451660156	190.926193237305	125.382484436035
3935	19.67	529.804748535156	385.551239013672	201.297546386719	971.201538085938	190.197509765625	121.866630554199
3936	19.675	525.028015136719	386.664489746094	205.739715576172	981.513549804688	189.456466674805	118.827056884766
3937	19.68	520.450378417969	387.736633300781	209.999465942383	991.013793945312	188.832611083984	116.263771057129
3938	19.685	515.922973632812	388.81787109375	214.290405273438	999.471496582031	188.165298461914	114.087547302246
3939	19.69	511.475463867188	389.937377929688	218.592086791992	1006.91119384766	187.769409179688	112.351959228516
3940	19.695	506.710266113281	391.027923583984	223.103713989258	1013.37335205078	187.548492431641	110.846496582031
3941	19.7	502.018035888672	392.079223632812	227.776824951172	1018.62622070312	187.548538208008	109.614067077637
3942	19.705	497.561431884766	393.088073730469	232.602554321289	1022.76177978516	187.63899230957	108.256736755371
3943	19.71	493.308258056641	394.034759521484	237.597503662109	1025.8251953125	187.891967773438	106.777549743652
3944	19.715	489.455596923828	394.929840087891	242.700439453125	1027.68713378906	188.110153198242	105.07405090332
3945	19.72	486.12255859375	395.692291259766	247.831192016602	1028.36853027344	188.282943725586	102.985504150391
3946	19.725	483.344970703125	396.479370117188	252.984710693359	1027.99975585938	188.336517333984	100.752372741699
3947	19.73	481.075012207031	397.164947509766	258.096374511719	1026.49035644531	188.333984375	98.2811431884766
3948	19.735	479.423522949219	397.845153808594	263.138977050781	1024.01416015625	188.288452148438	95.5871963500977
3949	19.74	478.286895751953	398.530883789062	268.161682128906	1020.57244873047	188.108306884766	92.8126068115234
3950	19.745	477.682861328125	399.173614501953	273.072540283203	1016.29937744141	187.708221435547	90.4843292236328
3951	19.75	477.685485839844	399.834136962891	277.893615722656	1011.15075683594	187.154205322266	88.7445373535156
3952	19.755	478.262603759766	400.417816162109	282.546722412109	1004.65960693359	187.407348632812	86.5859985351562
3953	19.76	479.431793212891	400.985717773438	287.083526611328	996.618957519531	188.260772705078	84.714485168457
3954	19.765	481.172912597656	401.484222412109	291.506683349609	987.704162597656	189.380386352539	83.3120956420898
3955	19.77	483.680145263672	401.940612792969	295.693115234375	977.867370605469	190.544326782227	82.5268783569336
3956	19.775	486.843475341797	402.285247802734	299.772277832031	966.489990234375	192.282043457031	82.5601501464844
3957	19.78	490.699523925781	402.405670166016	303.695190429688	955.093688964844	193.818893432617	83.5371932983398
3958	19.785	495.248657226562	402.677093505859	307.355133056641	945.197570800781	194.939544677734	85.0376358032227
3959	19.79	500.521484375	402.913970947266	310.744201660156	936.322021484375	195.769989013672	86.3901977539062
3960	19.795	506.396240234375	403.084259033203	313.797210693359	927.519714355469	196.582672119141	87.3507385253906
3961	19.8	512.799194335938	403.198669433594	316.525268554688	917.27197265625	197.470428466797	88.1493988037109
3962	19.805	519.682739257812	403.195587158203	318.893218994141	906.052734375	198.266479492188	88.9919662475586
3963	19.81	526.907043457031	403.243316650391	320.893249511719	894.772033691406	198.692245483398	89.4061050415039
3964	19.815	534.400756835938	403.25048828125	322.486877441406	883.552490234375	198.864501953125	89.5573883056641
3965	19.82	542.19873046875	403.263153076172	323.707214355469	871.923522949219	198.961685180664	89.7737655639648
3966	19.825	550.05615234375	403.189361572266	324.276519775391	860.102355957031	199.107223510742	89.8905334472656
3967	19.83	558.176025390625	403.247863769531	324.615081787109	848.275451660156	199.239166259766	90.0364227294922
3968	19.835	566.449401855469	403.422241210938	324.496154785156	836.315490722656	199.627059936523	90.2646865844727
3969	19.84	574.925415039062	403.50537109375	323.892059326172	824.205627441406	199.908752441406	90.6848602294922
3970	19.845	583.45068359375	403.752014160156	322.848602294922	812.155090332031	200.386779785156	91.0685501098633
3971	19.85	592.1611328125	403.866027832031	321.351348876953	800.234252929688	200.681854248047	91.3510208129883
3972	19.855	600.890075683594	404.050598144531	319.340240478516	788.10302734375	200.843246459961	91.7995452880859
3973	19.86	609.699401855469	404.121154785156	316.929809570312	775.945190429688	200.847412109375	92.3231964111328
3974	19.865	618.528930664062	404.279479980469	314.031005859375	763.830139160156	200.689514160156	92.9359741210938
3975	19.87	627.417724609375	404.252502441406	310.720336914062	751.686950683594	200.459136962891	93.6409606933594
3976	19.875	636.2685546875	404.324096679688	307.091796875	739.671081542969	200.139999389648	94.486328125
3977	19.88	645.099975585938	404.211029052734	303.103393554688	727.814697265625	199.401916503906	95.511589050293
3978	19.885	654.008728027344	404.114074707031	298.707183837891	715.698791503906	199.162841796875	96.635627746582
3979	19.89	662.906616210938	403.835723876953	294.083099365234	703.8828125	198.56623840332	97.9050750732422
3980	19.895	671.973327636719	403.527862548828	289.126251220703	692.091430664062	197.809631347656	99.4509429931641
3981	19.9	681.063110351562	402.989685058594	283.695953369141	680.46533203125	196.982696533203	101.376014709473
3982	19.905	690.3017578125	402.392517089844	278.124603271484	668.954406738281	196.049560546875	103.377983093262
3983	19.91	699.638549804688	401.726470947266	272.265747070312	657.714660644531	194.983871459961	105.88729095459
3984	19.915	709.264099121094	401.053466796875	266.171600341797	646.726745605469	193.871200561523	108.666633605957
3985	19.92	718.919616699219	400.32373046875	259.906005859375	636.068969726562	192.602569580078	111.786148071289
3986	19.925	728.93408203125	399.423675537109	253.365524291992	625.683227539062	191.328964233398	115.201271057129
3987	19.93	739.10205078125	398.320220947266	246.524719238281	615.675903320312	190.094848632812	118.77628326416
3988	19.935	749.647705078125	397.378204345703	239.629623413086	606.252014160156	188.944686889648	122.273017883301
3989	19.94	760.326538085938	396.36669921875	232.559967041016	596.848022460938	187.807205200195	126.361694335938
3990	19.945	771.32666015625	395.342834472656	225.425140380859	587.936706542969	186.437911987305	130.602966308594
3991	19.95	782.541625976562	394.298278808594	218.135803222656	579.427490234375	185.07470703125	134.98127746582
3992	19.955	794.083312988281	393.234008789062	210.739135742188	571.243408203125	183.5546875	139.450408935547
3993	19.96	805.884094238281	392.187927246094	203.391738891602	563.422424316406	181.983001708984	144.069580078125
3994	19.965	817.797973632812	391.115509033203	196.082931518555	555.922180175781	180.383636474609	148.670364379883
3995	19.97	829.938659667969	390.07958984375	188.836532592773	548.693481445312	178.680633544922	153.323699951172
3996	19.975	842.29052734375	389.029937744141	181.70915222168	541.778625488281	176.927459716797	158.102691650391
3997	19.98	854.731872558594	388.07275390625	174.783554077148	535.171081542969	175.155990600586	162.857818603516
3998	19.985	867.371948242188	387.0458984375	168.044891357422	528.893920898438	173.305145263672	167.622299194336
3999	19.99	880.007690429688	386.025024414062	161.590774536133	522.949279785156	171.528274536133	172.394134521484
4000	19.995	892.616577148438	385.068786621094	155.475479125977	517.237243652344	169.727722167969	177.197494506836
4001	20.0	904.994995117188	384.047912597656	149.711380004883	511.998016357422	168.247695922852	181.886260986328
4002	20.005	917.045166015625	382.920532226562	144.292022705078	506.920928955078	166.784530639648	186.776992797852
4003	20.01	928.675720214844	381.696258544922	139.361022949219	502.016143798828	165.422988891602	191.682662963867
4004	20.015	939.653198242188	380.405578613281	134.795623779297	497.191833496094	164.216415405273	196.622497558594
4005	20.02	949.900512695312	378.998138427734	130.707336425781	492.3583984375	163.173522949219	201.59455871582
4006	20.025	959.361328125	377.385314941406	127.018196105957	487.438659667969	162.148498535156	206.407760620117
4007	20.03	967.84326171875	375.89306640625	123.751510620117	482.367279052734	161.208114624023	211.299224853516
4008	20.035	975.367797851562	374.251831054688	120.798622131348	477.120208740234	160.467636108398	216.247604370117
4009	20.04	981.798889160156	372.571380615234	118.228172302246	471.626831054688	159.909637451172	221.502822875977
4010	20.045	987.008850097656	370.932983398438	115.951889038086	466.088195800781	159.528091430664	226.978134155273
4011	20.05	991.163452148438	369.144012451172	113.942031860352	460.874359130859	159.270645141602	232.613189697266
4012	20.055	994.182739257812	367.302490234375	111.927673339844	456.138305664062	159.089157104492	238.473449707031
4013	20.06	996.024841308594	365.397918701172	109.90160369873	451.90478515625	159.164443969727	244.380126953125
4014	20.065	996.734680175781	363.5859375	107.830047607422	448.312591552734	159.329162597656	250.384857177734
4015	20.07	996.45361328125	361.846374511719	105.678817749023	445.477294921875	159.510620117188	256.394348144531
4016	20.075	995.144287109375	360.287414550781	103.327110290527	443.233673095703	159.761642456055	262.476257324219
4017	20.08	992.997009277344	358.934051513672	100.863388061523	441.791229248047	159.761199951172	268.330535888672
4018	20.085	989.881713867188	357.854888916016	98.2158889770508	440.981170654297	159.712860107422	273.988098144531
4019	20.09	985.999450683594	357.013244628906	95.5014038085938	440.893402099609	159.652465820312	279.430633544922
4020	20.095	980.990356445312	355.976440429688	93.5366821289062	441.430297851562	159.535751342773	284.5830078125
4021	20.1	974.242980957031	354.062835693359	91.745735168457	442.547912597656	159.369918823242	289.474792480469
4022	20.105	963.771911621094	351.14306640625	90.3068466186523	444.247528076172	159.274353027344	294.051086425781
4023	20.11	949.937438964844	348.028289794922	88.9480972290039	446.661376953125	159.194976806641	298.109558105469
4024	20.115	936.602111816406	345.818023681641	88.3760833740234	449.7802734375	159.156433105469	301.985565185547
4025	20.12	925.136352539062	344.402313232422	88.2463455200195	453.702850341797	158.974411010742	305.519256591797
4026	20.125	914.734924316406	343.222991943359	89.0237350463867	458.379058837891	158.863265991211	308.669891357422
4027	20.13	904.636169433594	342.242126464844	89.9737930297852	463.888244628906	158.809188842773	311.444915771484
4028	20.135	893.851318359375	341.327514648438	91.0553283691406	470.052612304688	158.705200195312	313.869079589844
4029	20.14	882.356201171875	341.224914550781	92.3975219726562	476.917297363281	158.774291992188	315.850799560547
4030	20.145	870.766967773438	341.2265625	93.2340698242188	484.287353515625	158.885879516602	317.439178466797
4031	20.15	859.445556640625	341.881530761719	93.9581909179688	492.187316894531	159.064559936523	318.558563232422
4032	20.155	848.41943359375	342.720275878906	94.6504287719727	500.420135498047	159.195251464844	319.252868652344
4033	20.16	837.294860839844	343.543853759766	95.1400299072266	509.0380859375	159.343627929688	319.421722412109
4034	20.165	825.595336914062	344.538055419922	95.6684951782227	517.850952148438	159.431549072266	319.143310546875
4035	20.17	813.977111816406	345.163543701172	95.9631118774414	526.950439453125	159.552062988281	318.276428222656
4036	20.175	802.267883300781	345.517913818359	96.3937225341797	536.125671386719	159.599868774414	316.974639892578
4037	20.18	790.349731445312	345.679107666016	96.8388214111328	545.5810546875	159.755172729492	315.198333740234
4038	20.185	778.446716308594	345.798370361328	97.430534362793	554.814086914062	160.002548217773	312.938598632812
4039	20.19	766.574829101562	345.880401611328	98.0323944091797	564.858032226562	159.731903076172	310.298065185547
4040	20.195	754.588623046875	345.899291992188	98.8212051391602	574.586853027344	159.991958618164	307.2060546875
4041	20.2	742.690795898438	345.985961914062	99.7636642456055	584.345458984375	160.290664672852	303.684600830078
4042	20.205	730.806396484375	346.142517089844	100.790908813477	594.294067382812	160.525177001953	299.804229736328
4043	20.21	719.020812988281	346.291595458984	101.953262329102	604.246520996094	160.965484619141	295.539672851562
4044	20.215	707.275207519531	346.535888671875	103.391456604004	614.220153808594	161.501678466797	290.9990234375
4045	20.22	695.736083984375	346.854095458984	105.038208007812	624.351318359375	162.023132324219	286.133392333984
4046	20.225	684.385925292969	347.254089355469	106.937019348145	634.550170898438	162.703384399414	280.983032226562
4047	20.23	673.343139648438	347.742004394531	109.110206604004	644.966125488281	163.415100097656	275.614501953125
4048	20.235	662.448913574219	348.260620117188	111.623832702637	655.398742675781	164.338470458984	269.900726318359
4049	20.24	651.855529785156	348.836364746094	114.3623046875	666.134460449219	165.206130981445	264.101531982422
4050	20.245	641.553955078125	349.456237792969	117.486587524414	677.064697265625	166.272842407227	257.973419189453
4051	20.25	631.563842773438	350.144622802734	120.872413635254	688.291442871094	167.258529663086	251.674057006836
4052	20.255	621.85595703125	350.90966796875	124.488586425781	699.592956542969	168.283157348633	245.138366699219
4053	20.26	612.431518554688	351.609375	128.264526367188	711.153015136719	169.496810913086	238.615325927734
4054	20.265	603.390869140625	352.525543212891	132.249847412109	723.076599121094	170.476638793945	231.816131591797
4055	20.27	594.676574707031	353.445953369141	136.371505737305	735.241577148438	171.574813842773	224.933288574219
4056	20.275	586.299072265625	354.49755859375	140.585235595703	747.596740722656	172.540603637695	217.867584228516
4057	20.28	578.245910644531	355.603454589844	144.866363525391	760.243469238281	173.612838745117	210.728668212891
4058	20.285	570.544250488281	356.812194824219	149.280471801758	773.049133300781	174.3623046875	203.734146118164
4059	20.29	563.139343261719	357.975646972656	153.685272216797	786.366638183594	175.431945800781	196.421737670898
4060	20.295	556.011108398438	359.239776611328	158.150375366211	799.787658691406	176.111877441406	189.348739624023
4061	20.3	549.216918945312	360.493682861328	162.629531860352	813.438232421875	176.701583862305	182.220428466797
4062	20.305	542.677429199219	361.811492919922	167.179260253906	827.126586914062	177.16764831543	175.242095947266
4063	20.31	536.4375	363.08935546875	171.705581665039	840.828674316406	177.363677978516	168.557205200195
4064	20.315	530.475341796875	364.380798339844	176.300750732422	854.720336914062	177.431564331055	161.950561523438
4065	20.32	524.855346679688	365.635375976562	180.933654785156	868.662719726562	177.369293212891	155.565979003906
4066	20.325	519.53662109375	366.798583984375	185.584503173828	882.594848632812	177.159591674805	149.446487426758
4067	20.33	514.504638671875	367.969604492188	190.278167724609	896.477172851562	176.811889648438	143.681777954102
4068	20.335	509.730255126953	369.052734375	194.875473022461	910.131408691406	176.261184692383	138.329727172852
4069	20.34	505.268402099609	369.972229003906	199.468322753906	923.506591796875	175.641845703125	133.394744873047
4070	20.345	500.846801757812	370.939544677734	204.043350219727	936.34716796875	174.905059814453	128.962051391602
4071	20.35	496.731567382812	371.671020507812	208.457397460938	948.605285644531	174.105606079102	124.997634887695
4072	20.355	492.649841308594	372.502044677734	212.885787963867	960.294616699219	173.233413696289	121.419334411621
4073	20.36	488.511840820312	373.323944091797	217.328109741211	971.132629394531	172.379730224609	118.378723144531
4074	20.365	484.381561279297	374.062347412109	221.906921386719	981.092041015625	171.616760253906	115.823661804199
4075	20.37	479.979034423828	374.734100341797	226.687362670898	990.031860351562	170.931121826172	113.619071960449
4076	20.375	475.661895751953	375.371704101562	231.769180297852	997.85107421875	170.479217529297	111.852264404297
4077	20.38	471.530731201172	375.685363769531	236.886352539062	1004.59558105469	170.271118164062	110.168449401855
4078	20.385	467.706695556641	376.095916748047	242.296401977539	1010.17596435547	170.184616088867	108.686515808105
4079	20.39	464.321868896484	376.369476318359	247.749847412109	1014.59088134766	170.183380126953	106.957931518555
4080	20.395	461.452484130859	376.560028076172	253.235412597656	1017.89416503906	170.235733032227	105.133186340332
4081	20.4	459.137817382812	376.746185302734	258.75830078125	1020.10235595703	170.20539855957	102.960639953613
4082	20.405	457.295257568359	376.870483398438	264.251892089844	1021.33306884766	170.216018676758	100.523231506348
4083	20.41	455.999053955078	377.038909912109	269.690399169922	1021.55853271484	170.098892211914	97.7923126220703
4084	20.415	455.171966552734	377.140594482422	275.1015625	1020.68048095703	170.12060546875	94.9752807617188
4085	20.42	454.919006347656	377.258209228516	280.376525878906	1019.05834960938	169.970932006836	92.1300430297852
4086	20.425	455.139892578125	377.327697753906	285.590972900391	1016.52954101562	169.816329956055	90.1804962158203
4087	20.43	455.974548339844	377.35498046875	290.657623291016	1012.73864746094	170.036743164062	88.1003570556641
4088	20.435	457.471374511719	377.317413330078	295.477142333984	1007.21063232422	170.559310913086	85.8506546020508
4089	20.44	459.570190429688	377.002227783203	300.222991943359	999.393188476562	171.099487304688	84.1117172241211
4090	20.445	462.308013916016	376.910186767578	304.695098876953	990.364990234375	171.873245239258	82.9226379394531
4091	20.45	465.893646240234	376.692993164062	308.967254638672	980.163696289062	172.65885925293	82.3867340087891
4092	20.455	470.061309814453	376.530639648438	312.825866699219	968.571838378906	174.131683349609	82.6940002441406
4093	20.46	475.104125976562	376.393646240234	316.476623535156	957.47998046875	175.400634765625	83.9607391357422
4094	20.465	480.830078125	376.302642822266	319.760406494141	948.186218261719	176.328857421875	85.5803527832031
4095	20.47	487.264282226562	376.2705078125	322.712280273438	939.401428222656	177.284423828125	86.9139099121094
4096	20.475	494.257080078125	376.272338867188	325.303161621094	930.080749511719	178.157257080078	87.9938583374023
4097	20.48	501.615997314453	376.32666015625	327.521728515625	919.439331054688	178.903396606445	89.0323944091797
4098	20.485	509.367645263672	376.311981201172	329.328765869141	908.283630371094	179.656051635742	89.8236770629883
4099	20.49	517.407836914062	376.417358398438	330.792388916016	897.194641113281	179.948165893555	90.2451019287109
4100	20.495	525.629028320312	376.538543701172	331.920745849609	885.955322265625	180.118774414062	90.3234558105469
4101	20.5	533.984436035156	376.679382324219	332.623168945312	874.24658203125	180.270904541016	90.5189895629883
4102	20.505	542.470092773438	376.856536865234	332.957763671875	862.375610351562	180.469970703125	90.610466003418
4103	20.51	551.004089355469	377.100799560547	332.815490722656	850.438842773438	180.685791015625	90.7385406494141
4104	20.515	559.62451171875	377.335968017578	332.323455810547	838.371520996094	180.903717041016	91.051872253418
4105	20.52	568.319091796875	377.548065185547	331.202087402344	826.302673339844	181.332229614258	91.3938827514648
4106	20.525	577.133911132812	377.861846923828	329.801177978516	814.302917480469	181.66716003418	91.783088684082
4107	20.53	585.978332519531	378.17431640625	327.824554443359	802.174438476562	181.964721679688	92.1839370727539
4108	20.535	594.907043457031	378.397888183594	325.560516357422	790.324768066406	182.270278930664	92.4303512573242
4109	20.54	603.866882324219	378.678375244141	322.762573242188	778.18359375	182.340240478516	92.929817199707
4110	20.545	612.829528808594	378.643920898438	319.383422851562	766.106262207031	182.143905639648	93.528190612793
4111	20.55	621.877258300781	378.790344238281	315.723236083984	754.030151367188	181.906661987305	94.2277603149414
4112	20.555	630.931457519531	378.713958740234	311.639129638672	742.002624511719	181.431396484375	95.0830001831055
4113	20.56	639.983154296875	378.702697753906	307.161224365234	730.102355957031	180.947692871094	96.1199417114258
4114	20.565	649.089538574219	378.507446289062	302.406219482422	718.295166015625	180.394378662109	97.26416015625
4115	20.57	658.144592285156	378.341766357422	297.347839355469	706.543212890625	179.623641967773	98.5734329223633
4116	20.575	667.311889648438	378.082092285156	292.011901855469	694.687377929688	178.965515136719	100.256141662598
4117	20.58	676.515563964844	377.685394287109	286.340515136719	683.339050292969	178.188354492188	102.012847900391
4118	20.585	685.845336914062	377.229522705078	280.342864990234	671.929626464844	177.131042480469	104.207214355469
4119	20.59	695.334045410156	376.628021240234	274.115966796875	661.327026367188	175.665969848633	106.657119750977
4120	20.595	704.970581054688	376.015838623047	267.597259521484	649.966491699219	175.030029296875	109.669952392578
4121	20.6	714.800231933594	375.438720703125	260.836700439453	639.425476074219	173.858795166016	112.804275512695
4122	20.605	724.894836425781	374.786804199219	253.857574462891	629.31591796875	172.792373657227	116.145004272461
4123	20.61	735.272644042969	373.995025634766	246.627807617188	619.391357421875	171.634704589844	119.863639831543
4124	20.615	746.098022460938	373.334869384766	239.263565063477	609.888610839844	170.476791381836	123.809089660645
4125	20.62	757.075256347656	372.784362792969	231.747940063477	600.844299316406	169.388809204102	127.894538879395
4126	20.625	768.435119628906	372.216339111328	224.14501953125	592.128967285156	168.234756469727	132.158309936523
4127	20.63	780.157897949219	371.747192382812	216.406112670898	583.847412109375	167.022964477539	136.644989013672
4128	20.635	792.218200683594	371.318481445312	208.655059814453	575.923278808594	165.765029907227	141.131118774414
4129	20.64	804.633911132812	371.049682617188	200.881790161133	568.298217773438	164.557586669922	145.798004150391
4130	20.645	817.105895996094	370.853607177734	193.303192138672	561.100219726562	163.343536376953	150.462982177734
4131	20.65	830.103942871094	370.674468994141	185.746734619141	554.137512207031	162.079437255859	155.280776977539
4132	20.655	843.166870117188	370.474700927734	178.43098449707	547.654479980469	160.936813354492	159.966262817383
4133	20.66	856.467956542969	370.301696777344	171.26171875	541.440368652344	159.741561889648	164.835037231445
4134	20.665	869.840942382812	369.963775634766	164.470184326172	535.474670410156	158.516326904297	169.708999633789
4135	20.67	883.253601074219	369.726013183594	158.000030517578	529.831359863281	157.44287109375	174.630126953125
4136	20.675	896.5166015625	369.506805419922	151.994216918945	524.424377441406	156.297256469727	179.592864990234
4137	20.68	909.523559570312	369.254150390625	146.451950073242	519.304931640625	155.36604309082	184.493408203125
4138	20.685	922.161071777344	368.892944335938	141.448715209961	514.268432617188	154.536193847656	189.485992431641
4139	20.69	934.1357421875	368.424926757812	136.877731323242	509.251953125	153.835235595703	194.333435058594
4140	20.695	945.360534667969	367.753234863281	132.870071411133	504.019836425781	153.197326660156	199.275817871094
4141	20.7	955.801330566406	366.924407958984	129.161148071289	498.595123291016	152.586868286133	204.19172668457
4142	20.705	965.151672363281	365.981689453125	125.914627075195	493.096466064453	152.075180053711	209.164962768555
4143	20.71	973.548950195312	364.891143798828	123.13508605957	487.347839355469	151.76838684082	214.184677124023
4144	20.715	980.965026855469	363.768798828125	120.677993774414	481.426574707031	151.768951416016	219.651626586914
4145	20.72	987.437438964844	362.513061523438	118.387092590332	475.522308349609	152.027191162109	225.449035644531
4146	20.725	992.919494628906	361.277069091797	116.41242980957	469.848236083984	152.443145751953	231.523483276367
4147	20.73	997.397277832031	360.088226318359	114.491455078125	464.518890380859	152.995681762695	237.808303833008
4148	20.735	1000.89739990234	358.852966308594	112.625633239746	459.917205810547	153.592971801758	244.320846557617
4149	20.74	1003.38250732422	357.633666992188	110.7353515625	455.908813476562	154.251724243164	250.863571166992
4150	20.745	1004.83776855469	356.514312744141	108.706069946289	452.552734375	154.921508789062	257.495361328125
4151	20.75	1005.29425048828	355.4052734375	106.485252380371	449.793487548828	155.590133666992	264.123657226562
4152	20.755	1004.81170654297	354.426208496094	104.134414672852	447.808563232422	155.897033691406	270.575744628906
4153	20.76	1003.46112060547	353.651306152344	101.601570129395	446.459899902344	156.177459716797	276.885162353516
4154	20.765	1001.28436279297	353.094818115234	98.8116302490234	445.856842041016	156.371551513672	283.019897460938
4155	20.77	998.299865722656	352.563568115234	95.8740539550781	445.929870605469	156.439651489258	288.968505859375
4156	20.775	994.451354980469	352.005737304688	93.5986251831055	446.755493164062	156.505310058594	294.680297851562
4157	20.78	988.966369628906	350.710906982422	91.7563934326172	448.298278808594	156.598190307617	300.134368896484
4158	20.785	980.833129882812	348.117431640625	90.1395492553711	450.659698486328	156.658248901367	305.253662109375
4159	20.79	968.660888671875	345.132537841797	88.5157623291016	453.650482177734	156.653686523438	310.121185302734
4160	20.795	955.230041503906	342.297576904297	87.8306274414062	457.457489013672	156.731903076172	314.535217285156
4161	20.8	943.252685546875	340.518371582031	87.6369781494141	462.043334960938	156.748931884766	318.572052001953
4162	20.805	932.592651367188	339.125396728516	88.5131912231445	467.234832763672	156.729766845703	322.278137207031
4163	20.81	922.829040527344	338.253265380859	89.561164855957	473.201049804688	156.706878662109	325.495361328125
4164	20.815	912.254150390625	337.552551269531	90.8039016723633	479.749114990234	156.543609619141	328.267547607422
4165	20.82	900.965148925781	337.232147216797	92.1478576660156	486.908966064453	156.464279174805	330.585632324219
4166	20.825	889.470947265625	337.260650634766	93.106315612793	494.631042480469	156.456451416016	332.261138916016
4167	20.83	877.950012207031	338.221405029297	94.0968780517578	502.722106933594	156.287078857422	333.582733154297
4168	20.835	866.946594238281	339.473785400391	95.0601806640625	511.124084472656	156.002197265625	334.381256103516
4169	20.84	855.821533203125	340.913757324219	96.004508972168	519.854797363281	155.811386108398	334.561981201172
4170	20.845	844.652709960938	342.236541748047	96.7080993652344	528.765441894531	155.49006652832	334.249114990234
4171	20.85	833.405517578125	343.296875	97.2411422729492	537.765258789062	154.974884033203	333.440307617188
4172	20.855	822.017395019531	344.122619628906	97.879280090332	547.017578125	154.783752441406	332.037902832031
4173	20.86	810.425354003906	344.560302734375	98.4970779418945	555.7783203125	154.430572509766	330.319854736328
4174	20.865	798.818237304688	344.755218505859	99.1943054199219	566.083251953125	153.403335571289	328.114135742188
4175	20.87	787.090881347656	344.839874267578	100.039558410645	575.583923339844	153.064575195312	325.354064941406
4176	20.875	775.39794921875	344.846099853516	101.012535095215	585.239013671875	152.767791748047	322.2197265625
4177	20.88	763.689025878906	344.766815185547	102.033012390137	594.95556640625	152.535003662109	318.601226806641
4178	20.885	751.969055175781	344.864013671875	103.182968139648	604.608703613281	152.419631958008	314.612854003906
4179	20.89	740.287231445312	344.947052001953	104.472206115723	614.359130859375	152.299621582031	310.250244140625
4180	20.895	728.66357421875	345.1455078125	105.93416595459	624.1396484375	152.322631835938	305.531433105469
4181	20.9	717.120422363281	345.417663574219	107.610092163086	634.079162597656	152.493698120117	300.487976074219
4182	20.905	705.751892089844	345.672790527344	109.432144165039	644.005676269531	152.78076171875	295.164978027344
4183	20.91	694.54541015625	346.034149169922	111.533050537109	654.035949707031	153.207138061523	289.545745849609
4184	20.915	683.583068847656	346.529113769531	113.857368469238	664.292358398438	153.611236572266	283.731903076172
4185	20.92	672.820190429688	347.065643310547	116.387649536133	674.677795410156	153.914260864258	277.617065429688
4186	20.925	662.385559082031	347.669677734375	119.27685546875	685.190795898438	154.785583496094	271.289855957031
4187	20.93	652.196838378906	348.393890380859	122.309677124023	696.026306152344	155.400497436523	264.766021728516
4188	20.935	642.226867675781	349.248046875	125.646530151367	707.012390136719	156.298217773438	257.987945556641
4189	20.94	632.566345214844	349.931213378906	129.04670715332	718.015319824219	157.34992980957	251.149322509766
4190	20.945	623.233215332031	350.951171875	132.708724975586	729.360046386719	158.356185913086	244.006164550781
4191	20.95	614.145080566406	351.991638183594	136.486434936523	740.814453125	159.339202880859	236.7294921875
4192	20.955	605.348327636719	353.125762939453	140.435089111328	752.570739746094	160.344268798828	229.301330566406
4193	20.96	596.968566894531	354.306549072266	144.453521728516	764.610229492188	161.322692871094	221.737380981445
4194	20.965	588.861328125	355.582458496094	148.558151245117	776.967468261719	162.462936401367	213.998016357422
4195	20.97	581.06884765625	356.840606689453	152.793365478516	789.459594726562	163.452667236328	206.342727661133
4196	20.975	573.5869140625	358.132720947266	157.043106079102	802.295471191406	164.536972045898	198.580673217773
4197	20.98	566.400024414062	359.464691162109	161.402084350586	815.329711914062	165.506378173828	190.923583984375
4198	20.985	559.509582519531	360.778228759766	165.800445556641	828.548400878906	166.396987915039	183.311111450195
4199	20.99	552.893676757812	362.176696777344	170.298309326172	841.865417480469	167.165100097656	175.867416381836
4200	20.995	546.616088867188	363.560272216797	174.926483154297	855.226318359375	167.815322875977	168.828720092773
4201	21.0	540.568542480469	364.948547363281	179.602584838867	868.867309570312	168.421401977539	161.781143188477
4202	21.005	534.894165039062	366.300231933594	184.397613525391	882.498718261719	168.968109130859	155.007034301758
4203	21.01	529.317443847656	367.672668457031	189.338119506836	896.129089355469	169.352264404297	148.645965576172
4204	21.015	524.037902832031	368.949279785156	194.345764160156	909.575744628906	169.635162353516	142.692916870117
4205	21.02	518.964233398438	370.22021484375	199.418609619141	922.825134277344	169.847106933594	137.139801025391
4206	21.025	513.927917480469	371.434783935547	204.536468505859	935.651672363281	169.90657043457	132.034790039062
4207	21.03	508.987091064453	372.591247558594	209.640609741211	947.933166503906	169.904769897461	127.443183898926
4208	21.035	504.163818359375	373.700256347656	214.763473510742	959.555419921875	169.844451904297	123.293006896973
4209	21.04	499.19189453125	374.690612792969	220.034149169922	970.376342773438	169.695449829102	119.64217376709
4210	21.045	494.044708251953	375.601226806641	225.470428466797	980.31396484375	169.621017456055	116.503273010254
4211	21.05	488.977355957031	376.500061035156	231.083435058594	989.317443847656	169.520645141602	113.85383605957
4212	21.055	484.206176757812	377.382568359375	236.832183837891	997.330810546875	169.618270874023	111.621620178223
4213	21.06	479.634552001953	378.229187011719	242.713668823242	1004.34045410156	169.951248168945	109.593215942383
4214	21.065	475.622406005859	378.992523193359	248.541152954102	1010.07421875	170.523208618164	107.898071289062
4215	21.07	472.034423828125	379.777496337891	254.436752319336	1014.70458984375	171.392379760742	106.17227935791
4216	21.075	469.032379150391	380.585327148438	260.292266845703	1018.14196777344	172.435317993164	104.297332763672
4217	21.08	466.719757080078	381.349914550781	266.053009033203	1020.36291503906	173.531875610352	102.077667236328
4218	21.085	464.801605224609	382.225463867188	271.857666015625	1021.58209228516	174.685928344727	99.5114059448242
4219	21.09	463.577880859375	383.101348876953	277.573181152344	1021.69079589844	175.82649230957	96.6808929443359
4220	21.095	462.912933349609	383.867218017578	283.154602050781	1020.73553466797	176.693649291992	93.7234725952148
4221	21.1	462.778625488281	384.766479492188	288.602508544922	1018.97198486328	177.546295166016	91.1155014038086
4222	21.105	463.234313964844	385.469879150391	293.959136962891	1016.12078857422	178.533233642578	89.506233215332
4223	21.11	464.198181152344	386.145629882812	299.080169677734	1012.09692382812	179.730514526367	87.5052871704102
4224	21.115	465.772766113281	386.478485107422	304.127014160156	1005.89202880859	180.984375	85.7375869750977
4225	21.12	468.005920410156	387.037078857422	309.001312255859	997.450927734375	182.161682128906	84.6519393920898
4226	21.125	470.853088378906	387.512573242188	313.744354248047	987.902282714844	183.081253051758	83.896110534668
4227	21.13	474.296112060547	387.825775146484	318.030181884766	977.188659667969	184.072021484375	83.6180648803711
4228	21.135	478.434722900391	388.223602294922	322.195343017578	965.8125	185.31608581543	84.0427322387695
4229	21.14	483.356353759766	388.584930419922	326.111724853516	955.440673828125	185.984619140625	85.3924407958984
4230	21.145	488.852722167969	388.998352050781	329.674713134766	946.63916015625	186.403182983398	86.8120956420898
4231	21.15	494.972625732422	389.256561279297	332.915100097656	937.971618652344	186.897888183594	88.0811538696289
4232	21.155	501.675201416016	389.565124511719	335.785034179688	928.425842285156	187.442596435547	89.1078186035156
4233	21.16	508.808380126953	389.710662841797	338.264343261719	917.613342285156	188.185180664062	90.0048217773438
4234	21.165	516.387084960938	389.936889648438	340.338592529297	906.591674804688	188.64323425293	90.6749496459961
4235	21.17	524.239379882812	390.137878417969	341.911285400391	895.579956054688	188.998397827148	90.9403686523438
4236	21.175	532.39794921875	390.378509521484	343.063201904297	884.249145507812	189.175735473633	91.1177825927734
4237	21.18	540.719848632812	390.693786621094	343.715057373047	872.437255859375	189.40007019043	91.2969818115234
4238	21.185	549.147583007812	391.032928466797	343.956512451172	860.501403808594	189.610260009766	91.4976119995117
4239	21.19	557.678344726562	391.539428710938	343.708709716797	848.509948730469	189.870040893555	91.6710205078125
4240	21.195	566.332092285156	391.823577880859	342.852447509766	836.297668457031	190.156677246094	92.0056228637695
4241	21.2	575.080139160156	392.360778808594	341.653869628906	824.160034179688	190.401809692383	92.3860092163086
4242	21.205	583.915588378906	392.798034667969	339.9912109375	811.978454589844	190.613616943359	92.8049850463867
4243	21.21	592.742126464844	393.290069580078	337.796966552734	799.995727539062	190.743667602539	93.0120391845703
4244	21.215	601.694091796875	393.703216552734	335.159973144531	787.850280761719	190.696807861328	93.5196533203125
4245	21.22	610.599975585938	394.027130126953	332.111419677734	775.734130859375	190.504974365234	94.1149520874023
4246	21.225	619.520202636719	394.390502929688	328.622161865234	763.648986816406	190.256393432617	94.7770919799805
4247	21.23	628.414001464844	394.655700683594	324.829071044922	751.552429199219	189.957763671875	95.6651840209961
4248	21.235	637.288146972656	394.851470947266	320.544219970703	739.5966796875	189.711502075195	96.6523895263672
4249	21.24	646.170104980469	395.020965576172	315.998840332031	727.727233886719	189.355804443359	97.7880172729492
4250	21.245	655.048767089844	395.068695068359	311.108001708984	716.057006835938	188.873062133789	99.0474243164062
4251	21.25	663.838562011719	395.138580322266	305.92333984375	704.173095703125	188.697219848633	100.623390197754
4252	21.255	672.775573730469	395.0712890625	300.412322998047	692.642578125	188.115081787109	102.493011474609
4253	21.26	681.757751464844	395.019470214844	294.634948730469	681.13232421875	187.457427978516	104.790397644043
4254	21.265	690.794128417969	394.720581054688	288.501525878906	669.776733398438	186.902130126953	107.423835754395
4255	21.27	700.055969238281	394.409759521484	282.025634765625	658.824157714844	186.157760620117	110.277793884277
4256	21.275	709.452941894531	393.912780761719	275.378601074219	648.134826660156	185.343765258789	113.428642272949
4257	21.28	719.130432128906	393.497741699219	268.464599609375	637.713134765625	184.560089111328	116.926818847656
4258	21.285	729.039245605469	392.942138671875	261.275329589844	627.532836914062	183.766098022461	120.694129943848
4259	21.29	739.338989257812	392.215118408203	253.846694946289	617.788269042969	182.947906494141	124.613670349121
4260	21.295	749.849304199219	391.635345458984	246.292953491211	608.553466796875	182.187942504883	128.541244506836
4261	21.3	760.658386230469	391.055725097656	238.653884887695	600.089294433594	181.692031860352	132.10124206543
4262	21.305	771.688232421875	390.388000488281	230.857147216797	591.503051757812	180.692138671875	136.548889160156
4263	21.31	783.046325683594	389.894317626953	222.967361450195	583.143249511719	179.800170898438	141.00520324707
4264	21.315	794.600769042969	389.367340087891	215.043243408203	575.345092773438	178.928680419922	145.611465454102
4265	21.32	806.413146972656	388.855010986328	207.143539428711	567.879516601562	177.974945068359	150.314254760742
4266	21.325	818.406616210938	388.438629150391	199.253494262695	560.74462890625	176.990371704102	155.197204589844
4267	21.33	830.571533203125	388.248901367188	191.42578125	553.895568847656	176.039566040039	160.158386230469
4268	21.335	842.927734375	387.765533447266	183.644241333008	547.3935546875	175.181442260742	165.257949829102
4269	21.34	855.528625488281	387.562744140625	175.972412109375	541.145202636719	174.363204956055	170.404403686523
4270	21.345	868.148498535156	387.329193115234	168.536315917969	535.296081542969	173.852157592773	175.558563232422
4271	21.35	881.03662109375	387.197387695312	161.375473022461	529.66064453125	173.311462402344	180.836654663086
4272	21.355	893.888000488281	387.045074462891	154.561447143555	524.207885742188	172.877807617188	186.217330932617
4273	21.36	906.679382324219	387.087219238281	148.20426940918	518.791076660156	172.625335693359	191.669250488281
4274	21.365	919.152893066406	387.155456542969	142.294906616211	513.421203613281	172.445404052734	197.104309082031
4275	21.37	931.190734863281	387.199157714844	136.877853393555	507.959289550781	172.312164306641	202.52082824707
4276	21.375	942.45263671875	387.258239746094	132.011383056641	502.397247314453	172.27880859375	208.008285522461
4277	21.38	952.970336914062	387.116455078125	127.524909973145	496.548217773438	172.459381103516	213.675628662109
4278	21.385	962.493713378906	387.032257080078	123.70240020752	490.373077392578	172.830718994141	219.662704467773
4279	21.39	971.054016113281	386.627990722656	120.338790893555	484.297760009766	173.276916503906	225.878189086914
4280	21.395	978.623413085938	386.259094238281	117.559661865234	478.5927734375	173.897567749023	232.244079589844
4281	21.4	985.154296875	385.502807617188	115.244567871094	473.301452636719	174.569747924805	238.725143432617
4282	21.405	990.661743164062	384.700836181641	112.919593811035	468.598907470703	175.254348754883	245.233337402344
4283	21.41	995.006225585938	383.837493896484	110.874549865723	464.347137451172	175.982391357422	251.76106262207
4284	21.415	998.488220214844	383.034362792969	108.617958068848	460.534576416016	176.429962158203	258.268646240234
4285	21.42	1000.83978271484	382.272399902344	106.423210144043	457.207733154297	176.786956787109	264.703094482422
4286	21.425	1002.29040527344	381.594177246094	104.087463378906	454.441711425781	176.953491210938	271.051635742188
4287	21.43	1002.87615966797	381.097351074219	101.697723388672	452.325134277344	177.036071777344	277.311126708984
4288	21.435	1002.43127441406	380.834747314453	99.1681442260742	450.844665527344	177.055999755859	283.470336914062
4289	21.44	1001.19317626953	380.695556640625	96.612907409668	450.062072753906	176.909622192383	289.537994384766
4290	21.445	998.88330078125	380.503784179688	95.0192108154297	449.995452880859	176.708602905273	295.381561279297
4291	21.45	995.055786132812	379.598968505859	93.3561019897461	450.634735107422	176.340087890625	301.076080322266
4292	21.455	986.949523925781	377.957214355469	91.8780670166016	452.087005615234	175.970657348633	306.417205810547
4293	21.46	973.650756835938	375.64892578125	90.8771209716797	454.218505859375	175.59245300293	311.498657226562
4294	21.465	960.319641113281	374.655700683594	90.2756271362305	457.084014892578	175.107696533203	316.270568847656
4295	21.47	948.421936035156	374.319396972656	90.0624847412109	460.731231689453	174.685684204102	320.662445068359
4296	21.475	937.656372070312	373.619873046875	90.4478378295898	465.047760009766	174.218246459961	324.768676757812
4297	21.48	927.482360839844	373.339996337891	91.4697952270508	470.135070800781	174.046356201172	328.320098876953
4298	21.485	916.889282226562	372.882598876953	92.6309585571289	475.718383789062	173.695846557617	331.708557128906
4299	21.49	905.401733398438	372.56201171875	93.8886642456055	481.903381347656	173.601699829102	334.654846191406
4300	21.495	893.648132324219	372.557067871094	94.9289855957031	488.547515869141	173.597579956055	337.299926757812
4301	21.5	882.383056640625	373.144714355469	95.8275680541992	495.677429199219	173.757476806641	339.395690917969
4302	21.505	871.464111328125	373.971832275391	96.6669921875	503.138366699219	173.959213256836	341.118591308594
4303	21.51	860.139465332031	375.233856201172	97.4242401123047	510.842834472656	174.123229980469	342.358856201172
4304	21.515	848.819213867188	376.037750244141	97.9148254394531	518.792846679688	174.317916870117	343.097839355469
4305	21.52	837.390319824219	376.682891845703	98.462890625	526.879211425781	174.602813720703	343.394470214844
4306	21.525	825.90283203125	376.908874511719	98.8753128051758	535.148010253906	174.826858520508	343.191955566406
4307	21.53	814.184204101562	377.026672363281	99.4079818725586	543.610107421875	175.103286743164	342.580078125
4308	21.535	802.441589355469	376.926513671875	99.9116668701172	552.099731445312	175.468826293945	341.444671630859
4309	21.54	790.522521972656	376.805084228516	100.604415893555	560.736083984375	175.858947753906	339.948333740234
4310	21.545	778.585021972656	376.592529296875	101.208137512207	569.370483398438	176.337707519531	337.940490722656
4311	21.55	766.561157226562	376.411376953125	102.029106140137	577.763305664062	177.331680297852	335.546691894531
4312	21.555	754.57763671875	376.415069580078	102.983833312988	587.257446289062	177.315719604492	332.639892578125
4313	21.56	742.646484375	376.364685058594	104.012084960938	596.035278320312	177.944946289062	329.411041259766
4314	21.565	730.799987792969	376.297668457031	105.177207946777	604.734497070312	178.812545776367	325.740570068359
4315	21.57	719.005004882812	376.386169433594	106.59504699707	613.72265625	179.350372314453	321.686737060547
4316	21.575	707.4599609375	376.343414306641	108.173332214355	622.672546386719	180.280410766602	317.247131347656
4317	21.58	696.001159667969	376.431274414062	110.085510253906	631.669921875	181.087692260742	312.457672119141
4318	21.585	684.805725097656	376.575317382812	112.279579162598	640.821838378906	181.974685668945	307.281158447266
4319	21.59	673.896667480469	376.863555908203	114.845878601074	650.139038085938	182.886749267578	301.702239990234
4320	21.595	663.210083007812	377.189270019531	117.662887573242	659.626892089844	183.78352355957	295.846435546875
4321	21.6	652.855346679688	377.627166748047	120.73274230957	669.457397460938	184.4716796875	289.551422119141
4322	21.605	642.756225585938	378.245178222656	124.135711669922	679.379150390625	185.39616394043	283.128540039062
4323	21.61	633.013000488281	379.02880859375	127.760635375977	689.630126953125	186.147674560547	276.316497802734
4324	21.615	623.584533691406	379.918365478516	131.609283447266	700.199279785156	186.836334228516	269.324859619141
4325	21.62	614.563781738281	380.931823730469	135.628036499023	711.06103515625	187.349273681641	262.067749023438
4326	21.625	605.9306640625	381.913391113281	139.790786743164	722.147583007812	187.980941772461	254.632278442383
4327	21.63	597.593444824219	383.074279785156	144.105758666992	733.616638183594	188.414367675781	246.994613647461
4328	21.635	589.671203613281	384.234069824219	148.582275390625	745.336059570312	188.916168212891	239.294036865234
4329	21.64	582.09375	385.568328857422	153.182586669922	757.362609863281	189.366287231445	231.43293762207
4330	21.645	574.942321777344	386.913879394531	157.803863525391	769.833618164062	189.953247070312	223.441177368164
4331	21.65	568.139221191406	388.359680175781	162.427978515625	782.489929199219	190.368408203125	215.48518371582
4332	21.655	561.582275390625	389.795989990234	167.070571899414	795.603210449219	190.94548034668	207.440048217773
4333	21.66	555.346557617188	391.288055419922	171.771423339844	808.942687988281	191.364837646484	199.506378173828
4334	21.665	549.388244628906	392.790252685547	176.531280517578	822.623779296875	191.692611694336	191.606170654297
4335	21.67	543.639282226562	394.453125	181.302429199219	836.255310058594	192.17951965332	184.003707885742
4336	21.675	538.139343261719	395.982086181641	186.136672973633	850.258483886719	192.503845214844	176.493865966797
4337	21.68	532.929809570312	397.591400146484	190.975799560547	864.435485839844	192.813751220703	169.206329345703
4338	21.685	527.938171386719	399.152740478516	195.799926757812	878.741149902344	193.174255371094	162.183303833008
4339	21.69	523.173583984375	400.669586181641	200.64665222168	892.984191894531	193.450378417969	155.523315429688
4340	21.695	518.660949707031	402.170013427734	205.464340209961	907.191040039062	193.602416992188	149.287841796875
4341	21.7	514.106994628906	403.608032226562	210.297286987305	921.277587890625	193.890899658203	143.380920410156
4342	21.705	509.706848144531	405.030944824219	215.107696533203	935.110290527344	194.099716186523	137.976745605469
4343	21.71	505.250701904297	406.331726074219	219.91569519043	948.517883300781	194.211532592773	133.044540405273
4344	21.715	500.803436279297	407.600189208984	224.811569213867	961.456970214844	194.420486450195	128.55778503418
4345	21.72	496.046905517578	408.701293945312	229.882827758789	973.822326660156	194.555450439453	124.525955200195
4346	21.725	491.340637207031	409.663940429688	235.032974243164	985.32080078125	194.692413330078	120.96395111084
4347	21.73	486.638488769531	410.609466552734	240.443435668945	995.897033691406	194.920196533203	117.825645446777
4348	21.735	482.139739990234	411.359283447266	245.996276855469	1005.45037841797	195.241333007812	115.032249450684
4349	21.74	478.025207519531	412.120880126953	251.685562133789	1014.03405761719	195.714492797852	112.609107971191
4350	21.745	474.144866943359	412.768920898438	257.446746826172	1021.3515625	196.22721862793	110.272552490234
4351	21.75	470.838531494141	413.387603759766	263.247497558594	1027.65710449219	196.783004760742	108.045394897461
4352	21.755	467.92333984375	413.969360351562	269.052185058594	1032.833984375	197.390380859375	105.791900634766
4353	21.76	465.534301757812	414.586517333984	274.869659423828	1037.01867675781	198.080276489258	103.334327697754
4354	21.765	463.654083251953	415.21435546875	280.651794433594	1039.97436523438	198.717819213867	100.632064819336
4355	21.77	462.403411865234	415.764282226562	286.377105712891	1041.89172363281	199.429443359375	97.6519470214844
4356	21.775	461.760589599609	416.247406005859	292.063018798828	1042.66796875	200.095611572266	94.5491104125977
4357	21.78	461.842071533203	416.658599853516	297.574401855469	1042.35681152344	200.699081420898	91.613655090332
4358	21.785	462.483917236328	417.055694580078	302.942993164062	1041.24450683594	201.266342163086	89.5180053710938
4359	21.79	463.92431640625	417.277282714844	308.162719726562	1038.36340332031	202.109313964844	87.115608215332
4360	21.795	465.997222900391	417.198181152344	313.227996826172	1033.35327148438	202.966262817383	84.8814849853516
4361	21.8	468.765838623047	417.315002441406	318.057525634766	1025.36511230469	203.936950683594	83.3905944824219
4362	21.805	472.332946777344	417.220458984375	322.566009521484	1015.57299804688	205.004974365234	82.4502029418945
4363	21.81	476.525634765625	417.121002197266	326.72705078125	1004.10797119141	206.18830871582	82.1469421386719
4364	21.815	481.518432617188	417.047241210938	330.668853759766	992.008361816406	207.434707641602	82.717155456543
4365	21.82	487.212646484375	416.994934082031	334.324737548828	981.766967773438	208.056823730469	84.2241134643555
4366	21.825	493.600158691406	416.920532226562	337.572570800781	973.029174804688	208.518356323242	85.7516708374023
4367	21.83	500.505218505859	416.720855712891	340.478820800781	964.22607421875	209.044967651367	86.8798141479492
4368	21.835	507.836151123047	416.522430419922	343.023284912109	954.60107421875	209.440567016602	88.1153717041016
4369	21.84	515.559936523438	416.250427246094	345.229644775391	943.876586914062	210.07682800293	89.2863464355469
4370	21.845	523.545043945312	415.942260742188	347.071655273438	932.981018066406	210.442428588867	90.052864074707
4371	21.85	531.88671875	415.773345947266	348.501556396484	922.057250976562	210.665313720703	90.4364624023438
4372	21.855	540.326599121094	415.658172607422	349.511932373047	910.776611328125	210.885864257812	90.6582717895508
4373	21.86	548.996337890625	415.589599609375	350.118499755859	899.016174316406	211.158142089844	90.8056716918945
4374	21.865	557.800842285156	415.278259277344	350.129302978516	887.171813964844	211.432327270508	90.9220199584961
4375	21.87	566.675842285156	415.349670410156	349.841583251953	875.211303710938	211.788177490234	91.0795974731445
4376	21.875	575.733337402344	415.3955078125	348.993988037109	863.019287109375	212.13444519043	91.3852691650391
4377	21.88	584.912231445312	415.518859863281	347.639892578125	850.836059570312	212.426422119141	91.7391586303711
4378	21.885	594.134582519531	415.769287109375	345.755523681641	838.565673828125	212.497619628906	92.1358108520508
4379	21.89	603.420288085938	415.968872070312	343.437774658203	826.282043457031	212.518615722656	92.6237030029297
4380	21.895	612.749450683594	416.178283691406	340.599273681641	814.362182617188	212.598739624023	92.8437576293945
4381	21.9	622.059936523438	416.456573486328	337.350921630859	802.080383300781	212.34196472168	93.4665451049805
4382	21.905	631.31396484375	416.402801513672	333.372131347656	789.993225097656	212.265640258789	94.0962829589844
4383	21.91	640.590637207031	416.597320556641	329.309143066406	777.976318359375	212.056427001953	94.9350051879883
4384	21.915	649.806640625	416.623870849609	324.761291503906	765.968872070312	211.80403137207	95.9497451782227
4385	21.92	659.041015625	416.682220458984	319.936431884766	754.137145996094	211.450317382812	97.0894012451172
4386	21.925	668.174133300781	416.650756835938	314.788208007812	742.460388183594	210.900115966797	98.3192977905273
4387	21.93	677.420593261719	416.510711669922	309.293701171875	730.631469726562	210.686080932617	99.7830963134766
4388	21.935	686.614440917969	416.345001220703	303.513000488281	719.061828613281	210.154434204102	101.554885864258
4389	21.94	696.032531738281	416.064697265625	297.536712646484	707.556579589844	209.474212646484	103.7353515625
4390	21.945	705.528991699219	415.761474609375	291.167236328125	696.674011230469	208.456527709961	106.076538085938
4391	21.95	715.129821777344	415.142730712891	284.529724121094	685.213623046875	207.96012878418	108.979705810547
4392	21.955	724.937194824219	414.466247558594	277.628875732422	674.749267578125	207.220962524414	111.815795898438
4393	21.96	734.966369628906	413.821350097656	270.540740966797	664.310119628906	206.328857421875	115.06591796875
4394	21.965	745.161437988281	413.046081542969	263.214019775391	654.35888671875	205.470443725586	118.602607727051
4395	21.97	755.835510253906	412.286590576172	255.699981689453	644.584045410156	204.578918457031	122.376609802246
4396	21.975	766.703002929688	411.310882568359	247.891342163086	635.1650390625	203.68782043457	126.395515441895
4397	21.98	777.945190429688	410.598907470703	239.997909545898	626.216430664062	202.603652954102	130.555389404297
4398	21.985	789.493896484375	409.797515869141	231.893463134766	617.595458984375	201.493560791016	134.908004760742
4399	21.99	801.32275390625	409.160339355469	223.724166870117	609.264282226562	200.392074584961	139.305206298828
4400	21.995	813.520690917969	408.515930175781	215.468399047852	601.324462890625	199.239303588867	143.925827026367
4401	22.0	826.09326171875	407.901916503906	207.15983581543	593.672729492188	198.076431274414	148.594360351562
4402	22.005	838.783752441406	407.333740234375	198.978759765625	586.35791015625	196.870864868164	153.334136962891
4403	22.01	851.646423339844	407.123291015625	190.842269897461	579.3681640625	195.609512329102	158.236175537109
4404	22.015	865.307067871094	406.424743652344	182.712417602539	572.669555664062	194.502395629883	163.169403076172
4405	22.02	878.875244140625	405.964111328125	174.867813110352	566.285888671875	193.340896606445	168.196533203125
4406	22.025	892.679077148438	405.494384765625	167.255935668945	560.162109375	192.609878540039	173.12321472168
4407	22.03	906.575439453125	404.967864990234	160.015670776367	554.376708984375	191.653869628906	178.157852172852
4408	22.035	920.423217773438	404.447479248047	153.155868530273	548.781555175781	190.761184692383	183.247009277344
4409	22.04	934.225402832031	403.852600097656	146.69709777832	543.503967285156	189.950149536133	188.232620239258
4410	22.045	947.607299804688	403.187927246094	140.848892211914	538.435363769531	189.228042602539	193.174423217773
4411	22.05	960.4697265625	402.364471435547	135.442596435547	533.684020996094	188.724304199219	197.901885986328
4412	22.055	972.62109375	401.433624267578	130.609359741211	528.984436035156	188.055908203125	202.855361938477
4413	22.06	983.900573730469	400.228393554688	126.254180908203	524.315612792969	187.410278320312	207.675018310547
4414	22.065	994.374145507812	399.178192138672	122.394477844238	519.63916015625	186.741683959961	212.546585083008
4415	22.07	1003.88586425781	397.933197021484	119.051750183105	514.7890625	186.112182617188	217.476043701172
4416	22.075	1012.35778808594	396.682769775391	116.154815673828	509.514862060547	185.578170776367	222.627426147461
4417	22.08	1019.85455322266	395.417144775391	113.733375549316	504.217864990234	185.076065063477	227.928085327148
4418	22.085	1026.48620605469	394.026763916016	111.545608520508	499.058929443359	184.660202026367	233.404754638672
4419	22.09	1032.03344726562	392.617523193359	109.464981079102	494.169006347656	184.247894287109	239.021896362305
4420	22.095	1036.68920898438	391.249969482422	107.383178710938	489.754638671875	183.860626220703	244.751739501953
4421	22.1	1040.34375	389.945129394531	105.286285400391	485.861694335938	183.537490844727	250.502319335938
4422	22.105	1043.00903320312	388.748260498047	102.994575500488	482.57373046875	182.947814941406	256.240753173828
4423	22.11	1044.78369140625	387.746368408203	100.533172607422	479.920501708984	182.340545654297	261.943298339844
4424	22.115	1045.75219726562	387.051055908203	97.9534683227539	477.957916259766	181.71858215332	267.564392089844
4425	22.12	1045.75915527344	386.534637451172	95.4245910644531	476.639984130859	180.836837768555	273.13427734375
4426	22.125	1044.71984863281	386.155517578125	93.5014114379883	475.985382080078	179.868606567383	278.597320556641
4427	22.13	1042.12963867188	385.46630859375	91.4871520996094	476.012451171875	178.73828125	283.868133544922
4428	22.135	1036.79614257812	383.858642578125	90.0750579833984	476.796966552734	177.552032470703	288.945739746094
4429	22.14	1026.69946289062	381.788848876953	89.274299621582	478.347351074219	176.540435791016	293.665435791016
4430	22.145	1012.81713867188	379.463928222656	88.2748184204102	480.538635253906	175.305297851562	298.307800292969
4431	22.15	999.834533691406	378.332214355469	88.1642227172852	483.569488525391	174.120468139648	302.752777099609
4432	22.155	988.693176269531	377.838775634766	88.4051208496094	487.392425537109	172.971038818359	306.953369140625
4433	22.16	978.518981933594	377.514068603516	89.6148147583008	492.034515380859	171.873245239258	310.945465087891
4434	22.165	968.546020507812	377.267639160156	90.9763488769531	497.391998291016	170.825241088867	314.681365966797
4435	22.17	957.848815917969	377.113952636719	92.4401092529297	503.478851318359	169.971160888672	318.07958984375
4436	22.175	946.586730957031	377.119476318359	93.9430847167969	510.167999267578	169.386581420898	321.146270751953
4437	22.18	935.344665527344	377.557830810547	95.1447372436523	517.364501953125	168.853179931641	323.875
4438	22.185	924.594665527344	378.342102050781	96.1374053955078	525.031860351562	168.49674987793	326.171844482422
4439	22.19	913.772277832031	379.286010742188	96.8973999023438	533.0771484375	168.180938720703	328.070892333984
4440	22.195	902.618286132812	380.03271484375	97.0754928588867	541.318481445312	167.908157348633	329.466369628906
4441	22.2	891.137634277344	380.345245361328	97.3039627075195	549.830444335938	167.614974975586	330.355316162109
4442	22.205	879.591857910156	380.243530273438	97.4199295043945	558.444030761719	167.497253417969	330.721008300781
4443	22.21	867.6005859375	380.084716796875	97.8261108398438	566.990112304688	167.528518676758	330.592529296875
4444	22.215	855.593505859375	379.581390380859	98.2719421386719	576.328186035156	166.985946655273	329.986999511719
4445	22.22	843.516845703125	379.044128417969	98.7162628173828	585.320068359375	166.864547729492	328.84033203125
4446	22.225	831.359680175781	378.612640380859	99.3960952758789	594.434143066406	166.85237121582	327.180847167969
4447	22.23	819.132629394531	378.16259765625	100.111175537109	603.617248535156	166.834243774414	325.121398925781
4448	22.235	806.970092773438	377.946350097656	100.958084106445	612.778381347656	166.845565795898	322.529510498047
4449	22.24	794.924499511719	377.696624755859	101.933990478516	621.972045898438	167.007949829102	319.637390136719
4450	22.245	782.929016113281	377.681823730469	103.030067443848	631.220703125	167.189010620117	316.287567138672
4451	22.25	771.123107910156	377.683074951172	104.394149780273	640.508178710938	167.475845336914	312.519775390625
4452	22.255	759.523254394531	377.708465576172	105.975746154785	649.903198242188	167.7333984375	308.404907226562
4453	22.26	748.02978515625	377.988098144531	107.924682617188	659.220703125	168.28515625	303.948669433594
4454	22.265	736.880065917969	378.331573486328	110.2041015625	668.655517578125	168.838439941406	299.137298583984
4455	22.27	725.981323242188	378.840850830078	112.788215637207	678.205688476562	169.587753295898	294.055541992188
4456	22.275	715.330505371094	379.354400634766	115.649078369141	687.97265625	170.348541259766	288.667358398438
4457	22.28	704.998168945312	380.054626464844	118.846694946289	697.778442382812	171.300430297852	282.9853515625
4458	22.285	694.875183105469	380.865783691406	122.331161499023	707.808044433594	172.308380126953	277.036987304688
4459	22.29	685.170837402344	381.829406738281	125.99430847168	718.133178710938	173.309814453125	270.845672607422
4460	22.295	675.733154296875	382.895660400391	129.896957397461	728.674011230469	174.390213012695	264.369293212891
4461	22.3	666.698059082031	384.002838134766	133.962112426758	739.378540039062	175.557052612305	257.759796142578
4462	22.305	657.963317871094	385.229949951172	138.111206054688	750.359313964844	176.692001342773	250.955474853516
4463	22.31	649.623779296875	386.498931884766	142.437942504883	761.553161621094	178.195068359375	243.872177124023
4464	22.315	641.617614746094	387.611145019531	146.767364501953	773.137451171875	179.345169067383	236.760070800781
4465	22.32	634.029113769531	388.962036132812	151.231246948242	784.9775390625	180.409866333008	229.390563964844
4466	22.325	626.782592773438	390.214599609375	155.719177246094	797.119934082031	181.49104309082	222.061157226562
4467	22.33	619.762268066406	391.483154296875	160.265350341797	809.580261230469	182.485229492188	214.710830688477
4468	22.335	613.151245117188	392.753448486328	164.814605712891	822.299011230469	183.336761474609	207.17121887207
4469	22.34	606.740295410156	394.027069091797	169.379913330078	834.936584472656	183.788131713867	199.677536010742
4470	22.345	600.6162109375	395.253173828125	174.015197753906	848.905639648438	185.002258300781	191.76025390625
4471	22.35	594.757873535156	396.447082519531	178.577072143555	862.477294921875	185.611770629883	184.154571533203
4472	22.355	588.92041015625	397.56201171875	183.221160888672	876.439575195312	186.131561279297	176.530700683594
4473	22.36	583.519958496094	398.721405029297	187.852142333984	890.660095214844	186.474456787109	169.072784423828
4474	22.365	578.22216796875	399.694274902344	192.466613769531	904.890380859375	186.720855712891	161.8076171875
4475	22.37	573.036560058594	400.713745117188	197.065383911133	919.321350097656	186.859222412109	154.702438354492
4476	22.375	568.002136230469	401.598449707031	201.633163452148	933.684509277344	186.929306030273	147.984558105469
4477	22.38	562.825866699219	402.450927734375	206.274383544922	947.959594726562	186.772872924805	141.631088256836
4478	22.385	557.811157226562	403.354064941406	210.818145751953	962.010681152344	186.658950805664	135.698989868164
4479	22.39	552.68896484375	404.176635742188	215.437850952148	975.754516601562	186.238250732422	130.250473022461
4480	22.395	547.526733398438	404.861145019531	220.073989868164	988.981811523438	185.743545532227	125.311363220215
4481	22.4	542.03125	405.462890625	224.940139770508	1001.63684082031	185.174362182617	121.140731811523
4482	22.405	536.64111328125	405.853393554688	229.983352661133	1013.67523193359	184.775848388672	117.412002563477
4483	22.41	531.416809082031	406.189910888672	235.135040283203	1024.63879394531	184.458648681641	114.217781066895
4484	22.415	526.417785644531	406.483093261719	240.415191650391	1034.51733398438	184.476226806641	111.610801696777
4485	22.42	521.843688964844	406.671142578125	245.753967285156	1043.02807617188	184.554397583008	109.40665435791
4486	22.425	517.702270507812	406.849304199219	251.136352539062	1050.24780273438	184.674179077148	107.397262573242
4487	22.43	514.085083007812	407.059417724609	256.526580810547	1056.44995117188	184.931976318359	105.35961151123
4488	22.435	510.983032226562	407.3671875	261.907623291016	1061.4765625	185.113388061523	103.281448364258
4489	22.44	508.451263427734	407.6533203125	267.210235595703	1065.3994140625	185.238082885742	100.954704284668
4490	22.445	506.425567626953	407.919769287109	272.445037841797	1068.27783203125	185.28825378418	98.4612274169922
4491	22.45	505.020111083984	408.239624023438	277.59814453125	1070.12841796875	185.399688720703	95.7278060913086
4492	22.455	504.105651855469	408.398254394531	282.552062988281	1070.82360839844	185.155868530273	93.0865478515625
4493	22.46	503.879089355469	408.580627441406	287.45166015625	1070.55908203125	184.789215087891	91.110954284668
4494	22.465	504.178070068359	408.683410644531	292.178833007812	1069.0146484375	184.468200683594	89.5693054199219
4495	22.47	504.984039306641	408.703216552734	296.808776855469	1065.55432128906	184.443023681641	87.5045623779297
4496	22.475	506.396118164062	408.434722900391	301.320007324219	1059.56823730469	184.93586730957	85.7924270629883
4497	22.48	508.448791503906	408.275054931641	305.6689453125	1050.67712402344	185.691452026367	84.9599990844727
4498	22.485	511.095825195312	407.998229980469	309.934478759766	1040.07177734375	186.696502685547	84.6534118652344
4499	22.49	514.402038574219	407.637054443359	313.944641113281	1027.98742675781	188.07145690918	84.9401550292969
4500	22.495	518.365234375	407.172576904297	317.663452148438	1016.91186523438	189.176422119141	85.9503860473633
4501	22.5	523.08447265625	406.691497802734	321.238189697266	1007.85339355469	190.102767944336	87.1128158569336
4502	22.505	528.398864746094	406.125152587891	324.427062988281	998.910522460938	190.89143371582	88.3655090332031
4503	22.51	534.4111328125	405.553588867188	327.330871582031	989.372680664062	191.586837768555	89.5289154052734
4504	22.515	540.885131835938	404.923767089844	329.886016845703	978.593566894531	192.376556396484	90.6315231323242
4505	22.52	547.956970214844	404.279937744141	332.061889648438	967.606079101562	192.975341796875	91.3725738525391
4506	22.525	555.524230957031	403.614288330078	333.767944335938	956.583251953125	193.212387084961	91.713981628418
4507	22.53	563.471435546875	402.982299804688	334.995208740234	945.368225097656	193.264038085938	92.0313415527344
4508	22.535	571.724243164062	402.428436279297	335.917175292969	933.848022460938	193.170028686523	92.3413619995117
4509	22.54	580.317626953125	401.965637207031	336.274963378906	922.048400878906	192.982833862305	92.5782241821289
4510	22.545	589.031372070312	401.495697021484	336.216888427734	910.244873046875	192.976669311523	92.7477493286133
4511	22.55	597.9677734375	401.112274169922	335.695007324219	898.15087890625	193.007171630859	93.0827102661133
4512	22.555	607.0771484375	400.755004882812	334.668151855469	886.025939941406	193.183898925781	93.4773941040039
4513	22.56	616.309448242188	400.450286865234	333.203643798828	873.86572265625	193.317230224609	93.8811492919922
4514	22.565	625.663757324219	400.174865722656	331.199859619141	861.753845214844	193.564300537109	94.1234436035156
4515	22.57	635.065063476562	399.869964599609	328.864532470703	849.474975585938	193.531829833984	94.6586380004883
4516	22.575	644.585144042969	399.637298583984	326.037200927734	837.200012207031	193.384490966797	95.1848220825195
4517	22.58	654.0546875	399.344787597656	322.834320068359	824.957763671875	193.136306762695	95.900520324707
4518	22.585	663.5439453125	398.994171142578	319.172698974609	812.894226074219	192.881301879883	96.6389236450195
4519	22.59	673.044494628906	398.638031005859	315.152984619141	800.917785644531	192.569198608398	97.6157913208008
4520	22.595	682.588989257812	398.232757568359	310.769348144531	789.065734863281	192.18034362793	98.7479400634766
4521	22.6	692.113342285156	397.773132324219	306.043365478516	777.300354003906	191.673599243164	100.118141174316
4522	22.605	701.678405761719	397.222747802734	300.951507568359	765.702575683594	191.100662231445	101.745513916016
4523	22.61	711.340454101562	396.599426269531	295.577606201172	754.246826171875	190.362701416016	103.736862182617
4524	22.615	721.06005859375	395.893493652344	289.928558349609	743.007446289062	189.641998291016	105.967063903809
4525	22.62	730.876098632812	395.041595458984	283.905456542969	731.9873046875	188.741943359375	108.59593963623
4526	22.625	740.821044921875	393.958526611328	277.499755859375	721.313415527344	187.685256958008	111.462661743164
4527	22.63	751.050354003906	392.984252929688	270.986877441406	711.065795898438	186.2373046875	114.670303344727
4528	22.635	761.385192871094	391.848846435547	264.284332275391	700.538940429688	185.412521362305	118.359016418457
4529	22.64	772.101989746094	390.774353027344	257.297882080078	690.845886230469	184.275482177734	121.93822479248
4530	22.645	783.011108398438	389.620666503906	250.209747314453	681.302307128906	183.039306640625	125.834587097168
4531	22.65	794.347778320312	388.264892578125	242.805801391602	672.224304199219	181.775177001953	129.871566772461
4532	22.655	805.949584960938	387.075439453125	235.271408081055	663.482849121094	180.255523681641	134.137847900391
4533	22.66	817.78759765625	385.950836181641	227.671127319336	654.969421386719	179.116500854492	138.488174438477
4534	22.665	830.0234375	384.81494140625	219.9775390625	646.820922851562	177.754486083984	142.953430175781
4535	22.67	842.50244140625	383.829772949219	212.220108032227	639.037231445312	176.323974609375	147.529281616211
4536	22.675	855.332641601562	382.675872802734	204.468826293945	631.596740722656	174.988845825195	152.181671142578
4537	22.68	868.2998046875	381.718597412109	196.89323425293	624.4658203125	173.582885742188	156.930740356445
4538	22.685	881.638977050781	380.793701171875	189.287582397461	617.588989257812	172.195877075195	161.811874389648
4539	22.69	895.212524414062	379.797637939453	181.885543823242	611.005981445312	170.875717163086	166.728866577148
4540	22.695	908.921020507812	378.970306396484	174.725250244141	604.707641601562	169.538818359375	171.658142089844
4541	22.7	922.674438476562	378.18310546875	167.796493530273	598.735412597656	168.363159179688	176.636413574219
4542	22.705	936.523498535156	377.455383300781	161.071624755859	592.995056152344	167.252426147461	181.714111328125
4543	22.71	950.240600585938	376.764099121094	154.728851318359	587.567993164062	166.364166259766	186.835372924805
4544	22.715	963.734680175781	376.161560058594	148.751541137695	582.344970703125	165.711456298828	191.875213623047
4545	22.72	976.887451171875	375.486633300781	143.350936889648	577.218505859375	165.108367919922	196.965316772461
4546	22.725	989.60302734375	374.817810058594	138.474716186523	572.1494140625	164.571029663086	202.075653076172
4547	22.73	1001.63708496094	374.108673095703	134.136260986328	566.940673828125	164.209075927734	207.102630615234
4548	22.735	1012.89477539062	373.36962890625	130.346374511719	561.497314453125	163.839172363281	212.191177368164
4549	22.74	1023.13714599609	372.581176757812	127.024925231934	555.8515625	163.763565063477	217.209411621094
4550	22.745	1032.32873535156	371.782806396484	124.154403686523	549.709411621094	163.721221923828	222.539016723633
4551	22.75	1040.45227050781	370.918792724609	121.77409362793	543.47265625	163.803115844727	228.03450012207
4552	22.755	1047.53930664062	370.056488037109	119.73755645752	537.382263183594	164.181503295898	233.597366333008
4553	22.76	1053.68969726562	369.188934326172	117.869552612305	531.583801269531	164.432418823242	239.358108520508
4554	22.765	1058.79553222656	368.17919921875	116.138160705566	526.349304199219	164.827163696289	245.133666992188
4555	22.77	1062.97338867188	367.133483886719	114.332321166992	521.695922851562	165.173477172852	250.976318359375
4556	22.775	1066.18371582031	366.189025878906	112.517860412598	517.609069824219	165.491165161133	256.847564697266
4557	22.78	1068.38659667969	365.240173339844	110.507881164551	514.068359375	165.809295654297	262.761535644531
4558	22.785	1069.66027832031	364.346801757812	108.358291625977	511.089874267578	165.8701171875	268.587158203125
4559	22.79	1070.07934570312	363.619995117188	106.055221557617	508.736480712891	165.85661315918	274.322509765625
4560	22.795	1069.65747070312	363.016906738281	103.526336669922	506.937744140625	165.765838623047	279.930389404297
4561	22.8	1068.29040527344	362.446594238281	100.771125793457	505.773864746094	165.461410522461	285.380889892578
4562	22.805	1066.11071777344	362.029815673828	97.6591262817383	505.129211425781	165.12565612793	290.717864990234
4563	22.81	1062.998046875	361.449737548828	94.6363067626953	505.146759033203	164.611145019531	295.908142089844
4564	22.815	1058.54675292969	360.510711669922	92.1969604492188	505.785461425781	164.116104125977	300.932159423828
4565	22.82	1051.82873535156	358.315246582031	89.8854370117188	507.102508544922	163.654983520508	305.735809326172
4566	22.825	1041.04772949219	355.13623046875	88.1064758300781	509.185974121094	163.40007019043	310.206146240234
4567	22.83	1027.48522949219	351.66455078125	86.8338012695312	511.930358886719	163.019882202148	314.600402832031
4568	22.835	1014.61499023438	348.9287109375	86.2996978759766	515.516174316406	162.63525390625	318.754119873047
4569	22.84	1003.63256835938	347.135009765625	86.6260299682617	519.83642578125	162.405532836914	322.693756103516
4570	22.845	993.689758300781	346.252349853516	87.5982513427734	524.912475585938	162.169097900391	326.402526855469
4571	22.85	983.390930175781	345.947387695312	88.4506759643555	530.732971191406	162.062469482422	329.797485351562
4572	22.855	972.057434082031	345.880889892578	89.5723342895508	537.282592773438	161.987884521484	332.894012451172
4573	22.86	960.211120605469	345.928680419922	90.6857528686523	544.4873046875	162.109390258789	335.588684082031
4574	22.865	948.648803710938	346.271545410156	91.4549865722656	552.223693847656	162.366760253906	337.83935546875
4575	22.87	937.497802734375	347.069183349609	92.2314300537109	560.273315429688	162.878860473633	339.598999023438
4576	22.875	926.171813964844	348.002258300781	93.2773666381836	569.369812011719	162.798370361328	340.832183837891
4577	22.88	914.788940429688	348.969116210938	94.1695251464844	578.350646972656	163.112564086914	341.497100830078
4578	22.885	903.288330078125	349.941955566406	94.6879501342773	587.409851074219	163.662902832031	341.69140625
4579	22.89	891.734130859375	350.646209716797	95.3358459472656	596.796569824219	163.835327148438	341.348846435547
4580	22.895	879.975646972656	351.271270751953	96.0033187866211	606.597106933594	163.977340698242	340.483703613281
4581	22.9	868.236083984375	351.670104980469	96.7597198486328	616.361328125	164.414581298828	339.038940429688
4582	22.905	856.453308105469	351.886871337891	97.5466690063477	626.133239746094	164.638595581055	337.173828125
4583	22.91	844.642578125	352.052429199219	98.5417556762695	635.985717773438	165.036102294922	334.847106933594
4584	22.915	832.829956054688	351.992828369141	99.6440811157227	646.030090332031	165.630096435547	332.017517089844
4585	22.92	821.034912109375	352.026275634766	100.997673034668	656.041442871094	166.197998046875	328.799865722656
4586	22.925	809.339660644531	351.876342773438	102.441390991211	666.051513671875	166.919052124023	325.109497070312
4587	22.93	797.74560546875	351.887725830078	104.127578735352	676.150695800781	167.766754150391	321.007690429688
4588	22.935	786.313232421875	351.950592041016	106.032447814941	686.250183105469	168.606750488281	316.564788818359
4589	22.94	775.115966796875	352.090759277344	108.174621582031	696.445617675781	169.655776977539	311.624877929688
4590	22.945	764.080444335938	352.412963867188	110.595634460449	706.671325683594	170.738891601562	306.446472167969
4591	22.95	753.368957519531	352.781188964844	113.268165588379	717.015014648438	171.930755615234	300.818511962891
4592	22.955	742.864135742188	353.369079589844	116.274909973145	727.506774902344	173.203735351562	294.940704345703
4593	22.96	732.698364257812	354.167755126953	119.481620788574	738.176025390625	174.61328125	288.69091796875
4594	22.965	722.85009765625	355.133117675781	122.929969787598	749.063537597656	176.072616577148	282.139099121094
4595	22.97	713.326904296875	356.216156005859	126.520530700684	760.125549316406	177.568389892578	275.340270996094
4596	22.975	704.165710449219	357.470245361328	130.327529907227	771.40869140625	179.022521972656	268.301605224609
4597	22.98	695.282531738281	358.703155517578	134.220947265625	782.968566894531	180.588668823242	261.011779785156
4598	22.985	686.764831542969	360.231872558594	138.251525878906	794.780639648438	182.178726196289	253.516036987305
4599	22.99	678.542541503906	361.708892822266	142.392242431641	806.923461914062	183.765808105469	245.869720458984
4600	22.995	670.663208007812	363.347961425781	146.529937744141	819.235900878906	185.334411621094	238.091644287109
4601	23.0	663.104553222656	365.036499023438	150.756744384766	831.749267578125	186.720977783203	230.256683349609
4602	23.005	655.903503417969	366.682983398438	155.006240844727	844.735656738281	188.297409057617	222.259689331055
4603	23.01	648.933837890625	368.386901855469	159.315765380859	857.774780273438	189.591262817383	214.375381469727
4604	23.015	642.348571777344	370.085632324219	163.574371337891	871.272338867188	190.915466308594	206.205047607422
4605	23.02	635.984558105469	371.798767089844	167.901748657227	884.947143554688	192.08659362793	198.171005249023
4606	23.025	629.887573242188	373.451965332031	172.241073608398	898.783569335938	193.068908691406	190.177169799805
4607	23.03	624.084106445312	375.119934082031	176.619506835938	912.804138183594	193.891784667969	182.227005004883
4608	23.035	618.546081542969	376.771820068359	181.067169189453	926.955627441406	194.545288085938	174.519989013672
4609	23.04	613.249877929688	378.421478271484	185.475601196289	941.255493164062	195.040725708008	166.868988037109
4610	23.045	608.217590332031	379.985931396484	189.882568359375	955.518493652344	195.306213378906	159.636123657227
4611	23.05	603.363464355469	381.527313232422	194.314300537109	969.809936523438	195.451568603516	152.720687866211
4612	23.055	598.550354003906	383.112579345703	198.731079101562	983.966430664062	195.386123657227	146.110412597656
4613	23.06	593.925170898438	384.498168945312	203.013229370117	997.9013671875	195.203399658203	140.027328491211
4614	23.065	589.157653808594	386.050506591797	207.40007019043	1011.35437011719	194.943099975586	134.562088012695
4615	23.07	584.530944824219	387.465698242188	211.700332641602	1024.41796875	194.511169433594	129.513473510742
4616	23.075	579.7900390625	388.849212646484	216.104675292969	1036.85607910156	193.977188110352	125.055793762207
4617	23.08	574.860168457031	390.051666259766	220.721282958984	1048.50317382812	193.442245483398	121.192092895508
4618	23.085	569.884094238281	391.158966064453	225.663650512695	1059.22924804688	192.949630737305	117.959434509277
4619	23.09	565.160034179688	392.180908203125	230.699996948242	1068.76049804688	192.705291748047	115.23445892334
4620	23.095	560.636657714844	393.102142333984	235.829498291016	1077.220703125	192.788986206055	112.917831420898
4621	23.1	556.53564453125	394.044006347656	241.067916870117	1084.37890625	193.16325378418	110.787742614746
4622	23.105	552.925476074219	394.925109863281	246.247299194336	1090.2431640625	193.730041503906	108.806823730469
4623	23.11	549.8984375	395.776031494141	251.371154785156	1094.91088867188	194.237930297852	106.629425048828
4624	23.115	547.267517089844	396.693542480469	256.509582519531	1098.35266113281	194.746063232422	104.178192138672
4625	23.12	545.1982421875	397.620880126953	261.535827636719	1100.72143554688	195.139862060547	101.413482666016
4626	23.125	543.669311523438	398.532012939453	266.472869873047	1101.82971191406	195.438461303711	98.3517684936523
4627	23.13	542.675903320312	399.419189453125	271.303680419922	1101.82861328125	195.768981933594	95.1786956787109
4628	23.135	542.256958007812	400.307098388672	275.986572265625	1100.69067382812	195.961166381836	91.9757766723633
4629	23.14	542.382690429688	401.136596679688	280.556457519531	1098.56005859375	196.123123168945	89.5856246948242
4630	23.145	543.00927734375	401.912567138672	285.011566162109	1095.05969238281	196.53092956543	87.4864654541016
4631	23.15	544.283386230469	402.497772216797	289.257781982422	1089.72888183594	197.454483032227	85.0616226196289
4632	23.155	546.112609863281	403.131011962891	293.330047607422	1082.24206542969	198.719085693359	83.3800201416016
4633	23.16	548.496520996094	403.419647216797	297.290802001953	1073.39929199219	200.230270385742	82.2429504394531
4634	23.165	551.624145507812	403.906677246094	301.004913330078	1062.822265625	201.859603881836	81.77880859375
4635	23.17	555.363098144531	404.243072509766	304.4716796875	1050.84265136719	204.090347290039	82.1681671142578
4636	23.175	559.703369140625	404.702758789062	307.726043701172	1040.12963867188	205.436996459961	83.7888793945312
4637	23.18	564.754577636719	405.102844238281	310.6279296875	1031.38793945312	206.65608215332	85.5398406982422
4638	23.185	570.427307128906	405.481475830078	313.327819824219	1023.10186767578	207.473785400391	86.9822692871094
4639	23.19	576.628112792969	405.878875732422	315.663787841797	1013.61383056641	208.193603515625	88.1170196533203
4640	23.195	583.320922851562	406.165283203125	317.620910644531	1002.63757324219	208.912170410156	89.3749923706055
4641	23.2	590.356323242188	406.460205078125	319.338958740234	991.501586914062	209.35888671875	90.1296157836914
4642	23.205	597.880920410156	406.699920654297	320.606781005859	980.451965332031	209.348037719727	90.438232421875
4643	23.21	605.681640625	406.991455078125	321.440307617188	969.128295898438	209.311660766602	90.5643692016602
4644	23.215	613.724609375	407.26904296875	321.893737792969	957.180358886719	209.349884033203	90.8065795898438
4645	23.22	621.905883789062	407.631683349609	321.931640625	945.336120605469	209.458892822266	90.8056259155273
4646	23.225	630.294128417969	408.048828125	321.547576904297	933.305419921875	209.691909790039	90.9290008544922
4647	23.23	638.835693359375	408.5234375	320.750671386719	921.192626953125	209.990921020508	91.1013336181641
4648	23.235	647.439514160156	408.990417480469	319.552551269531	908.826416015625	210.147964477539	91.5108642578125
4649	23.24	656.25537109375	409.453460693359	317.794616699219	896.59423828125	210.33869934082	91.7454376220703
4650	23.245	665.045349121094	409.853515625	315.647827148438	884.5380859375	210.439605712891	91.8833389282227
4651	23.25	674.021606445312	410.272338867188	313.110198974609	872.216979980469	210.369354248047	92.248649597168
4652	23.255	682.880249023438	410.626556396484	310.202972412109	859.9296875	210.18212890625	92.7754135131836
4653	23.26	691.924499511719	410.841613769531	306.843078613281	847.707580566406	210.057037353516	93.3017578125
4654	23.265	700.884582519531	411.074096679688	303.212036132812	835.551940917969	209.814300537109	93.9962997436523
4655	23.27	709.803833007812	411.111206054688	299.159393310547	823.545227050781	209.485488891602	94.8451843261719
4656	23.275	718.634033203125	411.007537841797	294.789825439453	811.528503417969	209.056518554688	95.9348907470703
4657	23.28	727.5263671875	410.864685058594	290.171539306641	799.679382324219	208.618637084961	97.1774063110352
4658	23.285	736.489562988281	410.594116210938	285.242706298828	787.921875	208.11442565918	98.542350769043
4659	23.29	745.542907714844	410.179290771484	279.999877929688	776.226440429688	207.559631347656	100.17797088623
4660	23.295	754.781860351562	409.700134277344	274.433319091797	764.669860839844	206.817489624023	102.107139587402
4661	23.3	763.967651367188	409.155700683594	268.626953125	753.292175292969	205.988311767578	104.413879394531
4662	23.305	773.488403320312	408.293884277344	262.354461669922	742.1943359375	204.958877563477	106.943954467773
4663	23.31	783.12646484375	407.528686523438	256.024932861328	731.622497558594	203.597839355469	109.715087890625
4664	23.315	793.016784667969	406.727355957031	249.415176391602	720.658325195312	202.56379699707	113.232460021973
4665	23.32	803.19873046875	405.88232421875	242.629089355469	710.395202636719	201.282608032227	116.626113891602
4666	23.325	813.691040039062	404.873443603516	235.539001464844	700.741394042969	200.229568481445	119.78572845459
4667	23.33	824.434875488281	403.999542236328	228.309326171875	691.121826171875	198.86994934082	123.679901123047
4668	23.335	835.477111816406	403.144866943359	220.971572875977	681.9619140625	197.421508789062	127.638076782227
4669	23.34	846.849853515625	402.326446533203	213.487442016602	672.997924804688	196.120010375977	131.770843505859
4670	23.345	858.352111816406	401.71142578125	206.036392211914	664.44482421875	194.655349731445	136.088348388672
4671	23.35	870.43115234375	400.842620849609	198.53759765625	656.2197265625	193.220504760742	140.443939208984
4672	23.355	882.709411621094	400.196563720703	191.022262573242	648.326599121094	191.737930297852	144.944686889648
4673	23.36	894.975158691406	399.726989746094	183.748687744141	640.715454101562	190.272125244141	149.523468017578
4674	23.365	907.566101074219	399.177520751953	176.384170532227	633.433837890625	188.764373779297	154.15885925293
4675	23.37	920.3623046875	398.643798828125	169.24543762207	626.532897949219	187.307144165039	158.808380126953
4676	23.375	933.091979980469	398.245208740234	162.469619750977	619.806274414062	185.852081298828	163.585479736328
4677	23.38	945.986083984375	397.784423828125	155.88249206543	613.48828125	184.460647583008	168.42008972168
4678	23.385	958.683715820312	397.349090576172	149.676361083984	607.364624023438	183.200210571289	173.352493286133
4679	23.39	971.294616699219	397.040802001953	143.924224853516	601.59228515625	182.299606323242	178.249465942383
4680	23.395	983.483825683594	396.665313720703	138.687728881836	595.991271972656	181.274444580078	183.231338500977
4681	23.4	995.291931152344	396.192596435547	133.978942871094	590.624328613281	180.395935058594	188.136474609375
4682	23.405	1006.34875488281	395.67529296875	129.864181518555	585.409484863281	179.8681640625	192.855377197266
4683	23.41	1016.55346679688	395.101135253906	126.264541625977	580.216613769531	179.147521972656	197.646759033203
4684	23.415	1025.83935546875	394.401275634766	123.120079040527	575.008911132812	178.489303588867	202.422058105469
4685	23.42	1034.0869140625	393.679443359375	120.373725891113	569.882568359375	178.075469970703	207.084381103516
4686	23.425	1041.14172363281	392.890441894531	118.094932556152	564.688232421875	177.695526123047	211.840942382812
4687	23.43	1047.08837890625	392.02734375	116.07495880127	559.321166992188	177.424102783203	216.724151611328
4688	23.435	1052.12561035156	391.202209472656	114.269577026367	553.766540527344	177.266647338867	221.743286132812
4689	23.44	1055.9345703125	390.382751464844	112.644714355469	548.175598144531	177.149230957031	226.938858032227
4690	23.445	1058.87890625	389.488403320312	111.009567260742	542.81591796875	177.108276367188	232.23420715332
4691	23.45	1060.72814941406	388.774627685547	109.248382568359	537.782958984375	177.121231079102	237.668609619141
4692	23.455	1061.61633300781	388.126159667969	107.392730712891	533.194152832031	177.16423034668	243.209426879883
4693	23.46	1061.54113769531	387.700561523438	105.363357543945	529.173522949219	177.27214050293	248.754898071289
4694	23.465	1060.5224609375	387.494018554688	103.269226074219	525.817138671875	177.353805541992	254.364028930664
4695	23.47	1058.76745605469	387.470886230469	100.867942810059	522.96484375	177.429794311523	259.936950683594
4696	23.475	1056.21594238281	387.618896484375	98.2501678466797	520.797546386719	177.488342285156	265.518402099609
4697	23.48	1052.7998046875	387.985626220703	95.7530212402344	519.199279785156	177.561111450195	271.037689208984
4698	23.485	1048.33251953125	387.826385498047	94.0818634033203	518.34375	177.373291015625	276.384033203125
4699	23.49	1042.02709960938	386.667266845703	92.5273818969727	518.202209472656	177.21940612793	281.558624267578
4700	23.495	1031.54467773438	384.173706054688	91.2371063232422	518.739196777344	176.965454101562	286.504180908203
4701	23.5	1017.79125976562	381.277984619141	90.2415542602539	519.924743652344	176.77262878418	291.149047851562
4702	23.505	1004.84973144531	379.277252197266	89.7674560546875	521.899597167969	176.640625	295.421142578125
4703	23.51	993.199157714844	377.861999511719	89.8780899047852	524.649475097656	176.487030029297	299.570617675781
4704	23.515	982.909545898438	376.961700439453	90.6855163574219	528.137939453125	176.234741210938	303.460876464844
4705	23.52	972.75732421875	376.403381347656	91.4681549072266	532.362731933594	176.136764526367	307.057678222656
4706	23.525	961.814147949219	375.951354980469	92.5165710449219	537.299926757812	176.177825927734	310.362701416016
4707	23.53	950.375732421875	375.738830566406	93.6583862304688	542.90087890625	176.291564941406	313.376953125
4708	23.535	938.745178222656	375.596252441406	94.3188629150391	549.109985351562	176.518020629883	316.0009765625
4709	23.54	927.51611328125	376.094543457031	95.0217971801758	555.855163574219	176.991516113281	318.184173583984
4710	23.545	916.387634277344	376.740051269531	95.7826690673828	562.961303710938	177.45556640625	319.979675292969
4711	23.55	905.04248046875	377.37744140625	96.2931518554688	570.403930664062	178.100204467773	321.285705566406
4712	23.555	893.694152832031	378.018310546875	96.643669128418	577.854797363281	178.85986328125	322.140869140625
4713	23.56	882.124755859375	378.424346923828	97.1118927001953	586.304931640625	179.047210693359	322.436828613281
4714	23.565	870.454650878906	378.827026367188	97.5597686767578	594.5458984375	179.643844604492	322.133911132812
4715	23.57	858.579528808594	378.972290039062	98.1047058105469	602.967041015625	180.088027954102	321.345397949219
4716	23.575	846.660278320312	379.028594970703	98.6932830810547	611.488220214844	180.634033203125	320.023620605469
4717	23.58	834.784423828125	379.120025634766	99.3549957275391	620.149169921875	181.104553222656	318.143371582031
4718	23.585	822.789794921875	379.101623535156	100.119735717773	628.884155273438	181.703842163086	315.789581298828
4719	23.59	810.866271972656	379.120971679688	101.055679321289	637.714233398438	182.265579223633	312.957244873047
4720	23.595	798.998291015625	379.186462402344	102.060409545898	646.53857421875	182.914352416992	309.680084228516
4721	23.6	787.174865722656	379.269622802734	103.196159362793	655.441101074219	183.515670776367	306.005950927734
4722	23.605	775.409240722656	379.416442871094	104.460227966309	664.462890625	184.342529296875	301.949737548828
4723	23.61	763.749389648438	379.640808105469	106.054458618164	673.522521972656	185.182479858398	297.404907226562
4724	23.615	752.371337890625	379.923065185547	107.846611022949	682.632141113281	186.273468017578	292.657196044922
4725	23.62	741.059631347656	380.325805664062	109.959365844727	691.916198730469	187.353775024414	287.503570556641
4726	23.625	730.079162597656	380.708587646484	112.327194213867	701.235046386719	188.555511474609	282.042694091797
4727	23.63	719.221069335938	381.276794433594	115.005882263184	710.758056640625	189.757690429688	276.330200195312
4728	23.635	708.767150878906	381.938781738281	117.884819030762	720.40576171875	191.355972290039	270.399841308594
4729	23.64	698.55517578125	382.720611572266	121.096633911133	730.259460449219	192.966827392578	264.223510742188
4730	23.645	688.587951660156	383.667388916016	124.533569335938	740.414916992188	194.77214050293	257.776123046875
4731	23.65	679.02099609375	384.782318115234	128.168441772461	750.677978515625	196.552261352539	251.222885131836
4732	23.655	669.778869628906	385.835754394531	131.958282470703	761.2578125	198.492813110352	244.416213989258
4733	23.66	660.910888671875	387.088134765625	135.923324584961	772.041748046875	200.502914428711	237.549468994141
4734	23.665	652.344848632812	388.508117675781	139.976531982422	783.134704589844	202.471008300781	230.480850219727
4735	23.67	644.164306640625	389.969116210938	144.138702392578	794.455200195312	204.490310668945	223.377319335938
4736	23.675	636.326171875	391.551116943359	148.432479858398	805.910705566406	206.320877075195	216.234130859375
4737	23.68	628.866516113281	393.258178710938	152.803604125977	818.069152832031	208.446273803711	208.924346923828
4738	23.685	621.695434570312	394.909698486328	157.188095092773	830.368896484375	210.296112060547	201.662826538086
4739	23.69	614.865051269531	396.689025878906	161.580627441406	842.93798828125	212.068557739258	194.396728515625
4740	23.695	608.331481933594	398.436859130859	166.025848388672	855.827514648438	213.559265136719	187.363418579102
4741	23.7	602.069274902344	400.304595947266	170.462341308594	869.049560546875	215.399658203125	180.170532226562
4742	23.705	596.069885253906	402.130859375	174.917770385742	882.4326171875	216.843566894531	173.246322631836
4743	23.71	590.296447753906	404.085052490234	179.410339355469	895.984680175781	218.165740966797	166.550567626953
4744	23.715	584.914001464844	406.032379150391	183.844802856445	909.626342773438	219.255569458008	160.015350341797
4745	23.72	579.754028320312	408.104522705078	188.329391479492	923.3505859375	220.418151855469	153.695373535156
4746	23.725	574.905517578125	410.058074951172	192.674453735352	937.068664550781	221.329376220703	147.729446411133
4747	23.73	570.315063476562	412.066528320312	196.972229003906	950.715515136719	222.179351806641	142.072235107422
4748	23.735	565.915649414062	414.090637207031	201.20751953125	963.966003417969	222.772094726562	136.858016967773
4749	23.74	561.697692871094	416.109405517578	205.383239746094	977.061828613281	223.24462890625	131.996551513672
4750	23.745	557.604919433594	417.881927490234	209.281997680664	989.666259765625	223.574081420898	127.612243652344
4751	23.75	553.434265136719	419.818237304688	213.293548583984	1001.86431884766	224.000473022461	123.505348205566
4752	23.755	549.390747070312	421.719390869141	217.174453735352	1013.419921875	224.302673339844	119.911003112793
4753	23.76	545.220031738281	423.494079589844	221.221389770508	1024.17895507812	224.647186279297	116.823402404785
4754	23.765	540.765930175781	425.212524414062	225.521347045898	1033.97802734375	225.078674316406	114.240547180176
4755	23.77	536.357055664062	426.749572753906	230.012252807617	1042.83972167969	225.626907348633	111.991455078125
4756	23.775	531.998291015625	428.265747070312	234.722076416016	1050.69458007812	226.516906738281	109.876518249512
4757	23.78	527.907531738281	429.651611328125	239.536712646484	1057.25280761719	227.475448608398	108.101264953613
4758	23.785	524.216064453125	430.976318359375	244.394287109375	1062.7578125	228.533203125	106.198455810547
4759	23.79	521.007629394531	432.189422607422	249.202728271484	1067.2158203125	229.662628173828	104.087539672852
4760	23.795	518.214965820312	433.535003662109	254.061859130859	1070.42785644531	230.774185180664	101.789115905762
4761	23.8	515.837951660156	434.850158691406	258.914581298828	1072.67956542969	231.863861083984	99.18603515625
4762	23.805	513.975341796875	436.170166015625	263.676666259766	1073.78308105469	232.910217285156	96.3846588134766
4763	23.81	512.533813476562	437.522552490234	268.427612304688	1073.87463378906	233.941482543945	93.4266128540039
4764	23.815	511.613677978516	438.835205078125	273.048645019531	1072.97814941406	234.832046508789	90.7132415771484
4765	23.82	511.214202880859	440.103454589844	277.602844238281	1071.185546875	235.663604736328	88.6389770507812
4766	23.825	511.415466308594	441.330413818359	281.992858886719	1067.90234375	236.733016967773	86.2674179077148
4767	23.83	512.096252441406	442.520782470703	286.313507080078	1062.73181152344	238.039199829102	84.1577758789062
4768	23.835	513.410034179688	443.650146484375	290.475769042969	1055.35144042969	239.585357666016	82.5249557495117
4769	23.84	515.424865722656	444.665832519531	294.500549316406	1046.42407226562	240.971542358398	81.5625686645508
4770	23.845	518.132995605469	445.647613525391	298.335052490234	1035.81982421875	242.754135131836	81.1604843139648
4771	23.85	521.594604492188	446.341156005859	302.081512451172	1023.93103027344	244.501419067383	81.7313842773438
4772	23.855	525.769348144531	447.205169677734	305.575927734375	1013.38751220703	245.598754882812	83.1675796508789
4773	23.86	530.756408691406	447.985656738281	308.740905761719	1004.58087158203	246.351837158203	84.6285934448242
4774	23.865	536.470825195312	448.736572265625	311.708648681641	995.937866210938	246.93489074707	85.9019546508789
4775	23.87	542.825378417969	449.428405761719	314.29052734375	986.225341796875	247.639419555664	86.9174194335938
4776	23.875	549.734436035156	450.108917236328	316.583953857422	975.234802246094	248.259216308594	88.0679016113281
4777	23.88	557.064392089844	450.619598388672	318.456909179688	964.050842285156	248.588272094727	88.8731842041016
4778	23.885	564.845092773438	451.213745117188	320.030090332031	952.9677734375	248.639129638672	89.2056732177734
4779	23.89	572.948547363281	451.797088623047	321.163116455078	941.519348144531	248.715377807617	89.5267944335938
4780	23.895	581.386901855469	452.361968994141	321.832244873047	929.77001953125	248.853424072266	89.8921890258789
4781	23.9	589.975952148438	452.863983154297	322.037780761719	917.937377929688	249.119140625	90.1368560791016
4782	23.905	598.8291015625	453.499389648438	321.894653320312	906.020446777344	249.394638061523	90.4557952880859
4783	23.91	607.752807617188	454.150268554688	321.323944091797	893.970153808594	249.721466064453	90.8242721557617
4784	23.915	616.916931152344	454.843536376953	320.299163818359	881.859924316406	249.954177856445	91.202392578125
4785	23.92	626.151000976562	455.462371826172	318.840026855469	869.727722167969	250.174774169922	91.5380935668945
4786	23.925	635.494934082031	456.000213623047	316.983001708984	857.653930664062	250.251998901367	91.7311553955078
4787	23.93	644.88671875	456.642669677734	314.664581298828	845.454895019531	250.247787475586	92.2505950927734
4788	23.935	654.348022460938	456.920623779297	311.765411376953	833.304016113281	250.142944335938	92.7920150756836
4789	23.94	663.768432617188	457.297149658203	308.68798828125	821.177429199219	250.043869018555	93.4765777587891
4790	23.945	673.266723632812	457.675506591797	305.176849365234	809.1044921875	249.864028930664	94.3497467041016
4791	23.95	682.807983398438	457.818389892578	301.385314941406	797.105651855469	249.537673950195	95.3279571533203
4792	23.955	692.329833984375	458.029571533203	297.253570556641	785.433959960938	248.905120849609	96.4032287597656
4793	23.96	701.866638183594	458.076507568359	292.717956542969	773.342407226562	248.836441040039	97.735710144043
4794	23.965	711.430236816406	458.044311523438	287.945007324219	761.538757324219	248.254608154297	99.1496124267578
4795	23.97	721.076843261719	457.882263183594	282.855773925781	749.793395996094	247.697692871094	100.936187744141
4796	23.975	730.841247558594	457.512573242188	277.293518066406	738.691284179688	246.679946899414	102.829544067383
4797	23.98	740.646789550781	457.1171875	271.676239013672	726.910339355469	246.093536376953	105.469650268555
4798	23.985	750.630920410156	456.654296875	265.709686279297	715.886535644531	245.111755371094	108.114540100098
4799	23.99	760.65625	456.050354003906	259.529602050781	705.147827148438	244.023681640625	111.11930847168
4800	23.995	771.023010253906	455.395965576172	253.079132080078	694.696105957031	242.921936035156	114.422813415527
4801	24.0	781.584411621094	454.574737548828	246.389846801758	684.547546386719	241.720352172852	117.99040222168
4802	24.005	792.462707519531	453.596496582031	239.37370300293	674.751403808594	240.535659790039	121.886543273926
4803	24.01	803.579772949219	452.714752197266	232.279495239258	665.314025878906	239.176071166992	125.897743225098
4804	24.015	814.94775390625	451.768005371094	225.047897338867	656.321044921875	237.859176635742	130.147750854492
4805	24.02	826.564880371094	450.840179443359	217.668228149414	647.694274902344	236.483703613281	134.549758911133
4806	24.025	838.494873046875	449.936096191406	210.152130126953	639.41943359375	235.012359619141	139.047332763672
4807	24.03	850.649475097656	448.994262695312	202.629730224609	631.501586914062	233.577590942383	143.700942993164
4808	24.035	863.116943359375	448.060791015625	195.065505981445	624.255615234375	232.253372192383	148.139678955078
4809	24.04	875.677673339844	447.191314697266	187.586181640625	617.086059570312	230.763717651367	152.985366821289
4810	24.045	888.302368164062	446.59033203125	180.201019287109	610.339599609375	229.224227905273	157.901458740234
4811	24.05	901.576904296875	445.572387695312	172.804443359375	603.786804199219	227.671585083008	162.979217529297
4812	24.055	914.74609375	444.817108154297	165.662292480469	597.693664550781	226.231048583984	168.055862426758
4813	24.06	928.001037597656	444.049468994141	158.878829956055	591.803833007812	224.861328125	173.136291503906
4814	24.065	941.265930175781	443.060089111328	152.26708984375	586.285400390625	223.602920532227	178.232467651367
4815	24.07	954.400756835938	442.354370117188	146.228454589844	581.100463867188	222.450180053711	183.357452392578
4816	24.075	967.251708984375	441.582214355469	140.532638549805	576.170166015625	221.478012084961	188.419174194336
4817	24.08	979.778259277344	440.815246582031	135.204605102539	571.493408203125	220.827056884766	193.273284912109
4818	24.085	991.745666503906	439.954162597656	130.468231201172	567.029357910156	220.147766113281	197.984085083008
4819	24.09	1002.97888183594	439.147247314453	126.311561584473	562.637573242188	219.358810424805	202.658386230469
4820	24.095	1013.56506347656	438.244720458984	122.524085998535	558.304870605469	218.600708007812	207.207855224609
4821	24.1	1023.07495117188	437.288665771484	119.277633666992	554.141235351562	217.89030456543	211.567199707031
4822	24.105	1031.673828125	436.324554443359	116.46752166748	550.183532714844	217.164901733398	215.828338623047
4823	24.11	1039.23547363281	435.185913085938	114.025856018066	546.422241210938	216.504486083984	219.988708496094
4824	24.115	1045.82531738281	434.046447753906	111.962898254395	542.683349609375	215.867141723633	224.113189697266
4825	24.12	1051.09704589844	432.798065185547	110.223236083984	539.153930664062	215.281402587891	228.225173950195
4826	24.125	1055.54272460938	431.434204101562	108.30810546875	536.030578613281	215.005905151367	232.204696655273
4827	24.13	1058.7841796875	430.040405273438	106.473175048828	533.285827636719	214.50715637207	236.266296386719
4828	24.135	1061.08374023438	428.685150146484	104.471176147461	531.038879394531	214.176971435547	240.244827270508
4829	24.14	1062.40441894531	427.596099853516	102.446998596191	529.24267578125	213.843246459961	244.100616455078
4830	24.145	1062.94116210938	426.647766113281	100.133628845215	527.947814941406	213.573150634766	247.811080932617
4831	24.15	1062.69384765625	426.152160644531	97.7197494506836	527.042907714844	213.348876953125	251.339263916016
4832	24.155	1061.63073730469	425.999481201172	95.5833587646484	526.581359863281	213.115692138672	254.603378295898
4833	24.16	1059.48449707031	425.809844970703	93.9708862304688	526.485290527344	212.811019897461	257.711669921875
4834	24.165	1055.65637207031	425.424835205078	92.0567321777344	526.691589355469	212.542419433594	260.624267578125
4835	24.17	1048.57641601562	424.010650634766	91.0431747436523	527.235717773438	212.295333862305	263.286254882812
4836	24.175	1036.64880371094	422.199005126953	90.1056365966797	528.211364746094	212.078063964844	265.823883056641
4837	24.18	1022.37579345703	420.405639648438	89.4085464477539	529.657653808594	212.025970458984	268.075561523438
4838	24.185	1009.70941162109	419.781707763672	89.6336288452148	531.694580078125	211.868545532227	270.346343994141
4839	24.19	998.748657226562	419.364196777344	89.8593902587891	534.429382324219	211.719848632812	272.55859375
4840	24.195	988.794006347656	418.885375976562	90.8312606811523	537.905944824219	211.56315612793	274.640350341797
4841	24.2	978.549438476562	418.643859863281	92.0524826049805	542.232849121094	211.297653198242	276.626098632812
4842	24.205	967.665832519531	418.045989990234	93.5315093994141	547.2685546875	211.379867553711	278.412750244141
4843	24.21	956.482299804688	417.610473632812	94.9429779052734	552.873229980469	211.370742797852	280.017395019531
4844	24.215	945.549560546875	417.392395019531	96.1259231567383	559.140991210938	211.498504638672	281.372619628906
4845	24.22	935.055847167969	417.464141845703	97.1998825073242	565.778381347656	211.744247436523	282.545959472656
4846	24.225	924.248413085938	417.585754394531	97.7123260498047	572.783325195312	211.982238769531	283.520538330078
4847	24.23	913.0615234375	417.718688964844	97.931884765625	580.054626464844	212.304336547852	284.294464111328
4848	24.235	901.627258300781	417.611846923828	98.0339965820312	587.587280273438	212.699935913086	284.832000732422
4849	24.24	889.867370605469	417.459411621094	98.1599273681641	595.33251953125	213.074783325195	285.109405517578
4850	24.245	877.855163574219	417.151245117188	98.4090347290039	603.290588378906	213.529754638672	285.072601318359
4851	24.25	865.788513183594	416.867004394531	98.7802658081055	611.29248046875	214.019546508789	284.745910644531
4852	24.255	853.6572265625	416.650177001953	99.2486724853516	620.003540039062	214.130172729492	283.978851318359
4853	24.26	841.502563476562	416.443542480469	99.7402877807617	628.655517578125	214.512084960938	282.792144775391
4854	24.265	829.264221191406	416.382171630859	100.412467956543	637.453918457031	214.817764282227	281.122711181641
4855	24.27	817.115295410156	416.389465332031	101.148834228516	646.463562011719	215.111679077148	279.040710449219
4856	24.275	805.092895507812	416.43408203125	102.056159973145	655.569274902344	215.367492675781	276.515625
4857	24.28	793.178344726562	416.582489013672	103.162544250488	664.779418945312	215.64567565918	273.61767578125
4858	24.285	781.33544921875	416.838500976562	104.490531921387	674.16015625	215.915130615234	270.313354492188
4859	24.29	769.700317382812	417.160186767578	106.097183227539	683.67822265625	216.131896972656	266.703399658203
4860	24.295	758.360107421875	417.510772705078	107.965744018555	693.303283691406	216.315246582031	262.723297119141
4861	24.3	747.214050292969	417.966796875	110.131256103516	703.227844238281	216.485061645508	258.401885986328
4862	24.305	736.335815429688	418.461029052734	112.611633300781	713.148986816406	216.73567199707	253.795028686523
4863	24.31	725.848388671875	419.083404541016	115.416816711426	723.375549316406	216.836532592773	248.860061645508
4864	24.315	715.508972167969	419.755737304688	118.535552978516	733.839050292969	216.892028808594	243.66926574707
4865	24.32	705.555969238281	420.483154296875	121.899101257324	744.60693359375	216.888458251953	238.239105224609
4866	24.325	695.991943359375	421.348937988281	125.50545501709	755.65869140625	217.062194824219	232.569000244141
4867	24.33	686.702026367188	422.203521728516	129.307037353516	766.832214355469	217.03727722168	226.792495727539
4868	24.335	677.890747070312	423.042907714844	133.172775268555	778.284973144531	217.099212646484	220.856597900391
4869	24.34	669.332458496094	423.958221435547	137.343292236328	789.925354003906	216.995681762695	214.775863647461
4870	24.345	661.220092773438	424.900299072266	141.480163574219	802.0771484375	217.102478027344	208.648941040039
4871	24.35	653.38916015625	425.820526123047	145.785751342773	814.333740234375	216.954833984375	202.361358642578
4872	24.355	645.900695800781	426.824096679688	150.148834228516	827.084106445312	216.807739257812	195.981948852539
4873	24.36	638.725402832031	427.855102539062	154.549682617188	840.114990234375	216.663116455078	189.606842041016
4874	24.365	631.841125488281	428.809387207031	158.928100585938	853.325744628906	216.495407104492	183.134368896484
4875	24.37	625.249877929688	429.782135009766	163.356948852539	866.794738769531	216.093551635742	176.851913452148
4876	24.375	618.83056640625	430.781066894531	167.754653930664	880.830688476562	215.910354614258	170.41194152832
4877	24.38	612.723876953125	431.771545410156	172.147399902344	894.841857910156	215.36296081543	164.326538085938
4878	24.385	606.70849609375	432.756774902344	176.641387939453	909.060119628906	214.762680053711	158.333908081055
4879	24.39	601.077941894531	433.772247314453	181.14778137207	923.397033691406	214.047119140625	152.57373046875
4880	24.395	595.565185546875	434.760894775391	185.689254760742	937.738220214844	213.2724609375	147.277053833008
4881	24.4	590.495422363281	435.736541748047	190.250595092773	952.209411621094	212.458999633789	142.122161865234
4882	24.405	585.576904296875	436.749053955078	194.812744140625	966.546081542969	211.447006225586	137.377365112305
4883	24.41	580.98876953125	437.628112792969	199.304306030273	980.770080566406	210.636367797852	132.954803466797
4884	24.415	576.56591796875	438.330841064453	203.638900756836	994.648193359375	209.698654174805	128.974578857422
4885	24.42	572.336059570312	439.122711181641	208.099090576172	1008.04119873047	208.704925537109	125.587905883789
4886	24.425	568.126708984375	439.842193603516	212.425399780273	1020.88995361328	207.909149169922	122.509002685547
4887	24.43	563.930358886719	440.598999023438	216.818298339844	1032.99951171875	207.041732788086	119.888198852539
4888	24.435	559.753967285156	441.243316650391	221.257629394531	1044.30419921875	206.404067993164	117.674385070801
4889	24.44	555.221923828125	441.810424804688	225.951873779297	1054.546875	205.892242431641	115.805206298828
4890	24.445	550.863952636719	442.283599853516	230.857833862305	1063.732421875	205.614700317383	114.173789978027
4891	24.45	546.565307617188	442.601379394531	235.989212036133	1071.826171875	205.525985717773	112.746040344238
4892	24.455	542.571899414062	442.795257568359	241.280731201172	1078.76879882812	205.724456787109	111.387077331543
4893	24.46	538.977416992188	442.856689453125	246.671340942383	1084.40295410156	206.061462402344	109.973388671875
4894	24.465	535.853393554688	442.806701660156	252.10530090332	1088.95568847656	206.568084716797	108.358131408691
4895	24.47	533.155700683594	442.699279785156	257.569763183594	1092.26599121094	207.056823730469	106.49063873291
4896	24.475	530.949829101562	442.592895507812	263.017974853516	1094.51916503906	207.714889526367	104.324600219727
4897	24.48	529.248596191406	442.371276855469	268.457000732422	1095.59912109375	208.373748779297	101.972991943359
4898	24.485	528.064392089844	442.1591796875	273.885467529297	1095.62194824219	208.994186401367	99.4527435302734
4899	24.49	527.429565429688	441.900360107422	279.226654052734	1094.72973632812	209.638610839844	96.6993179321289
4900	24.495	527.298034667969	441.517639160156	284.492065429688	1092.91931152344	210.121215820312	93.8241195678711
4901	24.5	527.84326171875	441.144989013672	289.613098144531	1090.61840820312	210.637222290039	91.486213684082
4902	24.505	528.902221679688	440.672973632812	294.577972412109	1087.49963378906	211.101425170898	89.5358428955078
4903	24.51	530.720336914062	440.122161865234	299.357635498047	1082.98864746094	211.645584106445	86.9866714477539
4904	24.515	533.298522949219	439.436828613281	303.924011230469	1076.18444824219	211.913650512695	84.7129440307617
4905	24.52	536.298095703125	438.497619628906	308.409881591797	1067.80590820312	212.616760253906	83.0257949829102
4906	24.525	540.194274902344	437.635223388672	312.525573730469	1058.13586425781	213.195175170898	81.9935073852539
4907	24.53	544.659606933594	436.590942382812	316.373931884766	1046.36999511719	214.308792114258	81.7952270507812
4908	24.535	549.933776855469	435.655700683594	319.944152832031	1034.42199707031	215.430633544922	82.609130859375
4909	24.54	555.781921386719	434.688446044922	323.131683349609	1024.40869140625	215.946533203125	84.1486663818359
4910	24.545	562.26806640625	433.859222412109	326.016937255859	1015.47888183594	216.401473999023	85.3351058959961
4911	24.55	569.254760742188	433.010406494141	328.513244628906	1006.23919677734	216.810409545898	86.3030548095703
4912	24.555	576.620727539062	432.162139892578	330.63916015625	995.939514160156	217.273223876953	87.3634338378906
4913	24.56	584.333923339844	431.303863525391	332.426177978516	984.924255371094	217.669357299805	88.4214630126953
4914	24.565	592.26171875	430.499359130859	333.804595947266	973.947082519531	217.858459472656	88.9301452636719
4915	24.57	600.448852539062	429.769958496094	334.803161621094	962.852783203125	217.919860839844	89.1347732543945
4916	24.575	608.787170410156	429.050079345703	335.290832519531	951.28759765625	218.106201171875	89.2965469360352
4917	24.58	617.224243164062	428.473541259766	335.447540283203	939.393188476562	218.429016113281	89.3837203979492
4918	24.585	625.785827636719	427.978240966797	335.150970458984	927.596130371094	218.802581787109	89.4825210571289
4919	24.59	634.393310546875	427.479309082031	334.332550048828	915.642822265625	219.145629882812	89.695671081543
4920	24.595	643.059387207031	427.128204345703	333.057769775391	903.626892089844	219.479232788086	90.0709838867188
4921	24.6	651.764587402344	426.747467041016	331.314483642578	891.45751953125	219.569564819336	90.4802932739258
4922	24.605	660.646362304688	426.464111328125	329.063049316406	879.694274902344	219.9052734375	90.6342926025391
4923	24.61	669.386108398438	426.074859619141	326.416687011719	867.517883300781	219.881729125977	91.1465148925781
4924	24.615	678.331787109375	425.732299804688	323.295593261719	855.345520019531	219.915725708008	91.7587127685547
4925	24.62	687.141662597656	425.244781494141	319.757659912109	843.22314453125	219.887481689453	92.4833984375
4926	24.625	696.111022949219	424.82763671875	315.763092041016	831.170593261719	219.816009521484	93.3264541625977
4927	24.63	704.948669433594	424.275695800781	311.451599121094	819.235961914062	219.633041381836	94.2810211181641
4928	24.635	713.823974609375	423.681823730469	306.794189453125	807.340698242188	219.449462890625	95.389289855957
4929	24.64	722.703857421875	423.098571777344	301.822631835938	795.4853515625	219.142486572266	96.6729507446289
4930	24.645	731.59423828125	422.370452880859	296.537841796875	783.815063476562	218.836776733398	98.0359039306641
4931	24.65	740.588684082031	421.694274902344	290.947631835938	772.235229492188	218.33805847168	99.7264251708984
4932	24.655	749.637145996094	420.80126953125	285.079467773438	760.760559082031	217.727905273438	101.767669677734
4933	24.66	758.7958984375	419.830657958984	278.920684814453	749.711242675781	216.814651489258	104.023666381836
4934	24.665	768.114990234375	418.727844238281	272.587188720703	738.431091308594	216.082336425781	106.811325073242
4935	24.67	777.501159667969	417.665832519531	266.104949951172	727.767272949219	215.106307983398	109.70166015625
4936	24.675	787.145446777344	416.409759521484	259.320220947266	717.433044433594	214.192825317383	112.988700866699
4937	24.68	797.076599121094	415.1962890625	252.375366210938	707.3818359375	213.109893798828	116.543037414551
4938	24.685	807.268127441406	413.966125488281	245.221954345703	697.594177246094	212.065689086914	120.33812713623
4939	24.69	817.734252929688	412.499786376953	237.819076538086	688.168762207031	210.985885620117	124.335411071777
4940	24.695	828.504089355469	411.275939941406	230.338424682617	679.183715820312	209.854385375977	128.471771240234
4941	24.7	839.583374023438	410.054077148438	222.768737792969	670.577392578125	208.690063476562	132.752990722656
4942	24.705	850.895690917969	408.830963134766	215.085113525391	662.280517578125	207.377899169922	137.184066772461
4943	24.71	862.460632324219	407.734497070312	207.443084716797	654.434020996094	206.179107666016	141.711441040039
4944	24.715	874.339172363281	406.666839599609	199.763092041016	646.80615234375	204.789291381836	146.335174560547
4945	24.72	886.47607421875	405.824676513672	192.223327636719	639.442199707031	203.415390014648	150.986022949219
4946	24.725	898.817077636719	405.010894775391	184.722045898438	632.501708984375	202.118392944336	155.721038818359
4947	24.73	911.445556640625	404.259704589844	177.276519775391	625.745178222656	201.249404907227	160.523223876953
4948	24.735	924.284362792969	403.5830078125	169.99577331543	619.423889160156	199.981185913086	165.372772216797
4949	24.74	937.315551757812	403.205474853516	162.896408081055	613.325378417969	198.905181884766	170.183685302734
4950	24.745	950.385437011719	402.864898681641	156.100082397461	607.482971191406	197.90153503418	175.036346435547
4951	24.75	963.514526367188	402.751068115234	149.609848022461	601.925354003906	196.932495117188	179.921798706055
4952	24.755	976.534851074219	402.635101318359	143.590042114258	596.598815917969	196.058227539062	184.76286315918
4953	24.76	989.3095703125	402.712127685547	137.997848510742	591.478210449219	195.373977661133	189.510131835938
4954	24.765	1001.79388427734	402.6806640625	132.83137512207	586.553833007812	194.746978759766	194.133544921875
4955	24.77	1013.76379394531	402.751617431641	128.218658447266	581.806335449219	194.394409179688	198.530746459961
4956	24.775	1025.00366210938	402.725616455078	124.070976257324	577.058837890625	193.715560913086	203.034790039062
4957	24.78	1035.52624511719	402.690185546875	120.350601196289	572.351623535156	193.220932006836	207.424743652344
4958	24.785	1044.99328613281	402.576080322266	117.156410217285	567.74462890625	192.607391357422	211.830001831055
4959	24.79	1053.52734375	402.422912597656	114.297340393066	563.113647460938	192.197891235352	216.349472045898
4960	24.795	1061.00732421875	402.234649658203	111.892219543457	558.479309082031	191.926132202148	220.982986450195
4961	24.8	1067.46984863281	401.848876953125	109.735359191895	553.650146484375	191.625839233398	225.86848449707
4962	24.805	1072.9208984375	401.258361816406	107.739791870117	548.852111816406	191.468063354492	230.895950317383
4963	24.81	1077.04931640625	400.424407958984	105.984786987305	544.415466308594	191.47119140625	236.221817016602
4964	24.815	1080.05688476562	399.526550292969	104.221000671387	540.351379394531	191.858825683594	241.755081176758
4965	24.82	1081.78173828125	398.460662841797	102.404541015625	536.756469726562	191.990234375	247.331558227539
4966	24.825	1082.32409667969	397.493957519531	100.423187255859	533.738098144531	192.192657470703	252.986145019531
4967	24.83	1081.80517578125	396.515899658203	98.2604064941406	531.455810546875	192.316375732422	258.629577636719
4968	24.835	1080.34106445312	395.897369384766	96.0528411865234	529.9169921875	192.502792358398	264.23583984375
4969	24.84	1077.63806152344	395.278869628906	94.3639984130859	529.141967773438	192.543502807617	269.652130126953
4970	24.845	1073.57214355469	394.105163574219	93.3424682617188	528.954711914062	192.418334960938	274.913635253906
4971	24.85	1067.67858886719	392.428466796875	92.1075134277344	529.45166015625	192.185333251953	280.017974853516
4972	24.855	1057.91040039062	389.478179931641	91.2692947387695	530.593505859375	191.882141113281	284.738403320312
4973	24.86	1044.255859375	386.001159667969	89.9587326049805	532.387023925781	191.515090942383	289.288635253906
4974	24.865	1030.70776367188	383.182189941406	89.3455429077148	534.857604980469	191.168670654297	293.448486328125
4975	24.87	1018.87274169922	381.438262939453	89.1043243408203	538.17236328125	190.634429931641	297.423370361328
4976	24.875	1008.31451416016	380.192260742188	89.6919860839844	542.194030761719	190.140411376953	301.004913330078
4977	24.88	998.304321289062	379.549346923828	90.5780258178711	547.029479980469	189.70783996582	304.264099121094
4978	24.885	987.622314453125	379.028198242188	91.5329208374023	552.557739257812	189.248062133789	307.180725097656
4979	24.89	976.235473632812	378.806488037109	92.7778701782227	558.754760742188	188.83903503418	309.783203125
4980	24.895	964.751892089844	378.751159667969	93.7706451416016	565.429809570312	188.535140991211	311.9765625
4981	24.9	953.618408203125	379.028411865234	94.4383087158203	572.658508300781	188.331436157227	313.817810058594
4982	24.905	942.645080566406	379.538177490234	95.1246185302734	580.157653808594	188.27262878418	315.283874511719
4983	24.91	931.374389648438	380.35498046875	95.8256683349609	587.621276855469	188.597518920898	316.369537353516
4984	24.915	919.903259277344	380.811584472656	96.1918334960938	596.184631347656	188.40788269043	316.866180419922
4985	24.92	908.318237304688	381.14892578125	96.6754913330078	604.364013671875	188.399124145508	317.089111328125
4986	24.925	896.643188476562	381.350952148438	97.1115112304688	612.642211914062	188.541000366211	316.800079345703
4987	24.93	884.810668945312	381.406372070312	97.5831680297852	621.272705078125	188.448028564453	316.0576171875
4988	24.935	872.84375	381.527191162109	98.2016754150391	629.907592773438	188.467163085938	314.847442626953
4989	24.94	860.8857421875	381.583404541016	98.7572937011719	638.645568847656	188.557403564453	313.121490478516
4990	24.945	848.917419433594	381.650482177734	99.4455718994141	647.55908203125	188.590942382812	310.865081787109
4991	24.95	836.956665039062	381.731842041016	100.312309265137	656.425354003906	188.738998413086	308.208404541016
4992	24.955	825.058715820312	381.8330078125	101.297698974609	665.382385253906	188.853973388672	305.161010742188
4993	24.96	813.222839355469	381.953369140625	102.429061889648	674.388610839844	189.069244384766	301.674865722656
4994	24.965	801.452209472656	382.054901123047	103.69140625	683.323608398438	189.355453491211	297.8310546875
4995	24.97	789.786193847656	382.290985107422	105.208786010742	692.448486328125	189.756225585938	293.637298583984
4996	24.975	778.313842773438	382.563262939453	107.030578613281	701.567260742188	190.229248046875	289.089324951172
4997	24.98	767.107299804688	382.798126220703	109.062042236328	710.845458984375	190.907943725586	284.241424560547
4998	24.985	756.028015136719	383.20166015625	111.394325256348	720.296081542969	191.591049194336	279.122253417969
4999	24.99	745.296813964844	383.560424804688	114.061721801758	729.772583007812	192.386993408203	273.706909179688
5000	24.995	734.69970703125	384.067230224609	116.986183166504	739.415222167969	193.271713256836	268.028961181641
5001	25.0	724.438903808594	384.59228515625	120.149742126465	749.435607910156	194.16862487793	262.143402099609
5002	25.005	714.497802734375	385.220275878906	123.591606140137	759.531799316406	195.248779296875	256.025695800781
5003	25.01	704.845153808594	385.947570800781	127.28524017334	769.79638671875	196.200225830078	249.696273803711
5004	25.015	695.553100585938	386.729461669922	131.094818115234	780.326477050781	197.388748168945	243.274856567383
5005	25.02	686.577270507812	387.442718505859	135.009292602539	791.034423828125	198.55549621582	236.679382324219
5006	25.025	677.971801757812	388.388244628906	139.126281738281	801.692321777344	199.476119995117	230.11328125
5007	25.03	669.641662597656	389.402557373047	143.266708374023	813.183471679688	200.871231079102	223.238052368164
5008	25.035	661.689086914062	390.472351074219	147.525726318359	824.875183105469	202.139556884766	216.326950073242
5009	25.04	653.956420898438	391.727661132812	151.881820678711	836.766357421875	203.274612426758	209.370971679688
5010	25.045	646.565612792969	392.884887695312	156.20751953125	849.069458007812	204.705749511719	202.212417602539
5011	25.05	639.482055664062	394.193084716797	160.577087402344	861.560302734375	205.671005249023	195.145538330078
5012	25.055	632.599792480469	395.495574951172	164.910018920898	874.454345703125	206.665420532227	188.154251098633
5013	25.06	625.899047851562	396.764862060547	169.254928588867	887.460998535156	207.459533691406	181.333557128906
5014	25.065	619.480163574219	398.139099121094	173.602722167969	900.859252929688	208.215698242188	174.467834472656
5015	25.07	613.189880371094	399.427001953125	177.988128662109	914.50146484375	208.753173828125	167.748123168945
5016	25.075	607.150390625	400.7509765625	182.324493408203	928.235107421875	209.201751708984	161.146591186523
5017	25.08	601.33349609375	401.999786376953	186.764389038086	942.139221191406	209.476181030273	154.777404785156
5018	25.085	595.80810546875	403.296142578125	191.12629699707	956.088256835938	209.60578918457	148.71501159668
5019	25.09	590.420593261719	404.507141113281	195.497924804688	970.067077636719	209.677169799805	142.890029907227
5020	25.095	585.2490234375	405.640869140625	199.838821411133	983.875732421875	209.541275024414	137.443496704102
5021	25.1	580.1796875	406.781951904297	204.210113525391	997.46728515625	209.270965576172	132.32177734375
5022	25.105	575.201599121094	407.824432373047	208.567123413086	1010.66961669922	208.827758789062	127.641983032227
5023	25.11	570.297485351562	408.863616943359	212.921646118164	1023.44616699219	208.354507446289	123.417755126953
5024	25.115	565.429321289062	409.809356689453	217.323776245117	1035.65454101562	207.700805664062	119.654716491699
5025	25.12	560.50634765625	410.668731689453	221.786254882812	1047.12487792969	207.189987182617	116.353462219238
5026	25.125	555.219665527344	411.371765136719	226.580856323242	1057.63305664062	206.698974609375	113.568496704102
5027	25.13	549.992309570312	412.087646484375	231.545425415039	1067.16662597656	206.349960327148	111.089553833008
5028	25.135	544.807983398438	412.618621826172	236.665267944336	1075.58251953125	206.266265869141	109.015769958496
5029	25.14	539.955383300781	413.115356445312	242.01904296875	1082.70666503906	206.246368408203	107.073318481445
5030	25.145	535.489379882812	413.546081542969	247.415969848633	1088.77856445312	206.422317504883	105.170791625977
5031	25.15	531.598205566406	413.869842529297	252.854248046875	1093.71179199219	206.636001586914	103.187492370605
5032	25.155	528.118347167969	414.322967529297	258.378356933594	1097.56066894531	206.905532836914	101.079612731934
5033	25.16	525.211730957031	414.814575195312	263.85498046875	1100.21801757812	206.942855834961	98.7152786254883
5034	25.165	522.850708007812	415.388702392578	269.343505859375	1101.81481933594	207.079147338867	96.1449508666992
5035	25.17	521.134643554688	415.921020507812	274.732543945312	1102.36608886719	207.011871337891	93.3559265136719
5036	25.175	519.989440917969	416.560638427734	280.025177001953	1101.86975097656	206.799987792969	90.9946746826172
5037	25.18	519.591064453125	417.164642333984	285.198089599609	1100.37524414062	206.618408203125	89.1334381103516
5038	25.185	519.764221191406	417.829040527344	290.235473632812	1097.04516601562	206.815628051758	86.9776306152344
5039	25.19	520.654663085938	418.396087646484	295.058135986328	1091.6259765625	207.285232543945	84.8042602539062
5040	25.195	522.157836914062	418.738128662109	299.821929931641	1083.52270507812	208.076568603516	83.4203033447266
5041	25.2	524.468872070312	419.282379150391	304.412658691406	1073.62121582031	209.041732788086	82.620002746582
5042	25.205	527.509582519531	419.791778564453	308.762817382812	1062.30871582031	210.513107299805	82.3709030151367
5043	25.21	531.370666503906	420.264801025391	312.872589111328	1050.34643554688	211.916778564453	83.1459426879883
5044	25.215	535.881042480469	420.698120117188	316.724365234375	1040.33813476562	212.74967956543	84.7473373413086
5045	25.22	541.254516601562	421.209564208984	320.3642578125	1031.94555664062	213.469192504883	86.5077285766602
5046	25.225	547.271484375	421.626525878906	323.708251953125	1023.46313476562	214.023040771484	88.1386795043945
5047	25.23	553.996154785156	422.005676269531	326.708435058594	1013.89691162109	214.92024230957	89.5415344238281
5048	25.235	561.283874511719	422.319396972656	329.416748046875	1003.27130126953	215.888778686523	90.7386932373047
5049	25.24	569.072998046875	422.556182861328	331.697235107422	992.412231445312	216.583221435547	91.4808807373047
5050	25.245	577.253479003906	422.833648681641	333.675018310547	981.5986328125	217.154144287109	91.7970962524414
5051	25.25	585.797973632812	423.134216308594	335.245452880859	970.421142578125	217.553298950195	92.054313659668
5052	25.255	594.667236328125	423.381958007812	336.255218505859	958.89794921875	217.906036376953	92.2167282104492
5053	25.26	603.657897949219	423.780792236328	336.944274902344	947.078796386719	218.246688842773	92.2551803588867
5054	25.265	612.834655761719	424.249816894531	337.196411132812	935.101684570312	218.508850097656	92.5551910400391
5055	25.27	622.164245605469	424.666015625	336.96484375	923.120483398438	218.785598754883	92.8058776855469
5056	25.275	631.576721191406	425.198181152344	336.294281005859	910.913391113281	218.957534790039	93.2256774902344
5057	25.28	641.257568359375	425.640197753906	335.154754638672	898.632995605469	219.045272827148	93.6033020019531
5058	25.285	650.922790527344	426.103668212891	333.609558105469	886.36181640625	219.091522216797	94.0986709594727
5059	25.29	660.680786132812	426.518188476562	331.554779052734	874.208679199219	218.980010986328	94.4286193847656
5060	25.295	670.408447265625	426.827545166016	329.090881347656	861.978332519531	218.776412963867	94.9639358520508
5061	25.3	680.142944335938	427.085845947266	326.174468994141	849.743469238281	218.48356628418	95.6230392456055
5062	25.305	689.892333984375	427.341339111328	322.88720703125	837.6171875	218.087707519531	96.4075622558594
5063	25.31	699.567932128906	427.376129150391	319.249664306641	825.595458984375	217.59391784668	97.2995452880859
5064	25.315	709.227233886719	427.491363525391	315.229736328125	813.628234863281	217.051254272461	98.3801345825195
5065	25.32	718.841247558594	427.336547851562	310.84814453125	801.683349609375	216.358535766602	99.6988372802734
5066	25.325	728.463073730469	427.017242431641	305.932464599609	789.980773925781	215.725631713867	101.248085021973
5067	25.33	738.247436523438	426.719177246094	300.936157226562	778.427551269531	214.899307250977	103.136154174805
5068	25.335	747.956298828125	426.354766845703	295.680328369141	766.834411621094	214.061111450195	105.363616943359
5069	25.34	757.850952148438	425.888610839844	290.115753173828	755.581726074219	213.194946289062	107.90323638916
5070	25.345	767.814636230469	425.2783203125	284.340179443359	744.755126953125	212.162063598633	110.654739379883
5071	25.35	778.007019042969	424.544677734375	278.209869384766	733.857971191406	211.366424560547	113.799530029297
5072	25.355	788.383422851562	423.709930419922	271.873321533203	723.457824707031	210.463043212891	117.146369934082
5073	25.36	798.999877929688	422.769134521484	265.333312988281	713.250244140625	209.551284790039	120.877731323242
5074	25.365	809.72265625	421.663330078125	258.637512207031	703.373474121094	208.530670166016	124.880195617676
5075	25.37	820.73974609375	420.362457275391	251.626037597656	693.964111328125	207.523147583008	128.900146484375
5076	25.375	831.953979492188	419.103973388672	244.522033691406	684.810424804688	206.566848754883	133.137084960938
5077	25.38	843.317626953125	417.751037597656	237.303970336914	676.056640625	205.534027099609	137.445129394531
5078	25.385	854.950256347656	416.261444091797	229.900848388672	667.825134277344	204.731216430664	141.449829101562
5079	25.39	866.831481933594	414.972534179688	222.427444458008	659.624572753906	203.659973144531	146.060516357422
5080	25.395	879.00146484375	413.466400146484	214.840301513672	651.896423339844	202.561874389648	150.699417114258
5081	25.4	891.359252929688	412.023803710938	207.218566894531	644.446594238281	201.497497558594	155.586013793945
5082	25.405	903.84716796875	410.661499023438	199.690902709961	637.292785644531	200.245162963867	160.566665649414
5083	25.41	916.731567382812	409.279083251953	192.082794189453	630.455810546875	199.121551513672	165.638931274414
5084	25.415	929.795715332031	407.832824707031	184.530670166016	623.967346191406	198.207962036133	170.690628051758
5085	25.42	943.016418457031	406.587677001953	177.174133300781	617.773803710938	197.193008422852	175.786117553711
5086	25.425	956.469970703125	405.310424804688	169.956634521484	611.845886230469	196.274154663086	180.958709716797
5087	25.43	969.855041503906	404.187225341797	163.217315673828	606.190673828125	195.459869384766	186.153411865234
5088	25.435	983.2138671875	403.014373779297	156.63410949707	600.638244628906	194.721557617188	191.323669433594
5089	25.44	996.408630371094	402.002380371094	150.48161315918	595.370544433594	194.070053100586	196.359741210938
5090	25.445	1009.24719238281	400.902252197266	144.65104675293	590.166320800781	193.555725097656	201.420394897461
5091	25.45	1021.72491455078	399.988403320312	139.269760131836	585.075988769531	193.27360534668	206.377044677734
5092	25.455	1033.45629882812	398.922393798828	134.451416015625	579.725402832031	192.954772949219	211.530685424805
5093	25.46	1044.396484375	397.865905761719	130.137145996094	574.158752441406	192.725250244141	216.797821044922
5094	25.465	1054.37927246094	396.712463378906	126.308120727539	568.214599609375	192.6123046875	222.1650390625
5095	25.47	1063.21752929688	395.555358886719	122.974128723145	562.079467773438	192.589630126953	227.742431640625
5096	25.475	1071.07568359375	394.314636230469	119.985038757324	556.061462402344	192.670211791992	233.479873657227
5097	25.48	1077.71301269531	392.998077392578	117.518569946289	550.269348144531	192.794143676758	239.390502929688
5098	25.485	1083.48132324219	391.611236572266	115.233467102051	544.943115234375	192.930068969727	245.401458740234
5099	25.49	1088.18713378906	390.087860107422	113.175750732422	540.093383789062	193.157333374023	251.543579101562
5100	25.495	1091.74694824219	388.547027587891	111.183334350586	535.9052734375	193.208221435547	257.75048828125
5101	25.5	1094.37817382812	386.931182861328	109.030822753906	532.32373046875	193.192184448242	264.000915527344
5102	25.505	1096.05603027344	385.305572509766	106.747222900391	529.374267578125	193.053100585938	270.224731445312
5103	25.51	1096.7333984375	383.797393798828	104.324821472168	527.0400390625	192.798370361328	276.409729003906
5104	25.515	1096.78649902344	382.376251220703	101.637657165527	525.291748046875	192.42073059082	282.5615234375
5105	25.52	1095.99450683594	381.180999755859	98.7506103515625	524.186218261719	191.963088989258	288.534942626953
5106	25.525	1094.5439453125	380.202331542969	95.8380355834961	523.694152832031	191.44010925293	294.473785400391
5107	25.53	1091.9892578125	379.025054931641	93.8665237426758	523.818420410156	191.007049560547	300.066741943359
5108	25.535	1087.74914550781	376.990234375	92.2600326538086	524.535034179688	190.40934753418	305.609619140625
5109	25.54	1078.99633789062	374.406982421875	91.3703384399414	526.035766601562	189.803802490234	310.912841796875
5110	25.545	1065.05065917969	371.478637695312	90.0509262084961	528.118774414062	189.226150512695	316.045349121094
5111	25.55	1051.70654296875	370.018920898438	89.565673828125	530.982055664062	188.679504394531	320.909576416016
5112	25.555	1040.13610839844	369.337066650391	89.4150161743164	534.740051269531	188.102569580078	325.521667480469
5113	25.56	1029.68579101562	368.807006835938	90.1182098388672	539.26806640625	187.508087158203	329.885406494141
5114	25.565	1019.69567871094	368.388641357422	91.0778121948242	544.624145507812	186.921508789062	333.910858154297
5115	25.57	1008.72424316406	367.923980712891	92.2986373901367	550.682189941406	186.458984375	337.600494384766
5116	25.575	997.213012695312	367.834350585938	93.6912002563477	557.405151367188	186.021987915039	340.904632568359
5117	25.58	985.606079101562	367.908020019531	94.720329284668	564.654113769531	185.612457275391	343.785125732422
5118	25.585	974.591430664062	368.597473144531	95.5143966674805	572.412170410156	185.317459106445	346.135284423828
5119	25.59	963.500366210938	369.606689453125	96.3263778686523	580.377319335938	185.152709960938	348.068603515625
5120	25.595	952.098815917969	370.644104003906	96.8289184570312	588.67626953125	184.907653808594	349.476898193359
5121	25.6	940.658813476562	371.469604492188	97.0416488647461	597.494750976562	184.297332763672	350.287017822266
5122	25.605	928.909118652344	372.115905761719	97.3722686767578	606.173767089844	184.153869628906	350.568511962891
5123	25.61	917.116455078125	372.386322021484	97.586540222168	614.535339355469	184.269424438477	350.388854980469
5124	25.615	905.083557128906	372.439910888672	98.0604705810547	623.929321289062	183.411865234375	349.592041015625
5125	25.62	893.085205078125	372.314849853516	98.5551834106445	632.852294921875	183.122863769531	348.348327636719
5126	25.625	881.046813964844	372.168243408203	99.1012420654297	641.964904785156	183.01350402832	346.528839111328
5127	25.63	868.998107910156	372.046661376953	99.8655166625977	651.030456542969	182.75471496582	344.246307373047
5128	25.635	856.927429199219	371.875579833984	100.727691650391	660.111938476562	182.571640014648	341.47265625
5129	25.64	844.96630859375	371.807312011719	101.720603942871	669.283081054688	182.410308837891	338.255950927734
5130	25.645	833.1259765625	371.692169189453	102.859619140625	678.458190917969	182.494049072266	334.561279296875
5131	25.65	821.349426269531	371.682739257812	104.220718383789	687.498962402344	182.515731811523	330.485412597656
5132	25.655	809.76123046875	371.635620117188	105.851737976074	696.676513671875	182.638946533203	326.017639160156
5133	25.66	798.421813964844	371.787445068359	107.767883300781	705.898132324219	182.80029296875	321.223114013672
5134	25.665	787.2744140625	371.91650390625	110.011871337891	715.094177246094	183.257705688477	316.092407226562
5135	25.67	776.403625488281	372.225646972656	112.646835327148	724.42236328125	183.718017578125	310.641845703125
5136	25.675	765.863952636719	372.581359863281	115.489593505859	733.907531738281	184.291717529297	304.874237060547
5137	25.68	755.605529785156	373.174041748047	118.627426147461	743.513000488281	184.978424072266	298.800842285156
5138	25.685	745.643676757812	373.903137207031	122.080558776855	753.334838867188	185.775741577148	292.454528808594
5139	25.69	735.968933105469	374.734924316406	125.768249511719	763.386352539062	186.64860534668	285.861938476562
5140	25.695	726.662841796875	375.691711425781	129.652526855469	773.691162109375	187.700576782227	279.007995605469
5141	25.7	717.634460449219	376.824584960938	133.686416625977	784.271057128906	188.702209472656	271.929046630859
5142	25.705	709.100280761719	378.027130126953	137.897018432617	794.912170410156	189.755065917969	264.643035888672
5143	25.71	700.828125	379.371856689453	142.228775024414	805.7880859375	190.951385498047	257.217163085938
5144	25.715	692.99658203125	380.764038085938	146.652755737305	817.03564453125	192.13818359375	249.49609375
5145	25.72	685.494567871094	382.190551757812	151.174819946289	828.506652832031	193.508560180664	241.693252563477
5146	25.725	678.338012695312	383.647521972656	155.759475708008	840.208068847656	194.786880493164	233.754638671875
5147	25.73	671.522155761719	385.171783447266	160.370452880859	852.20556640625	196.058349609375	225.790298461914
5148	25.735	665.077575683594	386.648712158203	165.029067993164	864.4951171875	197.299774169922	217.758987426758
5149	25.74	658.850891113281	388.256134033203	169.706909179688	876.469665527344	198.1484375	210.117416381836
5150	25.745	653.020202636719	389.847045898438	174.39762878418	889.72802734375	199.576278686523	201.760696411133
5151	25.75	647.385375976562	391.448944091797	179.136779785156	902.854675292969	200.468063354492	193.844451904297
5152	25.755	642.1328125	393.051300048828	183.931747436523	916.2119140625	201.343368530273	185.954162597656
5153	25.76	637.044738769531	394.613098144531	188.734512329102	929.659606933594	201.970825195312	178.348251342773
5154	25.765	632.224792480469	396.140991210938	193.607681274414	943.39697265625	202.528762817383	170.845077514648
5155	25.77	627.548767089844	397.629791259766	198.391326904297	957.197082519531	202.934982299805	163.667709350586
5156	25.775	623.017272949219	399.075286865234	203.209808349609	971.020874023438	203.16194152832	156.771118164062
5157	25.78	618.48095703125	400.518951416016	207.97981262207	984.77099609375	203.264511108398	150.251907348633
5158	25.785	613.995056152344	401.815277099609	212.584671020508	998.293212890625	203.269226074219	144.127883911133
5159	25.79	609.322387695312	403.225250244141	217.385070800781	1011.45739746094	203.070083618164	138.406158447266
5160	25.795	604.23388671875	404.541625976562	222.362915039062	1024.13037109375	202.725204467773	133.274368286133
5161	25.8	599.0380859375	405.730407714844	227.561904907227	1036.32446289062	202.28955078125	128.585556030273
5162	25.805	593.905578613281	406.816467285156	232.919982910156	1047.74169921875	201.799194335938	124.563171386719
5163	25.81	588.924133300781	407.854736328125	238.378952026367	1058.41198730469	201.435089111328	121.052787780762
5164	25.815	584.330749511719	408.811584472656	243.902969360352	1067.96997070312	201.097732543945	118.190933227539
5165	25.82	580.067687988281	409.742248535156	249.450607299805	1076.25	201.143127441406	115.874061584473
5166	25.825	576.310180664062	410.708190917969	254.962249755859	1083.71081542969	201.462463378906	113.722862243652
5167	25.83	572.955383300781	411.645477294922	260.436706542969	1090.01354980469	201.924728393555	111.586853027344
5168	25.835	570.006713867188	412.688873291016	265.936676025391	1095.17114257812	202.516372680664	109.350532531738
5169	25.84	567.714721679688	413.755950927734	271.330200195312	1099.13110351562	203.030471801758	106.939064025879
5170	25.845	565.894653320312	414.686645507812	276.567443847656	1102.08032226562	203.596069335938	104.22730255127
5171	25.85	564.644165039062	415.647338867188	281.789733886719	1103.89953613281	204.019927978516	101.341743469238
5172	25.855	563.952758789062	416.581665039062	286.90673828125	1104.90222167969	204.456039428711	98.2295837402344
5173	25.86	563.823669433594	417.443908691406	291.931976318359	1104.65026855469	204.741638183594	94.9809265136719
5174	25.865	564.239135742188	418.267456054688	296.844818115234	1103.49279785156	204.868133544922	91.7407913208008
5175	25.87	565.161499023438	418.954437255859	301.611175537109	1101.45568847656	204.749084472656	89.2573165893555
5176	25.875	566.65478515625	419.624786376953	306.280731201172	1098.21508789062	204.896789550781	87.014518737793
5177	25.88	568.699340820312	420.166320800781	310.767242431641	1093.21716308594	205.602584838867	84.5200881958008
5178	25.885	571.19921875	420.631103515625	315.170715332031	1086.04846191406	206.927932739258	82.6492538452148
5179	25.89	574.333312988281	420.817047119141	319.389099121094	1077.20617675781	208.296813964844	81.5172958374023
5180	25.895	578.101379394531	421.173736572266	323.387329101562	1066.07092285156	210.133499145508	81.0766754150391
5181	25.9	582.483337402344	421.424224853516	327.168487548828	1053.662109375	212.100006103516	81.6251907348633
5182	25.905	587.543518066406	421.630279541016	330.561462402344	1043.06958007812	213.120666503906	83.234130859375
5183	25.91	593.332641601562	421.953186035156	333.652130126953	1034.16967773438	213.767166137695	84.814811706543
5184	25.915	599.884887695312	422.253021240234	336.309753417969	1025.37841796875	214.221542358398	86.2646560668945
5185	25.92	606.956115722656	422.396362304688	338.469848632812	1015.48156738281	214.590744018555	87.5501937866211
5186	25.925	614.479858398438	422.619201660156	340.269836425781	1004.56433105469	215.036666870117	88.9773025512695
5187	25.93	622.432067871094	422.762573242188	341.545349121094	993.538635253906	215.155334472656	89.9971313476562
5188	25.935	630.652954101562	422.8642578125	342.440948486328	982.632690429688	215.003280639648	90.4863891601562
5189	25.94	639.104309082031	422.906494140625	342.876800537109	971.331726074219	214.83219909668	90.8258361816406
5190	25.945	647.681701660156	423.021850585938	342.899017333984	959.613647460938	214.763885498047	91.0371780395508
5191	25.95	656.3759765625	423.138702392578	342.480895996094	947.721923828125	214.945770263672	90.9906539916992
5192	25.955	665.180541992188	423.324157714844	341.648864746094	935.732666015625	215.097640991211	91.1190567016602
5193	25.96	674.093811035156	423.490356445312	340.417266845703	923.650329589844	215.445587158203	91.4587249755859
5194	25.965	683.098083496094	423.716156005859	338.736633300781	911.667236328125	215.88493347168	91.9223861694336
5195	25.97	692.209899902344	423.890014648438	336.545013427734	899.484191894531	216.100646972656	92.1763305664062
5196	25.975	701.345947265625	424.003387451172	333.980255126953	887.258117675781	216.171768188477	92.758903503418
5197	25.98	710.5419921875	424.109466552734	330.913269042969	875.000305175781	216.226287841797	93.3160629272461
5198	25.985	719.640563964844	423.926788330078	327.224700927734	862.743835449219	216.015182495117	94.0338134765625
5199	25.99	728.730895996094	423.915771484375	323.477966308594	850.578430175781	215.797180175781	94.8330230712891
5200	25.995	737.799682617188	423.759185791016	319.175659179688	838.472961425781	215.455505371094	95.8004913330078
5201	26.0	746.85791015625	423.553558349609	314.624969482422	826.550537109375	215.058212280273	96.900634765625
5202	26.005	755.855529785156	423.274475097656	309.747283935547	814.739318847656	214.580276489258	98.1996154785156
5203	26.01	764.890869140625	422.862274169922	304.448181152344	803.076721191406	214.009231567383	99.747444152832
5204	26.015	773.974975585938	422.414245605469	298.864807128906	791.573181152344	213.317245483398	101.638427734375
5205	26.02	783.193786621094	421.865020751953	293.0	780.205139160156	212.456726074219	103.917434692383
5206	26.025	792.615783691406	421.167602539062	286.723236083984	769.073669433594	211.528717041016	106.470924377441
5207	26.03	802.177062988281	420.354614257812	280.260498046875	758.270324707031	210.499465942383	109.271263122559
5208	26.035	811.922912597656	419.470520019531	273.526031494141	747.734558105469	209.268524169922	112.440536499023
5209	26.04	821.8779296875	418.489044189453	266.567199707031	737.676940917969	207.705078125	115.904800415039
5210	26.045	832.184509277344	417.437438964844	259.359771728516	727.335266113281	206.628082275391	119.759719848633
5211	26.05	842.603759765625	416.304504394531	252.017181396484	717.790405273438	205.014419555664	123.785675048828
5212	26.055	853.335632324219	414.919616699219	244.363052368164	708.824890136719	204.111236572266	127.235977172852
5213	26.06	864.285461425781	413.761627197266	236.669906616211	699.957214355469	202.579803466797	131.46484375
5214	26.065	875.342529296875	412.684143066406	228.853591918945	691.566650390625	201.007736206055	135.823959350586
5215	26.07	887.201293945312	411.265930175781	220.840454101562	683.58837890625	199.258712768555	140.357711791992
5216	26.075	898.9765625	410.057006835938	212.897277832031	675.613830566406	197.898071289062	144.944900512695
5217	26.08	911.076538085938	408.841247558594	204.921020507812	668.239318847656	196.231185913086	149.629257202148
5218	26.085	923.25439453125	407.599273681641	197.05046081543	661.169128417969	194.579345703125	154.446929931641
5219	26.09	935.695922851562	406.386322021484	189.208770751953	654.446533203125	193.010101318359	159.213104248047
5220	26.095	948.312194824219	405.159790039062	181.534240722656	648.018432617188	191.349166870117	164.190231323242
5221	26.1	960.982788085938	404.01806640625	174.074920654297	641.8427734375	189.790634155273	169.097152709961
5222	26.105	973.826477050781	402.889251708984	166.8203125	635.959655761719	188.200225830078	174.073608398438
5223	26.11	986.630798339844	401.736907958984	159.880218505859	630.397888183594	186.896896362305	178.925338745117
5224	26.115	999.622985839844	400.721069335938	153.292205810547	625.076782226562	185.603118896484	183.944519042969
5225	26.12	1012.31335449219	399.670593261719	147.089431762695	620.01123046875	184.363906860352	188.95393371582
5226	26.125	1024.75659179688	398.689208984375	141.386596679688	615.190734863281	183.335388183594	193.944763183594
5227	26.13	1036.79284667969	397.687927246094	136.208023071289	610.458435058594	182.413803100586	198.889999389648
5228	26.135	1048.14660644531	396.662384033203	131.536529541016	605.855346679688	181.704711914062	203.766128540039
5229	26.14	1058.67846679688	395.616973876953	127.398742675781	601.274719238281	181.165496826172	208.482849121094
5230	26.145	1068.09204101562	394.451507568359	123.795280456543	596.690246582031	180.638473510742	213.249313354492
5231	26.15	1076.54956054688	393.198577880859	120.592277526855	591.981750488281	180.196762084961	218.076889038086
5232	26.155	1084.03466796875	391.966705322266	117.840408325195	586.963317871094	179.984283447266	223.007873535156
5233	26.16	1090.47082519531	390.657836914062	115.454544067383	581.628723144531	179.820434570312	228.092193603516
5234	26.165	1095.94934082031	389.272491455078	113.273971557617	576.396118164062	179.772003173828	233.246246337891
5235	26.17	1100.38122558594	387.86328125	111.31721496582	571.353454589844	179.804229736328	238.542633056641
5236	26.175	1103.74291992188	386.417144775391	109.329406738281	566.596069335938	180.285140991211	243.972579956055
5237	26.18	1106.11999511719	384.970733642578	107.202140808105	562.370483398438	180.446807861328	249.461410522461
5238	26.185	1107.72143554688	383.5361328125	104.893257141113	558.765014648438	180.694091796875	254.937316894531
5239	26.19	1108.40173339844	382.359893798828	102.392135620117	555.743835449219	180.890518188477	260.466369628906
5240	26.195	1108.24609375	381.326141357422	99.7919921875	553.263000488281	181.074264526367	265.959716796875
5241	26.2	1107.41088867188	380.530303955078	96.8937683105469	551.374084472656	181.197311401367	271.392761230469
5242	26.205	1105.56884765625	379.994232177734	94.5762252807617	550.138061523438	181.314559936523	276.697265625
5243	26.21	1102.52661132812	378.782806396484	92.9911880493164	549.529724121094	181.477966308594	281.846435546875
5244	26.215	1096.61047363281	376.710266113281	91.7668685913086	549.476135253906	181.490341186523	286.964477539062
5245	26.22	1085.08862304688	373.905822753906	90.638801574707	550.117065429688	181.603240966797	291.897125244141
5246	26.225	1070.85217285156	371.501129150391	89.7790222167969	551.447631835938	181.709442138672	296.692657470703
5247	26.23	1058.27770996094	370.353973388672	89.4208145141602	553.515380859375	181.776702880859	301.311614990234
5248	26.235	1047.03552246094	369.497100830078	89.6735534667969	556.420959472656	181.83430480957	305.785034179688
5249	26.24	1037.04919433594	368.854583740234	90.615104675293	560.22314453125	181.976150512695	309.973236083984
5250	26.245	1026.76916503906	368.256744384766	91.7461318969727	564.832763671875	182.01203918457	314.011688232422
5251	26.25	1015.58734130859	367.838958740234	93.1691665649414	570.2958984375	182.201309204102	317.682952880859
5252	26.255	1003.99926757812	367.649719238281	94.4697799682617	576.27392578125	182.615524291992	321.050231933594
5253	26.26	992.632385253906	367.96630859375	95.395881652832	582.789428710938	183.165771484375	324.148742675781
5254	26.265	981.745910644531	368.927093505859	96.2393798828125	590.530456542969	183.348602294922	326.679168701172
5255	26.27	970.641784667969	370.111907958984	97.0288467407227	598.20556640625	183.8564453125	328.767272949219
5256	26.275	959.396179199219	371.120971679688	97.4826889038086	606.141906738281	184.423828125	330.361206054688
5257	26.28	947.964477539062	371.84619140625	97.8467712402344	613.984069824219	185.136245727539	331.399688720703
5258	26.285	936.517456054688	372.247192382812	98.1503829956055	622.832397460938	185.208129882812	331.912536621094
5259	26.29	924.676452636719	372.485687255859	98.6582336425781	631.372375488281	185.563095092773	331.8818359375
5260	26.295	912.781372070312	372.412109375	99.1721038818359	640.154602050781	185.921127319336	331.344055175781
5261	26.3	900.892761230469	372.289825439453	99.718132019043	648.994445800781	186.241821289062	330.221466064453
5262	26.305	888.898620605469	372.111328125	100.325286865234	657.923767089844	186.601104736328	328.577026367188
5263	26.31	876.962585449219	372.001312255859	101.049865722656	667.090637207031	187.030639648438	326.358276367188
5264	26.315	864.882446289062	372.090179443359	101.956901550293	676.196472167969	187.345199584961	323.697998046875
5265	26.32	852.959899902344	372.156494140625	102.940361022949	685.307861328125	187.835342407227	320.549407958984
5266	26.325	841.055786132812	372.373260498047	104.113876342773	694.447509765625	188.311538696289	316.953857421875
5267	26.33	829.295043945312	372.527557373047	105.490661621094	703.636962890625	188.840545654297	312.962615966797
5268	26.335	817.705444335938	372.791778564453	107.098793029785	712.93212890625	189.404174804688	308.520080566406
5269	26.34	806.349792480469	373.185089111328	109.007034301758	722.227172851562	190.145233154297	303.765319824219
5270	26.345	795.108032226562	373.674957275391	111.283653259277	731.59375	190.834381103516	298.638732910156
5271	26.35	784.237854003906	374.261566162109	113.79020690918	741.133544921875	191.711547851562	293.187622070312
5272	26.355	773.534301757812	374.993835449219	116.642196655273	750.6650390625	192.4833984375	287.447814941406
5273	26.36	763.269409179688	375.778869628906	119.730072021484	760.53662109375	193.506454467773	281.435913085938
5274	26.365	753.243835449219	376.769592285156	123.112869262695	770.593627929688	194.561813354492	275.134460449219
5275	26.37	743.526184082031	377.679656982422	126.737976074219	780.865783691406	195.647186279297	268.667327880859
5276	26.375	734.210266113281	378.865203857422	130.603012084961	791.398193359375	196.85563659668	261.907684326172
5277	26.38	725.250549316406	380.078552246094	134.683670043945	801.891174316406	197.831512451172	255.079223632812
5278	26.385	716.675903320312	381.445678710938	138.842758178711	813.178405761719	199.276641845703	247.920532226562
5279	26.39	708.510314941406	382.814056396484	143.140335083008	824.363037109375	200.494567871094	240.713165283203
5280	26.395	700.631469726562	384.325103759766	147.612274169922	836.017822265625	201.818817138672	233.402313232422
5281	26.4	693.180419921875	385.785003662109	152.089630126953	847.9052734375	203.105545043945	225.995452880859
5282	26.405	686.047607421875	387.435119628906	156.692947387695	860.003112792969	204.372055053711	218.531509399414
5283	26.41	679.186401367188	389.000732421875	161.300369262695	872.422302246094	205.502319335938	211.068542480469
5284	26.415	672.760498046875	390.688842773438	165.934661865234	885.141296386719	206.741882324219	203.564849853516
5285	26.42	666.57763671875	392.401123046875	170.608505249023	897.96484375	207.827423095703	196.260848999023
5286	26.425	660.71337890625	394.133819580078	175.256286621094	911.090637207031	208.8125	188.873245239258
5287	26.43	655.14453125	395.949035644531	179.960678100586	924.327087402344	209.613952636719	181.661926269531
5288	26.435	649.890625	397.787902832031	184.618927001953	937.798095703125	210.391799926758	174.525131225586
5289	26.44	644.800231933594	399.649475097656	189.327026367188	951.386352539062	210.928009033203	167.60205078125
5290	26.445	639.98828125	401.430419921875	193.934158325195	965.051696777344	211.424575805664	161.011810302734
5291	26.45	635.368835449219	403.180358886719	198.637817382812	978.733276367188	211.732666015625	154.664291381836
5292	26.455	630.860900878906	404.899169921875	203.21647644043	992.320678710938	211.861282348633	148.69108581543
5293	26.46	626.444396972656	406.466827392578	207.758773803711	1005.7919921875	211.885192871094	143.041091918945
5294	26.465	622.010986328125	408.074249267578	212.360122680664	1018.91540527344	211.764892578125	137.855728149414
5295	26.47	617.451843261719	409.605224609375	216.962249755859	1031.6279296875	211.472839355469	133.066909790039
5296	26.475	612.700012207031	411.017639160156	221.783340454102	1043.74682617188	211.134506225586	128.824432373047
5297	26.48	607.655090332031	412.388275146484	226.860778808594	1055.14074707031	210.724761962891	125.07218170166
5298	26.485	602.593200683594	413.655181884766	232.078155517578	1065.91870117188	210.280456542969	121.752197265625
5299	26.49	597.554504394531	414.751983642578	237.489242553711	1075.91772460938	209.956298828125	118.90421295166
5300	26.495	592.738098144531	415.733795166016	243.049850463867	1084.94946289062	209.720306396484	116.425071716309
5301	26.5	588.256774902344	416.694641113281	248.760467529297	1093.09753417969	209.736099243164	114.260276794434
5302	26.505	584.088195800781	417.531921386719	254.501693725586	1100.11499023438	209.90348815918	112.36897277832
5303	26.51	580.349304199219	418.416168212891	260.349945068359	1106.07470703125	210.216430664062	110.353645324707
5304	26.515	577.074829101562	419.238342285156	266.18701171875	1110.75708007812	210.585632324219	108.241928100586
5305	26.52	574.130065917969	420.04296875	272.019805908203	1114.31860351562	210.973220825195	105.86491394043
5306	26.525	571.770263671875	420.768249511719	277.871826171875	1116.806640625	211.275817871094	103.116905212402
5307	26.53	569.849731445312	421.450531005859	283.692474365234	1118.04406738281	211.521118164062	100.222564697266
5308	26.535	568.546508789062	422.149780273438	289.356231689453	1118.50280761719	211.822967529297	96.9162673950195
5309	26.54	567.866821289062	422.744201660156	294.880432128906	1117.71765136719	211.92903137207	93.7186737060547
5310	26.545	567.771362304688	423.253509521484	300.270812988281	1116.21032714844	211.739929199219	90.7089157104492
5311	26.55	568.2509765625	423.758819580078	305.492340087891	1113.76171875	211.553695678711	88.5212860107422
5312	26.555	569.337707519531	423.977416992188	310.511932373047	1109.77758789062	211.969757080078	86.1973342895508
5313	26.56	571.075866699219	424.350372314453	315.306457519531	1103.70751953125	213.077514648438	83.9440612792969
5314	26.565	573.509094238281	424.643157958984	319.860168457031	1095.6630859375	214.88200378418	82.4964294433594
5315	26.57	576.553344726562	424.853790283203	324.110015869141	1085.97448730469	216.815246582031	81.5978240966797
5316	26.575	580.271118164062	425.193389892578	328.178771972656	1074.21862792969	219.221481323242	81.5192565917969
5317	26.58	584.755798339844	425.4638671875	331.923095703125	1062.49780273438	221.041900634766	82.5841522216797
5318	26.585	589.929748535156	425.773132324219	335.377349853516	1052.78125	222.222991943359	84.4013366699219
5319	26.59	595.856079101562	426.071197509766	338.499053955078	1044.11791992188	222.934982299805	86.1615982055664
5320	26.595	602.472839355469	426.422271728516	341.210845947266	1035.32495117188	223.582473754883	87.667366027832
5321	26.6	609.6591796875	426.728332519531	343.455780029297	1025.10986328125	224.268646240234	88.9519500732422
5322	26.605	617.265380859375	427.013671875	345.285675048828	1014.07318115234	224.821517944336	90.1648178100586
5323	26.61	625.3056640625	427.399383544922	346.692138671875	1003.07696533203	225.096374511719	90.8571243286133
5324	26.615	633.610290527344	427.763946533203	347.625762939453	992.013671875	225.066940307617	91.3276214599609
5325	26.62	642.0791015625	428.234619140625	348.197052001953	980.562561035156	225.021301269531	91.4824295043945
5326	26.625	650.587707519531	428.571197509766	348.179290771484	968.73095703125	225.025039672852	91.6492309570312
5327	26.63	659.165466308594	429.109954833984	347.793334960938	956.934143066406	225.224502563477	91.6606597900391
5328	26.635	667.868896484375	429.611938476562	346.898498535156	944.920837402344	225.484786987305	91.8837127685547
5329	26.64	676.645141601562	430.175445556641	345.667602539062	932.876281738281	225.854736328125	92.2293701171875
5330	26.645	685.504089355469	430.739074707031	343.8447265625	920.834655761719	226.128204345703	92.7472915649414
5331	26.65	694.398559570312	431.173797607422	341.675140380859	908.865844726562	226.460556030273	93.0553588867188
5332	26.655	703.412353515625	431.616271972656	339.000061035156	896.630798339844	226.392608642578	93.5559310913086
5333	26.66	712.457702636719	431.909881591797	335.907379150391	884.447204589844	226.181671142578	94.1920471191406
5334	26.665	721.509094238281	432.184204101562	332.409545898438	872.314758300781	225.855621337891	94.87451171875
5335	26.67	730.554443359375	432.109832763672	328.16796875	860.196533203125	225.436386108398	95.7563781738281
5336	26.675	739.555358886719	432.179565429688	323.861358642578	848.19189453125	224.887619018555	96.7651748657227
5337	26.68	748.620788574219	432.107086181641	319.133514404297	836.278991699219	224.157958984375	97.9401550292969
5338	26.685	757.591979980469	431.983093261719	314.095672607422	824.577087402344	223.472457885742	99.3556442260742
5339	26.69	766.617126464844	431.882537841797	308.787109375	813.007507324219	222.603042602539	101.06819152832
5340	26.695	775.7587890625	431.609191894531	303.072265625	801.625671386719	221.611999511719	103.12931060791
5341	26.7	784.929443359375	431.226806640625	297.146759033203	790.30322265625	220.579498291016	105.580284118652
5342	26.705	794.214904785156	430.757385253906	290.9521484375	779.319274902344	219.497177124023	108.343132019043
5343	26.71	803.747497558594	430.045227050781	284.289276123047	768.69580078125	218.297698974609	111.395355224609
5344	26.715	813.466857910156	429.286926269531	277.510040283203	758.305847167969	217.124130249023	114.773910522461
5345	26.72	823.321105957031	428.447845458984	270.520874023438	748.352783203125	215.608947753906	118.609504699707
5346	26.725	833.533081054688	427.495086669922	263.245941162109	738.423156738281	214.544815063477	122.61506652832
5347	26.73	843.918090820312	426.499084472656	255.883117675781	729.111572265625	213.292343139648	126.713638305664
5348	26.735	854.74462890625	425.171752929688	248.179061889648	720.491333007812	212.259323120117	130.401916503906
5349	26.74	865.695617675781	424.148223876953	240.523193359375	711.922790527344	210.936538696289	134.863464355469
5350	26.745	876.957092285156	422.989929199219	232.7255859375	703.741271972656	209.574432373047	139.316192626953
5351	26.75	888.381713867188	422.010162353516	224.870239257812	696.021789550781	208.286270141602	143.850616455078
5352	26.755	900.41357421875	420.687561035156	216.926940917969	688.390747070312	206.975158691406	148.715835571289
5353	26.76	912.563781738281	419.532165527344	209.052688598633	681.357299804688	205.544204711914	153.438980102539
5354	26.765	924.792236328125	418.393402099609	201.283798217773	674.581604003906	203.938201904297	158.327239990234
5355	26.77	937.284790039062	417.267578125	193.552444458008	668.274353027344	202.410995483398	163.27473449707
5356	26.775	950.068420410156	416.132354736328	185.954498291016	662.175537109375	200.755126953125	168.192535400391
5357	26.78	962.910949707031	415.084808349609	178.549682617188	656.539367675781	199.264526367188	173.131118774414
5358	26.785	976.021667480469	414.140289306641	171.404647827148	651.008911132812	197.835235595703	178.246032714844
5359	26.79	989.084655761719	413.209747314453	164.588394165039	645.897705078125	196.825561523438	183.121170043945
5360	26.795	1002.18560791016	412.165252685547	157.970413208008	640.893981933594	195.810073852539	188.169128417969
5361	26.8	1015.09600830078	411.233795166016	151.940780639648	636.01806640625	194.945877075195	193.225112915039
5362	26.805	1027.67602539062	410.269958496094	146.270477294922	631.170532226562	194.308151245117	198.267456054688
5363	26.81	1039.8173828125	409.332763671875	141.192687988281	626.218872070312	193.753402709961	203.292663574219
5364	26.815	1051.24926757812	408.264129638672	136.661773681641	621.060852050781	193.296325683594	208.25080871582
5365	26.82	1061.87329101562	407.159973144531	132.669555664062	615.724853515625	192.983489990234	213.078796386719
5366	26.825	1071.52099609375	405.891845703125	129.133728027344	610.16748046875	192.758666992188	218.060775756836
5367	26.83	1080.11376953125	404.610565185547	126.045501708984	604.276428222656	192.741149902344	223.259658813477
5368	26.835	1087.701171875	403.175354003906	123.294868469238	598.396423339844	192.941299438477	228.61865234375
5369	26.84	1094.27612304688	401.681304931641	120.95906829834	592.634216308594	193.29020690918	234.124725341797
5370	26.845	1099.73767089844	400.104858398438	118.917167663574	587.223693847656	193.68798828125	239.754440307617
5371	26.85	1104.34838867188	398.472473144531	117.027061462402	582.387023925781	194.213851928711	245.445648193359
5372	26.855	1107.73718261719	396.78076171875	115.272911071777	577.9609375	194.725692749023	251.163070678711
5373	26.86	1110.35412597656	395.105163574219	113.441352844238	574.055480957031	195.367218017578	256.892700195312
5374	26.865	1112.11608886719	393.523712158203	111.466026306152	570.555786132812	195.828628540039	262.629455566406
5375	26.87	1113.12512207031	392.130249023438	109.347663879395	567.522583007812	196.307159423828	268.391754150391
5376	26.875	1113.31799316406	391.026702880859	107.097526550293	565.032470703125	196.610916137695	274.03955078125
5377	26.88	1112.91540527344	390.147674560547	104.609954833984	563.061584472656	196.818725585938	279.583465576172
5378	26.885	1111.83056640625	389.527984619141	101.943298339844	561.745544433594	196.959060668945	285.034698486328
5379	26.89	1110.24389648438	389.149322509766	98.9035491943359	560.971740722656	197.013229370117	290.377990722656
5380	26.895	1107.79150390625	388.75	96.0613327026367	560.803100585938	197.040313720703	295.553955078125
5381	26.9	1104.13159179688	387.718475341797	94.4434967041016	561.256164550781	197.064788818359	300.590881347656
5382	26.905	1097.267578125	385.650268554688	92.8523025512695	562.382690429688	196.973403930664	305.406829833984
5383	26.91	1084.50732421875	382.655334472656	91.5673446655273	564.251220703125	197.061996459961	309.802825927734
5384	26.915	1070.81420898438	380.349273681641	90.8340759277344	566.738586425781	197.093566894531	314.155731201172
5385	26.92	1058.56909179688	379.022155761719	90.532096862793	569.964782714844	196.951217651367	318.220245361328
5386	26.925	1047.72229003906	377.851623535156	90.9172668457031	573.921813964844	196.946990966797	322.032806396484
5387	26.93	1037.72692871094	377.143585205078	91.7373046875	578.608947753906	196.862182617188	325.583526611328
5388	26.935	1026.94702148438	376.25732421875	92.7448043823242	584.020568847656	196.833389282227	328.840362548828
5389	26.94	1015.33612060547	375.561614990234	93.9428253173828	590.042541503906	196.956634521484	331.648986816406
5390	26.945	1003.58166503906	375.126800537109	94.8543243408203	596.3916015625	197.32746887207	334.223266601562
5391	26.95	992.195922851562	375.325256347656	95.6071548461914	604.068603515625	197.09033203125	336.225036621094
5392	26.955	981.060546875	376.103698730469	96.3664855957031	611.672912597656	197.249725341797	337.834197998047
5393	26.96	969.600524902344	376.991241455078	96.9600830078125	619.645568847656	197.471817016602	338.880554199219
5394	26.965	958.162292480469	377.912231445312	97.3287506103516	627.566772460938	197.916870117188	339.481567382812
5395	26.97	946.718505859375	378.626831054688	97.6601028442383	636.259948730469	197.631607055664	339.595642089844
5396	26.975	935.019775390625	379.285583496094	98.1099090576172	644.718444824219	197.682006835938	339.192779541016
5397	26.98	923.1171875	379.618499755859	98.6299209594727	653.353515625	197.748382568359	338.286315917969
5398	26.985	911.251892089844	379.887451171875	99.2301483154297	662.03857421875	197.803573608398	336.940704345703
5399	26.99	899.382263183594	380.083862304688	99.8929138183594	670.946044921875	198.033569335938	335.014343261719
5400	26.995	887.42626953125	380.204467773438	100.775764465332	679.81298828125	198.133331298828	332.785217285156
5401	27.0	875.49365234375	380.313751220703	101.764259338379	688.770202636719	198.311294555664	330.052886962891
5402	27.005	863.631469726562	380.5078125	102.975662231445	697.699340820312	198.623916625977	326.903869628906
5403	27.01	851.756103515625	380.669677734375	104.242126464844	706.660278320312	198.911712646484	323.330383300781
5404	27.015	840.035217285156	380.909576416016	105.79808807373	715.662841796875	199.290283203125	319.382446289062
5405	27.02	828.474731445312	381.175476074219	107.558303833008	724.711242675781	199.692642211914	315.013458251953
5406	27.025	817.191711425781	381.454132080078	109.565444946289	733.726013183594	200.359756469727	310.368743896484
5407	27.03	806.094848632812	381.849884033203	111.909713745117	742.839904785156	201.002990722656	305.391998291016
5408	27.035	795.270385742188	382.283325195312	114.480895996094	752.074462890625	201.767120361328	300.042205810547
5409	27.04	784.738403320312	382.918823242188	117.371391296387	761.425537109375	202.54264831543	294.418212890625
5410	27.045	774.562927246094	383.663330078125	120.520179748535	770.951599121094	203.468078613281	288.477600097656
5411	27.05	764.618286132812	384.507171630859	123.888244628906	780.690124511719	204.422271728516	282.283752441406
5412	27.055	754.97900390625	385.350189208984	127.356346130371	790.507080078125	205.373062133789	275.850799560547
5413	27.06	745.677856445312	386.460693359375	131.079711914062	800.634216308594	206.387557983398	269.187652587891
5414	27.065	736.695922851562	387.615325927734	134.962890625	811.131652832031	207.608245849609	262.250915527344
5415	27.07	728.132873535156	388.869110107422	138.925079345703	821.877075195312	208.833831787109	255.125595092773
5416	27.075	719.844482421875	390.195373535156	143.039077758789	832.785949707031	210.045822143555	247.872756958008
5417	27.08	711.869079589844	391.542938232422	147.190383911133	843.961242675781	211.234817504883	240.481964111328
5418	27.085	704.226806640625	392.926727294922	151.452087402344	855.46826171875	212.456207275391	232.961502075195
5419	27.09	696.894287109375	394.270935058594	155.712539672852	867.290405273438	213.553955078125	225.370223999023
5420	27.095	689.859130859375	395.694091796875	160.031982421875	879.359619140625	214.684143066406	217.776718139648
5421	27.1	683.113220214844	397.026031494141	164.357879638672	891.758239746094	215.64665222168	210.076919555664
5422	27.105	676.572631835938	398.408843994141	168.680786132812	904.503723144531	216.730834960938	202.344161987305
5423	27.11	670.358459472656	399.852264404297	173.057342529297	917.440673828125	217.605743408203	194.745742797852
5424	27.115	664.322265625	401.274932861328	177.417068481445	930.570373535156	218.338409423828	187.191635131836
5425	27.12	658.529846191406	402.630920410156	181.846343994141	943.956909179688	219.172775268555	179.655349731445
5426	27.125	653.025451660156	404.017486572266	186.336303710938	957.395629882812	219.785247802734	172.435821533203
5427	27.13	647.727966308594	405.421966552734	190.795608520508	970.939208984375	220.274871826172	165.359237670898
5428	27.135	642.631469726562	406.720764160156	195.310546875	984.508239746094	220.554351806641	158.59228515625
5429	27.14	637.683166503906	407.957214355469	199.840301513672	998.210083007812	220.873764038086	152.063949584961
5430	27.145	632.857788085938	409.230743408203	204.367202758789	1011.57916259766	220.96142578125	146.091781616211
5431	27.15	628.153747558594	410.251007080078	208.790710449219	1024.96032714844	221.107818603516	140.229293823242
5432	27.155	623.403442382812	411.425811767578	213.221710205078	1037.94067382812	221.078216552734	134.869384765625
5433	27.16	618.537109375	412.441375732422	217.701110839844	1050.60302734375	220.910858154297	129.888580322266
5434	27.165	613.465942382812	413.422332763672	222.297241210938	1062.58068847656	220.670593261719	125.515380859375
5435	27.17	608.156494140625	414.296691894531	227.159973144531	1073.96728515625	220.446762084961	121.512634277344
5436	27.175	602.875122070312	415.101989746094	232.195281982422	1084.45715332031	220.202941894531	118.079635620117
5437	27.18	597.679504394531	415.804901123047	237.342681884766	1093.92529296875	220.15299987793	115.142845153809
5438	27.185	592.813842773438	416.280181884766	242.428176879883	1102.35400390625	220.371932983398	112.625213623047
5439	27.19	588.266235351562	416.859832763672	247.645553588867	1109.62390136719	220.665573120117	110.467323303223
5440	27.195	584.141662597656	417.412322998047	252.879180908203	1115.88928222656	221.180130004883	108.414726257324
5441	27.2	580.462707519531	418.052551269531	258.080688476562	1120.93835449219	221.661544799805	106.250663757324
5442	27.205	577.212097167969	418.690612792969	263.285003662109	1124.87487792969	222.108993530273	103.94059753418
5443	27.21	574.535766601562	419.354187011719	268.397064208984	1127.57690429688	222.460525512695	101.359527587891
5444	27.215	572.432067871094	420.072570800781	273.400634765625	1129.22863769531	222.89665222168	98.541259765625
5445	27.22	570.861755371094	420.758636474609	278.330780029297	1129.71740722656	223.246109008789	95.5097122192383
5446	27.225	569.887268066406	421.452087402344	283.127136230469	1129.07775878906	223.55598449707	92.5195617675781
5447	27.23	569.571899414062	422.108306884766	287.83837890625	1127.46960449219	223.757659912109	90.0282211303711
5448	27.235	569.823608398438	422.731109619141	292.369903564453	1124.47131347656	224.14533996582	88.0776977539062
5449	27.24	570.589782714844	423.125	296.829406738281	1119.38415527344	224.967178344727	85.6361465454102
5450	27.245	572.135070800781	423.626007080078	301.069976806641	1112.10278320312	226.513031005859	83.9351043701172
5451	27.25	574.220336914062	424.050048828125	305.250305175781	1102.74243164062	228.009201049805	82.8457946777344
5452	27.255	577.000732421875	424.4169921875	309.076202392578	1091.69396972656	229.530288696289	82.3110275268555
5453	27.26	580.440002441406	424.773864746094	312.813232421875	1079.58276367188	231.401473999023	82.511848449707
5454	27.265	584.55224609375	425.234680175781	316.362579345703	1068.73168945312	232.525955200195	83.7716979980469
5455	27.27	589.342651367188	425.680328369141	319.610473632812	1059.77404785156	233.538131713867	85.2680816650391
5456	27.275	594.762634277344	426.065246582031	322.723602294922	1051.15905761719	234.323791503906	86.6960220336914
5457	27.28	600.842224121094	426.471740722656	325.429931640625	1041.61926269531	235.15837097168	88.0048370361328
5458	27.285	607.450927734375	426.853881835938	327.782104492188	1030.70861816406	236.166168212891	89.2920379638672
5459	27.29	614.5703125	427.141052246094	329.787384033203	1019.59381103516	236.804244995117	90.1959533691406
5460	27.295	622.006713867188	427.404693603516	331.454498291016	1008.59118652344	237.084167480469	90.5899124145508
5461	27.3	629.872619628906	427.677581787109	332.640045166016	997.535217285156	237.053009033203	90.7570648193359
5462	27.305	638.016418457031	427.998474121094	333.522979736328	985.833923339844	236.931777954102	91.046272277832
5463	27.31	646.278869628906	428.374664306641	333.968170166016	973.988403320312	236.929397583008	91.1684646606445
5464	27.315	654.804931640625	428.741119384766	333.861022949219	962.02490234375	236.98258972168	91.4241638183594
5465	27.32	663.409362792969	429.156799316406	333.435760498047	950.081787109375	237.157760620117	91.7947463989258
5466	27.325	672.12060546875	429.626281738281	332.491119384766	938.049621582031	237.332229614258	92.2560195922852
5467	27.33	681.026062011719	430.059661865234	331.110168457031	925.919250488281	237.45573425293	92.7528839111328
5468	27.335	690.002075195312	430.478881835938	329.261901855469	913.840515136719	237.452011108398	93.2915191650391
5469	27.34	699.062072753906	430.885986328125	327.013580322266	901.81982421875	237.355377197266	93.8000640869141
5470	27.345	708.16357421875	431.190093994141	324.288513183594	889.659362792969	237.130828857422	94.4465637207031
5471	27.35	717.272521972656	431.515289306641	321.1953125	877.585632324219	236.676284790039	95.1085739135742
5472	27.355	726.425109863281	431.651153564453	317.650482177734	865.583679199219	236.151748657227	95.9986877441406
5473	27.36	735.566467285156	431.767333984375	313.848999023438	853.658630371094	235.566543579102	97.0575180053711
5474	27.365	744.702514648438	431.814270019531	309.622650146484	841.89794921875	234.847885131836	98.3098754882812
5475	27.37	753.873779296875	431.716186523438	305.092315673828	830.213134765625	234.096420288086	99.8909454345703
5476	27.375	763.007141113281	431.567077636719	300.295196533203	818.71484375	233.196762084961	101.802299499512
5477	27.38	772.245300292969	431.364471435547	295.212158203125	807.403747558594	232.197647094727	104.070831298828
5478	27.385	781.633666992188	431.020690917969	289.819610595703	796.314575195312	231.102310180664	106.745704650879
5479	27.39	791.047668457031	430.651794433594	284.18017578125	785.48681640625	230.01741027832	109.719581604004
5480	27.395	800.683654785156	429.993560791016	278.083221435547	775.320922851562	228.91520690918	112.651496887207
5481	27.4	810.450500488281	429.380096435547	271.870208740234	765.3291015625	227.633743286133	116.035774230957
5482	27.405	820.480346679688	428.693420410156	265.348327636719	756.106201171875	226.052795410156	119.467231750488
5483	27.41	830.773498535156	427.881408691406	258.601440429688	745.945922851562	225.118591308594	123.593162536621
5484	27.415	841.31103515625	427.104766845703	251.690475463867	736.851989746094	223.754211425781	127.630523681641
5485	27.42	852.177307128906	426.088623046875	244.461441040039	728.041870117188	222.399185180664	131.795333862305
5486	27.425	863.220092773438	425.191558837891	237.245651245117	719.605651855469	220.970169067383	136.066116333008
5487	27.43	874.585388183594	424.2587890625	229.833541870117	711.553771972656	219.482284545898	140.369201660156
5488	27.435	885.985717773438	423.518157958984	222.344131469727	703.865905761719	217.905227661133	144.733642578125
5489	27.44	898.084289550781	422.424072265625	214.803619384766	696.250061035156	216.393615722656	149.24609375
5490	27.445	910.380310058594	421.549530029297	207.162536621094	689.059204101562	214.716400146484	153.806549072266
5491	27.45	922.615295410156	420.658203125	199.689895629883	682.2236328125	213.194534301758	158.358840942383
5492	27.455	935.300537109375	419.707214355469	192.069595336914	675.655151367188	211.565353393555	162.964340209961
5493	27.46	948.061096191406	418.855712890625	184.645050048828	669.320617675781	210.027816772461	167.516235351562
5494	27.465	960.993591308594	418.049224853516	177.361099243164	663.328979492188	208.496597290039	172.167037963867
5495	27.47	974.151611328125	417.245971679688	170.232131958008	657.449096679688	207.326644897461	176.762557983398
5496	27.475	987.313171386719	416.498107910156	163.420867919922	651.855346679688	205.896026611328	181.457901000977
5497	27.48	1000.44232177734	415.624816894531	156.746246337891	646.466491699219	204.726928710938	186.204513549805
5498	27.485	1013.72454833984	414.847961425781	150.442169189453	641.204284667969	203.63037109375	191.009963989258
5499	27.49	1026.5380859375	414.087097167969	144.583755493164	635.966491699219	202.743438720703	195.865341186523
5500	27.495	1039.12377929688	413.328826904297	139.143585205078	630.603881835938	201.933486938477	200.748977661133
5501	27.5	1051.09948730469	412.510559082031	134.290466308594	625.196472167969	201.439727783203	205.35676574707
5502	27.505	1062.35131835938	411.606506347656	129.949844360352	619.566955566406	200.808135986328	210.155242919922
5503	27.51	1072.74401855469	410.662994384766	126.096481323242	613.666137695312	200.580780029297	215.044570922852
5504	27.515	1082.11975097656	409.688049316406	122.655502319336	607.584106445312	200.576263427734	220.238357543945
5505	27.52	1090.52392578125	408.514862060547	119.663619995117	601.282592773438	200.727127075195	225.665054321289
5506	27.525	1097.763671875	407.371032714844	117.073905944824	595.133361816406	201.018508911133	231.157211303711
5507	27.53	1104.04992675781	406.026916503906	114.813453674316	589.296997070312	201.423675537109	236.760986328125
5508	27.535	1109.20263671875	404.632232666016	112.856964111328	583.957458496094	202.021377563477	242.467498779297
5509	27.54	1113.3271484375	403.082855224609	110.868438720703	579.122131347656	202.684509277344	248.202529907227
5510	27.545	1116.36022949219	401.463775634766	109.024070739746	574.913818359375	203.418685913086	254.038497924805
5511	27.55	1118.3955078125	399.776519775391	106.990028381348	571.3837890625	203.845550537109	259.746520996094
5512	27.555	1119.41711425781	398.235748291016	104.89330291748	568.469848632812	204.190765380859	265.453460693359
5513	27.56	1119.55932617188	396.830017089844	102.67032623291	566.193908691406	204.397766113281	270.963623046875
5514	27.565	1118.92114257812	395.566131591797	100.247833251953	564.565368652344	204.488418579102	276.323699951172
5515	27.57	1117.49145507812	394.430603027344	97.6285781860352	563.588806152344	204.531326293945	281.407684326172
5516	27.575	1114.81127929688	393.27978515625	95.6231002807617	563.217651367188	204.522903442383	286.233337402344
5517	27.58	1110.74768066406	391.518890380859	94.5306930541992	563.452941894531	204.385955810547	290.716674804688
5518	27.585	1102.64123535156	389.144409179688	93.2200775146484	564.357727050781	204.227310180664	294.917388916016
5519	27.59	1089.23901367188	386.534973144531	92.2709579467773	565.888916015625	204.103591918945	298.763641357422
5520	27.595	1075.48364257812	384.922119140625	91.7011184692383	568.180236816406	204.009384155273	302.239135742188
5521	27.6	1063.18139648438	384.10009765625	91.4454040527344	571.198852539062	203.78776550293	305.494873046875
5522	27.605	1052.20849609375	383.41845703125	91.7445297241211	574.920104980469	203.54817199707	308.452331542969
5523	27.61	1042.08984375	382.937835693359	92.4234466552734	579.369750976562	203.127319335938	311.115600585938
5524	27.615	1031.44384765625	382.475708007812	93.3818054199219	584.515747070312	202.795318603516	313.456146240234
5525	27.62	1020.0166015625	381.988128662109	94.5186157226562	590.29296875	202.376586914062	315.4814453125
5526	27.625	1008.34552001953	381.787261962891	95.4458236694336	596.592041015625	202.039520263672	317.10009765625
5527	27.63	997.16064453125	382.035034179688	96.3258819580078	603.755187988281	201.384338378906	318.364868164062
5528	27.635	986.22314453125	382.751037597656	96.9830703735352	611.184631347656	200.825241088867	319.220916748047
5529	27.64	974.946105957031	383.521789550781	97.5018157958984	619.085876464844	200.335845947266	319.620178222656
5530	27.645	963.581176757812	384.159149169922	97.9279708862305	627.015869140625	199.86296081543	319.633209228516
5531	27.65	952.275817871094	384.607788085938	98.2766952514648	635.658508300781	198.913467407227	319.243682861328
5532	27.655	940.535888671875	384.940063476562	98.7783432006836	644.346984863281	198.3359375	318.410308837891
5533	27.66	928.7861328125	385.054992675781	99.2999725341797	653.233764648438	197.571533203125	317.206695556641
5534	27.665	916.954223632812	385.017852783203	99.8096771240234	662.351928710938	196.922058105469	315.648651123047
5535	27.67	905.056640625	384.981658935547	100.430816650391	671.596557617188	196.329071044922	313.688629150391
5536	27.675	893.103881835938	384.959930419922	101.129364013672	681.039306640625	195.712463378906	311.469512939453
5537	27.68	881.038452148438	385.073211669922	101.988304138184	690.487609863281	195.341033935547	308.851226806641
5538	27.685	869.081970214844	385.274780273438	102.922058105469	699.998229980469	194.98469543457	305.962127685547
5539	27.69	857.108032226562	385.5244140625	103.907737731934	709.612182617188	194.83137512207	302.715209960938
5540	27.695	845.266235351562	385.774169921875	105.164779663086	719.29443359375	194.735992431641	299.246032714844
5541	27.7	833.548767089844	386.020812988281	106.564056396484	729.009765625	194.802124023438	295.445068359375
5542	27.705	822.020935058594	386.361236572266	108.293846130371	738.834411621094	195.001373291016	291.399536132812
5543	27.71	810.693725585938	386.732116699219	110.292472839355	748.733825683594	195.366363525391	287.008392333984
5544	27.715	799.560302734375	387.165130615234	112.653160095215	758.723693847656	195.813201904297	282.478210449219
5545	27.72	788.733703613281	387.580871582031	115.26441192627	768.898864746094	196.431533813477	277.586334228516
5546	27.725	778.154235839844	388.131042480469	118.175163269043	779.233276367188	197.165878295898	272.449554443359
5547	27.73	767.939575195312	388.695098876953	121.380767822266	789.756713867188	198.010131835938	267.025695800781
5548	27.735	758.026489257812	389.356140136719	124.759956359863	800.182739257812	198.74739074707	261.43212890625
5549	27.74	748.455200195312	389.967529296875	128.355453491211	811.166809082031	199.8369140625	255.482711791992
5550	27.745	739.245483398438	390.794555664062	132.192764282227	822.233825683594	200.872924804688	249.341201782227
5551	27.75	730.315490722656	391.6611328125	136.138442993164	833.470764160156	201.964782714844	242.971481323242
5552	27.755	721.900085449219	392.648162841797	140.29133605957	844.998413085938	203.067047119141	236.396286010742
5553	27.76	713.824157714844	393.636932373047	144.464233398438	856.730407714844	204.076095581055	229.692886352539
5554	27.765	706.069641113281	394.668182373047	148.794448852539	868.676208496094	205.047515869141	222.8916015625
5555	27.77	698.672973632812	395.753143310547	153.159118652344	880.913024902344	205.923355102539	215.974960327148
5556	27.775	691.653930664062	396.883361816406	157.524108886719	893.532348632812	206.755569458008	208.883514404297
5557	27.78	684.930236816406	398.024108886719	161.933547973633	906.428039550781	207.516525268555	201.796279907227
5558	27.785	678.490356445312	399.162353515625	166.358642578125	919.530395507812	208.065322875977	194.67138671875
5559	27.79	672.390686035156	400.401611328125	170.790756225586	932.963317871094	208.697296142578	187.526748657227
5560	27.795	666.5146484375	401.536254882812	175.253036499023	946.666381835938	209.169372558594	180.543075561523
5561	27.8	660.846801757812	402.736145019531	179.749099731445	960.500183105469	209.57502746582	173.657165527344
5562	27.805	655.456359863281	403.889770507812	184.286575317383	974.509826660156	209.8828125	166.884765625
5563	27.81	650.287963867188	404.963775634766	188.814849853516	988.666442871094	210.139602661133	160.219802856445
5564	27.815	645.34326171875	405.987396240234	193.38508605957	1002.78295898438	210.24787902832	153.830749511719
5565	27.82	640.632629394531	406.941253662109	197.882934570312	1016.93280029297	210.330795288086	147.710433959961
5566	27.825	636.036804199219	407.869262695312	202.470855712891	1030.91833496094	210.19091796875	141.93212890625
5567	27.83	631.431335449219	408.790161132812	207.032730102539	1044.65783691406	210.017639160156	136.556045532227
5568	27.835	626.887145996094	409.520874023438	211.522644042969	1058.10791015625	209.63623046875	131.574371337891
5569	27.84	622.252624511719	410.3232421875	216.107177734375	1071.26416015625	209.210144042969	126.975570678711
5570	27.845	617.506591796875	411.056182861328	220.720825195312	1083.9736328125	208.692657470703	122.851737976074
5571	27.85	612.439697265625	411.509857177734	225.627227783203	1095.89501953125	208.050216674805	119.283920288086
5572	27.855	607.365234375	411.964935302734	230.765533447266	1106.9765625	207.601638793945	116.229400634766
5573	27.86	602.34619140625	412.309875488281	236.136337280273	1117.01733398438	207.372283935547	113.622123718262
5574	27.865	597.646667480469	412.369171142578	241.473983764648	1125.84582519531	207.487060546875	111.480201721191
5575	27.87	593.264465332031	412.467742919922	247.030227661133	1133.39306640625	207.890090942383	109.618865966797
5576	27.875	589.330139160156	412.544525146484	252.584457397461	1139.7978515625	208.588394165039	107.810638427734
5577	27.88	585.808715820312	412.638000488281	258.112976074219	1145.03649902344	209.406723022461	105.91325378418
5578	27.885	582.708984375	412.722595214844	263.588958740234	1149.12292480469	210.263244628906	103.827522277832
5579	27.89	580.07080078125	412.94677734375	269.044067382812	1152.130859375	210.95849609375	101.421966552734
5580	27.895	577.92578125	413.145141601562	274.397888183594	1153.8671875	211.631744384766	98.7429275512695
5581	27.9	576.305786132812	413.383483886719	279.644439697266	1154.62609863281	212.3056640625	95.8110961914062
5582	27.905	575.212646484375	413.621398925781	284.7646484375	1154.13000488281	212.892578125	92.8444519042969
5583	27.91	574.674011230469	413.826934814453	289.740112304688	1152.68420410156	213.31803894043	90.350700378418
5584	27.915	574.7412109375	413.746765136719	294.551239013672	1150.03149414062	213.849960327148	88.3760375976562
5585	27.92	575.372802734375	413.940795898438	299.295104980469	1145.54174804688	214.573928833008	86.0530090332031
5586	27.925	576.594360351562	413.993255615234	303.818023681641	1138.79296875	215.684783935547	83.9015121459961
5587	27.93	578.497863769531	414.07470703125	308.147888183594	1129.966796875	216.880172729492	82.3267288208008
5588	27.935	580.946472167969	414.013427734375	312.194244384766	1119.76733398438	217.895233154297	81.404182434082
5589	27.94	584.154296875	414.081329345703	316.03955078125	1108.35656738281	219.31005859375	81.157096862793
5590	27.945	588.022521972656	414.124298095703	319.673828125	1096.88916015625	220.432281494141	82.2349166870117
5591	27.95	592.639038085938	414.213043212891	323.108062744141	1087.5693359375	221.255432128906	83.8039474487305
5592	27.955	597.88720703125	414.413848876953	326.126983642578	1079.12756347656	222.079086303711	85.4210891723633
5593	27.96	603.750366210938	414.512176513672	328.953155517578	1070.26574707031	222.748062133789	86.8798294067383
5594	27.965	610.191223144531	414.685546875	331.379516601562	1060.29382324219	223.359878540039	88.450813293457
5595	27.97	617.105285644531	414.735626220703	333.472778320312	1049.55517578125	223.912704467773	89.6798706054688
5596	27.975	624.4365234375	414.832214355469	335.30810546875	1038.66149902344	224.154479980469	90.3667678833008
5597	27.98	632.215087890625	414.922515869141	336.633392333984	1027.89794921875	224.059661865234	90.8717041015625
5598	27.985	640.243591308594	415.089874267578	337.663452148438	1016.66119384766	223.999267578125	91.3543548583984
5599	27.99	648.490783691406	415.315490722656	338.295806884766	1005.02160644531	224.055297851562	91.598991394043
5600	27.995	657.023132324219	415.585327148438	338.489379882812	993.275024414062	224.285858154297	91.8739013671875
5601	28.0	665.622985839844	415.961547851562	338.306884765625	981.488891601562	224.623413085938	92.3217926025391
5602	28.005	674.405395507812	416.314788818359	337.621704101562	969.603454589844	224.959365844727	92.8279571533203
5603	28.01	683.313842773438	416.702819824219	336.587280273438	957.660827636719	225.262405395508	93.4057464599609
5604	28.015	692.382385253906	417.158843994141	335.147857666016	945.582885742188	225.389770507812	93.9845733642578
5605	28.02	701.456298828125	417.495025634766	333.245452880859	933.662658691406	225.521331787109	94.3628768920898
5606	28.025	710.685852050781	417.73876953125	330.885437011719	921.682434082031	225.538421630859	94.8972930908203
5607	28.03	720.005249023438	417.926544189453	328.152801513672	909.604309082031	225.347610473633	95.4933319091797
5608	28.035	729.278076171875	418.111206054688	325.040374755859	897.497497558594	225.095916748047	96.2999725341797
5609	28.04	738.57080078125	418.151489257812	321.6005859375	885.543151855469	224.794067382812	97.2171325683594
5610	28.045	747.848388671875	418.076110839844	317.745819091797	873.675537109375	224.403259277344	98.3220977783203
5611	28.05	757.23046875	417.970458984375	313.585021972656	861.942687988281	223.876449584961	99.7114334106445
5612	28.055	766.575866699219	417.653137207031	309.067657470703	850.30078125	223.114135742188	101.438583374023
5613	28.06	776.002075195312	417.277221679688	304.234100341797	838.838134765625	222.159866333008	103.459968566895
5614	28.065	785.556518554688	416.854370117188	299.107299804688	827.62158203125	221.126510620117	105.733070373535
5615	28.07	795.26123046875	416.220397949219	293.669158935547	816.513977050781	219.860382080078	108.477836608887
5616	28.075	805.106140136719	415.483978271484	287.989532470703	805.71337890625	218.517929077148	111.387901306152
5617	28.08	815.115844726562	414.568389892578	281.9140625	795.163208007812	216.900909423828	114.673217773438
5618	28.085	825.254821777344	413.6083984375	275.6708984375	785.315307617188	215.552230834961	117.724380493164
5619	28.09	835.554260253906	412.583435058594	269.249206542969	775.570129394531	214.060974121094	121.366500854492
5620	28.095	846.013793945312	411.470642089844	262.590576171875	766.120300292969	212.504165649414	125.134468078613
5621	28.1	856.744201660156	410.323913574219	255.698440551758	757.008483886719	210.850677490234	129.079147338867
5622	28.105	867.595764160156	409.094848632812	248.591873168945	748.175537109375	209.15983581543	133.189346313477
5623	28.11	878.863647460938	407.838348388672	241.380706787109	739.81494140625	207.349349975586	137.378112792969
5624	28.115	890.306762695312	406.507446289062	233.882232666016	731.918518066406	205.318572998047	141.659683227539
5625	28.12	902.131591796875	405.284362792969	226.340286254883	723.726867675781	203.783432006836	146.169281005859
5626	28.125	914.150451660156	404.053680419922	218.601943969727	716.265563964844	201.831008911133	150.607376098633
5627	28.13	926.512451171875	402.878631591797	210.978668212891	709.084228515625	199.892700195312	155.12109375
5628	28.135	939.182434082031	401.685974121094	203.237045288086	702.234008789062	197.833953857422	159.644958496094
5629	28.14	952.045471191406	400.581909179688	195.662490844727	695.718322753906	195.781814575195	164.251922607422
5630	28.145	965.2138671875	399.490325927734	188.154510498047	689.548278808594	193.778594970703	168.782760620117
5631	28.15	978.56396484375	398.341918945312	180.774230957031	683.591247558594	191.659118652344	173.456985473633
5632	28.155	992.071716308594	397.283660888672	173.665725708008	678.085327148438	189.558380126953	178.138580322266
5633	28.16	1005.63238525391	396.124450683594	166.813461303711	672.367980957031	187.843276977539	183.014465332031
5634	28.165	1019.22595214844	395.009490966797	160.354919433594	667.071899414062	186.049209594727	187.865921020508
5635	28.17	1032.61572265625	393.782684326172	154.266418457031	661.870849609375	184.544540405273	192.612091064453
5636	28.175	1045.75695800781	392.545806884766	148.590515136719	656.469665527344	182.970062255859	197.488510131836
5637	28.18	1058.38525390625	391.214111328125	143.423477172852	650.962646484375	181.52864074707	202.279449462891
5638	28.185	1070.25561523438	389.862274169922	138.726516723633	645.266235351562	180.262680053711	207.121810913086
5639	28.19	1081.44372558594	388.401123046875	134.44514465332	639.345336914062	179.185363769531	212.166229248047
5640	28.195	1091.69250488281	386.943389892578	130.495880126953	633.078430175781	178.339569091797	217.432800292969
5641	28.2	1100.87390136719	385.103332519531	126.957550048828	626.587829589844	177.647994995117	222.858367919922
5642	28.205	1109.12524414062	383.355743408203	123.820945739746	620.131042480469	177.006881713867	228.467590332031
5643	28.21	1116.42077636719	381.518096923828	121.167961120605	613.842407226562	176.583419799805	234.137390136719
5644	28.215	1122.74450683594	379.625030517578	118.81689453125	607.891479492188	176.175216674805	239.904571533203
5645	28.22	1128.19677734375	377.702972412109	116.695442199707	602.362731933594	175.868637084961	245.676742553711
5646	28.225	1132.57165527344	375.831420898438	114.708992004395	597.445434570312	175.479156494141	251.466552734375
5647	28.23	1136.09533691406	373.859954833984	112.586296081543	593.056030273438	175.031707763672	257.294372558594
5648	28.235	1138.78002929688	372.013427734375	110.310859680176	589.192749023438	174.647079467773	263.155029296875
5649	28.24	1140.55078125	370.314697265625	107.916885375977	585.896545410156	174.158630371094	269.027770996094
5650	28.245	1141.61206054688	368.858673095703	105.236389160156	583.140380859375	173.714630126953	274.899627685547
5651	28.25	1141.86364746094	367.597747802734	102.516723632812	581.085388183594	173.096893310547	280.594055175781
5652	28.255	1141.47924804688	366.608673095703	99.3698501586914	579.592651367188	172.3310546875	286.181671142578
5653	28.26	1140.20324707031	365.813354492188	96.2317504882812	578.7265625	171.547805786133	291.607635498047
5654	28.265	1137.57531738281	364.568450927734	94.045524597168	578.492919921875	170.842407226562	296.901306152344
5655	28.27	1133.11181640625	362.429260253906	92.7085647583008	578.963745117188	170.187026977539	301.880920410156
5656	28.275	1123.13415527344	359.075286865234	91.2798385620117	580.056396484375	169.477279663086	306.730804443359
5657	28.28	1108.75354003906	355.516967773438	90.1186294555664	581.932678222656	168.748977661133	311.453552246094
5658	28.285	1095.43444824219	353.387054443359	89.6793518066406	584.568786621094	168.183792114258	315.866119384766
5659	28.29	1083.70092773438	352.028564453125	89.6538009643555	587.962341308594	167.595581054688	320.155975341797
5660	28.295	1073.48986816406	351.288787841797	90.4516677856445	591.981811523438	167.202377319336	324.160797119141
5661	28.3	1063.38562011719	350.823822021484	91.3816604614258	597.023132324219	166.795852661133	327.9130859375
5662	28.305	1052.28430175781	350.363677978516	92.7147750854492	603.2646484375	166.020294189453	331.325836181641
5663	28.31	1040.6943359375	350.226409912109	94.099235534668	609.764953613281	165.708633422852	334.421630859375
5664	28.315	1029.20666503906	350.365661621094	94.9718322753906	616.953857421875	165.444885253906	337.095336914062
5665	28.32	1018.22058105469	351.104248046875	95.71630859375	624.645690917969	165.321716308594	339.267028808594
5666	28.325	1007.10583496094	352.109710693359	96.5036087036133	632.78857421875	165.163131713867	340.949981689453
5667	28.33	995.846557617188	353.106048583984	97.0383911132812	641.247802734375	164.966934204102	342.115844726562
5668	28.335	984.371459960938	353.860626220703	97.4062423706055	650.047058105469	164.847351074219	342.76953125
5669	28.34	972.794555664062	354.414733886719	97.7636642456055	658.875549316406	164.568740844727	342.919281005859
5670	28.345	960.9443359375	354.661376953125	98.2619323730469	668.011840820312	164.390472412109	342.500579833984
5671	28.35	948.982543945312	354.813140869141	98.8859176635742	677.249816894531	163.935974121094	341.701446533203
5672	28.355	936.991149902344	354.837188720703	99.5477142333984	686.786010742188	163.881500244141	340.247955322266
5673	28.36	925.002014160156	354.912322998047	100.316307067871	696.325744628906	164.068954467773	338.235992431641
5674	28.365	912.943542480469	354.947418212891	101.207679748535	705.931274414062	163.957565307617	335.921478271484
5675	28.37	900.960205078125	355.023651123047	102.314147949219	715.574523925781	163.937393188477	333.060607910156
5676	28.375	889.041320800781	355.218597412109	103.524681091309	725.2685546875	164.001831054688	329.78466796875
5677	28.38	877.193298339844	355.384918212891	104.877983093262	734.932373046875	164.14665222168	326.139129638672
5678	28.385	865.51953125	355.653015136719	106.473167419434	744.648132324219	164.290374755859	322.069549560547
5679	28.39	854.016784667969	355.982818603516	108.308227539062	754.423400878906	164.601837158203	317.588165283203
5680	28.395	842.809692382812	356.351989746094	110.489761352539	764.18212890625	164.953903198242	312.741241455078
5681	28.4	831.769836425781	356.828308105469	112.863647460938	774.065185546875	165.403778076172	307.556854248047
5682	28.405	821.146057128906	357.369201660156	115.611892700195	784.152221679688	165.943237304688	302.030426025391
5683	28.41	810.688598632812	358.057830810547	118.565315246582	794.307800292969	166.547668457031	296.174682617188
5684	28.415	800.614990234375	358.780731201172	121.80249786377	804.707946777344	167.271026611328	290.0498046875
5685	28.42	790.827758789062	359.576721191406	125.216278076172	815.259582519531	167.98323059082	283.578948974609
5686	28.425	781.37646484375	360.483032226562	128.814422607422	826.131103515625	168.86506652832	276.879852294922
5687	28.43	772.192199707031	361.525573730469	132.633682250977	837.216613769531	169.768112182617	269.909851074219
5688	28.435	763.35986328125	362.604156494141	136.572662353516	848.444213867188	170.577056884766	262.815673828125
5689	28.44	754.898193359375	363.759765625	140.614959716797	860.152465820312	171.57633972168	255.389801025391
5690	28.445	746.754516601562	364.877136230469	144.845748901367	872.0048828125	172.55192565918	247.894241333008
5691	28.45	738.937683105469	366.053314208984	149.092208862305	884.169799804688	173.462753295898	240.179977416992
5692	28.455	731.452270507812	367.270843505859	153.422058105469	896.668090820312	174.329452514648	232.353256225586
5693	28.46	724.211975097656	368.484313964844	157.823776245117	909.364074707031	175.151138305664	224.529098510742
5694	28.465	717.337463378906	369.695648193359	162.2587890625	922.43212890625	175.958465576172	216.592971801758
5695	28.47	710.675109863281	370.924224853516	166.761138916016	935.898742675781	176.849578857422	208.547668457031
5696	28.475	704.319396972656	372.130584716797	171.290298461914	949.522827148438	177.595901489258	200.626159667969
5697	28.48	698.153076171875	373.323028564453	175.873077392578	963.308959960938	178.278121948242	192.619094848633
5698	28.485	692.305725097656	374.536285400391	180.512786865234	977.463623046875	178.820709228516	184.692459106445
5699	28.49	686.716491699219	375.746337890625	185.198852539062	991.727600097656	179.233810424805	176.913467407227
5700	28.495	681.302917480469	376.918334960938	189.884307861328	1006.20928955078	179.596069335938	169.265426635742
5701	28.5	676.082763671875	378.053955078125	194.613235473633	1020.82025146484	179.887756347656	161.8359375
5702	28.505	671.060668945312	379.244354248047	199.228439331055	1035.60632324219	180.05549621582	154.6533203125
5703	28.51	666.120971679688	380.382751464844	203.977951049805	1050.333984375	180.06689453125	147.851577758789
5704	28.515	661.208923339844	381.511535644531	208.773788452148	1064.97668457031	180.045608520508	141.458145141602
5705	28.52	656.415100097656	382.561889648438	213.473098754883	1079.41479492188	179.946182250977	135.463928222656
5706	28.525	651.524841308594	383.575836181641	218.329986572266	1093.34265136719	179.664611816406	130.077667236328
5707	28.53	646.430480957031	384.605773925781	223.348388671875	1106.76550292969	179.311416625977	125.182594299316
5708	28.535	641.254455566406	385.294677734375	228.481185913086	1119.41064453125	178.911682128906	120.833168029785
5709	28.54	636.075317382812	386.149597167969	233.88427734375	1131.10754394531	178.572479248047	117.115669250488
5710	28.545	631.017883300781	386.896423339844	239.47087097168	1141.83813476562	178.397201538086	113.872467041016
5711	28.55	626.338989257812	387.500122070312	245.144424438477	1151.32788085938	178.31201171875	111.166107177734
5712	28.555	622.036926269531	388.150207519531	250.876159667969	1159.62878417969	178.591033935547	108.806755065918
5713	28.56	618.202270507812	388.685241699219	256.694396972656	1166.57946777344	179.04362487793	106.67219543457
5714	28.565	614.875549316406	389.213562011719	262.483917236328	1172.19750976562	179.713363647461	104.453392028809
5715	28.57	612.039611816406	389.740234375	268.219879150391	1176.53442382812	180.362701416016	102.029396057129
5716	28.575	609.70166015625	390.301513671875	274.001220703125	1179.70544433594	180.999984741211	99.3234329223633
5717	28.58	607.919555664062	390.824523925781	279.729034423828	1181.62744140625	181.510147094727	96.3822860717773
5718	28.585	606.714050292969	391.291961669922	285.409057617188	1182.4658203125	182.033554077148	93.2419204711914
5719	28.59	606.063110351562	391.736694335938	290.978607177734	1182.07556152344	182.335296630859	90.6825332641602
5720	28.595	606.040222167969	392.110534667969	296.429656982422	1180.37341308594	182.682113647461	88.7898101806641
5721	28.6	606.682189941406	392.381072998047	301.750213623047	1176.61682128906	183.290771484375	86.5677337646484
5722	28.605	607.960205078125	392.345367431641	306.935729980469	1170.24072265625	184.284210205078	84.7722396850586
5723	28.61	609.888244628906	392.470825195312	311.915191650391	1161.42614746094	185.552764892578	83.7359924316406
5724	28.615	612.637634277344	392.525329589844	316.643890380859	1150.78039550781	186.911895751953	83.0314025878906
5725	28.62	616.034729003906	392.582855224609	320.999237060547	1138.68969726562	188.372100830078	83.0853729248047
5726	28.625	620.197509765625	392.534912109375	325.147857666016	1127.49536132812	189.413848876953	84.2129440307617
5727	28.63	625.047668457031	392.589385986328	328.979919433594	1118.51708984375	190.176376342773	85.8168411254883
5728	28.635	630.70458984375	392.625213623047	332.527496337891	1110.10278320312	190.615478515625	87.4413223266602
5729	28.64	636.930419921875	392.628509521484	335.740936279297	1101.17041015625	191.219741821289	88.862174987793
5730	28.645	643.747985839844	392.525299072266	338.553588867188	1090.59631347656	192.006927490234	90.2765579223633
5731	28.65	651.069641113281	392.403594970703	340.997131347656	1079.73461914062	192.715744018555	91.2803649902344
5732	28.655	658.829833984375	392.172760009766	343.065734863281	1068.9755859375	193.006378173828	91.7943572998047
5733	28.66	666.989196777344	391.949676513672	344.716827392578	1057.97827148438	193.052368164062	92.1733779907227
5734	28.665	675.4208984375	391.723876953125	345.963531494141	1046.56311035156	192.99365234375	92.3429183959961
5735	28.67	684.087829589844	391.538513183594	346.775238037109	1034.64184570312	193.01936340332	92.4489974975586
5736	28.675	692.952819824219	391.391265869141	347.111755371094	1022.70922851562	193.096466064453	92.5576248168945
5737	28.68	701.940002441406	391.228240966797	347.008270263672	1010.62628173828	193.313415527344	92.790397644043
5738	28.685	711.089904785156	391.180969238281	346.409545898438	998.445007324219	193.54411315918	93.1577377319336
5739	28.69	720.339782714844	391.010955810547	345.381561279297	986.243103027344	193.684204101562	93.6534423828125
5740	28.695	729.694458007812	390.860473632812	343.710479736328	974.005737304688	193.733139038086	94.058837890625
5741	28.7	739.117614746094	390.778656005859	341.790893554688	961.80419921875	193.664016723633	94.5951614379883
5742	28.705	748.630187988281	390.539489746094	339.235687255859	949.718688964844	193.645477294922	94.9370803833008
5743	28.71	758.0849609375	390.280944824219	336.296630859375	937.549621582031	193.368148803711	95.5266494750977
5744	28.715	767.576721191406	389.977386474609	332.908233642578	925.433715820312	192.968902587891	96.249267578125
5745	28.72	777.112670898438	389.621704101562	329.130493164062	913.385437011719	192.497772216797	97.2699966430664
5746	28.725	786.630981445312	389.1669921875	324.992584228516	901.494750976562	192.015472412109	98.406608581543
5747	28.73	796.178955078125	388.705078125	320.475891113281	889.797180175781	191.453903198242	99.8141403198242
5748	28.735	805.846435546875	388.158264160156	315.577819824219	878.160705566406	190.762390136719	101.642051696777
5749	28.74	815.496704101562	387.560302734375	310.362823486328	866.699645996094	189.856170654297	103.787612915039
5750	28.745	825.393371582031	386.868621826172	304.716613769531	855.432800292969	188.959060668945	106.177841186523
5751	28.75	835.345825195312	386.152862548828	298.865325927734	844.356323242188	187.879104614258	109.102516174316
5752	28.755	845.554931640625	385.390350341797	292.620971679688	833.577270507812	186.622756958008	112.182121276855
5753	28.76	855.881774902344	384.589599609375	286.163146972656	823.568786621094	185.831741333008	115.010719299316
5754	28.765	866.476318359375	383.738220214844	279.418823242188	813.505676269531	184.557220458984	118.598899841309
5755	28.77	877.234558105469	382.719329833984	272.351776123047	803.802978515625	183.351806640625	122.345947265625
5756	28.775	888.269104003906	381.810760498047	265.121215820312	794.353454589844	182.00749206543	126.36515045166
5757	28.78	899.529418945312	380.87451171875	257.722351074219	785.371398925781	180.657730102539	130.454498291016
5758	28.785	911.185668945312	379.676300048828	250.034286499023	776.711303710938	179.255508422852	134.783721923828
5759	28.79	923.042846679688	378.670501708984	242.212371826172	768.415283203125	177.961517333984	139.090972900391
5760	28.795	935.033630371094	377.600341796875	234.230743408203	760.402282714844	176.513092041016	143.565475463867
5761	28.8	947.566772460938	376.558288574219	226.238189697266	752.810119628906	175.042739868164	148.126083374023
5762	28.805	960.225769042969	375.571014404297	218.140914916992	745.555358886719	173.57893371582	152.77685546875
5763	28.81	973.171752929688	374.513092041016	210.004425048828	738.584655761719	172.078353881836	157.552261352539
5764	28.815	986.28759765625	373.569976806641	202.010345458984	731.833374023438	170.516967773438	162.333770751953
5765	28.82	999.602905273438	372.748504638672	194.023544311523	725.531555175781	169.098327636719	167.080108642578
5766	28.825	1013.27258300781	371.764007568359	186.097229003906	719.343383789062	167.673217773438	171.810455322266
5767	28.83	1026.99938964844	371.040557861328	178.409713745117	713.386657714844	166.255065917969	176.702667236328
5768	28.835	1040.85131835938	370.250335693359	170.987182617188	707.847778320312	165.144119262695	181.303939819336
5769	28.84	1054.74084472656	369.597076416016	163.849822998047	702.391967773438	163.91178894043	186.068099975586
5770	28.845	1068.68286132812	368.991485595703	157.118881225586	697.049438476562	162.827972412109	190.81916809082
5771	28.85	1082.44384765625	368.285064697266	150.769500732422	691.857604980469	161.827865600586	195.500122070312
5772	28.855	1095.91076660156	367.724700927734	144.958206176758	686.803588867188	160.826965332031	200.095703125
5773	28.86	1108.83203125	367.109741210938	139.72412109375	681.859008789062	159.809661865234	204.660858154297
5774	28.865	1121.08508300781	366.542114257812	134.911727905273	676.64111328125	159.154861450195	209.289520263672
5775	28.87	1132.37390136719	366.003784179688	130.816452026367	671.6025390625	158.414031982422	213.944427490234
5776	28.875	1142.65893554688	365.435913085938	127.002494812012	666.455688476562	157.851547241211	218.588607788086
5777	28.88	1151.7666015625	364.875518798828	123.698402404785	661.157653808594	157.284912109375	223.513000488281
5778	28.885	1159.95849609375	364.365386962891	120.873168945312	655.840637207031	156.806259155273	228.426422119141
5779	28.89	1166.9560546875	363.87939453125	118.460578918457	650.664489746094	156.56852722168	233.454940795898
5780	28.895	1172.87390136719	363.381896972656	116.346855163574	645.890686035156	156.160690307617	238.650604248047
5781	28.9	1177.66479492188	362.896820068359	114.456153869629	641.55712890625	155.962203979492	243.953552246094
5782	28.905	1181.36108398438	362.390106201172	112.635475158691	637.824157714844	155.673202514648	249.23762512207
5783	28.91	1183.76184082031	361.760223388672	110.706718444824	634.722412109375	155.4697265625	254.644119262695
5784	28.915	1185.01550292969	361.288146972656	108.703186035156	632.301208496094	155.238739013672	259.952362060547
5785	28.92	1185.41931152344	360.770782470703	106.351165771484	630.478698730469	154.956069946289	265.197662353516
5786	28.925	1184.81604003906	360.454345703125	103.851463317871	629.476013183594	154.685104370117	270.3623046875
5787	28.93	1183.52868652344	360.246185302734	101.038208007812	629.055969238281	154.337997436523	275.340881347656
5788	28.935	1181.30554199219	360.240661621094	98.0627288818359	629.327270507812	154.09504699707	280.125305175781
5789	28.94	1178.21154785156	360.316528320312	95.1877212524414	630.244018554688	153.971618652344	284.623504638672
5790	28.945	1173.61547851562	359.623016357422	93.2570648193359	631.754943847656	153.531799316406	288.757446289062
5791	28.95	1166.57629394531	357.667999267578	91.3999633789062	633.93603515625	153.173736572266	292.591827392578
5792	28.955	1154.27758789062	354.594940185547	89.7988433837891	636.672546386719	153.02197265625	296.044677734375
5793	28.96	1140.14953613281	351.591339111328	88.8755416870117	639.978210449219	152.988311767578	299.192810058594
5794	28.965	1127.84509277344	349.486358642578	88.5689315795898	643.941284179688	153.276397705078	302.129302978516
5795	28.97	1117.07397460938	347.804412841797	89.119987487793	648.69775390625	153.420455932617	304.812408447266
5796	28.975	1107.46362304688	346.554412841797	90.1282806396484	654.155395507812	153.545059204102	307.291198730469
5797	28.98	1097.06481933594	345.553497314453	91.1097183227539	660.377258300781	153.825714111328	309.393676757812
5798	28.985	1085.71203613281	344.806030273438	92.3515701293945	667.238647460938	154.05339050293	311.231353759766
5799	28.99	1074.0576171875	344.484954833984	93.3716201782227	674.671081542969	154.401000976562	312.590301513672
5800	28.995	1062.5908203125	344.798370361328	93.8845520019531	682.546508789062	154.81103515625	313.572326660156
5801	29.0	1051.45043945312	345.627471923828	94.4655838012695	690.858581542969	155.329788208008	314.137390136719
5802	29.005	1039.978515625	346.623138427734	95.1528396606445	699.548095703125	155.799072265625	314.277954101562
5803	29.01	1028.5595703125	347.607940673828	95.556396484375	708.402709960938	156.308120727539	314.068908691406
5804	29.015	1016.95440673828	348.275085449219	95.8851852416992	717.444580078125	157.007919311523	313.48291015625
5805	29.02	1005.24981689453	348.771575927734	96.3207168579102	726.612426757812	157.685897827148	312.549591064453
5806	29.025	993.346801757812	349.114135742188	96.9053192138672	735.907165527344	158.228118896484	311.275024414062
5807	29.03	981.422180175781	349.256652832031	97.4096603393555	745.376098632812	158.889999389648	309.673583984375
5808	29.035	969.516418457031	349.362243652344	98.0539855957031	755.035461425781	159.583450317383	307.678741455078
5809	29.04	957.543029785156	349.491668701172	98.7363357543945	764.93896484375	160.389221191406	305.352935791016
5810	29.045	945.547607421875	349.642669677734	99.6301498413086	774.898803710938	161.211639404297	302.561920166016
5811	29.05	933.573974609375	349.742309570312	100.51782989502	785.022705078125	162.116989135742	299.350250244141
5812	29.055	921.668762207031	349.955291748047	101.596809387207	795.153564453125	162.865142822266	295.780700683594
5813	29.06	909.831604003906	350.100189208984	102.79647064209	805.567932128906	163.907928466797	291.731506347656
5814	29.065	898.129577636719	350.369232177734	104.265144348145	816.048217773438	164.896942138672	287.301666259766
5815	29.07	886.60693359375	350.696746826172	105.92839050293	826.590087890625	165.960266113281	282.589080810547
5816	29.075	875.286743164062	351.027770996094	107.850044250488	837.263610839844	167.087738037109	277.498138427734
5817	29.08	864.252685546875	351.519439697266	110.197914123535	847.636962890625	167.796966552734	272.21044921875
5818	29.085	853.373596191406	352.110198974609	112.717933654785	858.267150878906	168.884292602539	266.637359619141
5819	29.09	842.893310546875	352.6435546875	115.663375854492	870.048217773438	170.816314697266	260.536773681641
5820	29.095	832.60302734375	353.298736572266	118.809524536133	881.423767089844	172.374145507812	254.420181274414
5821	29.1	822.679321289062	354.103881835938	122.307235717773	893.156555175781	174.071075439453	248.075531005859
5822	29.105	813.139953613281	354.997589111328	125.991836547852	905.185729980469	175.829025268555	241.510711669922
5823	29.11	803.873962402344	355.98486328125	129.961761474609	917.428161621094	177.622344970703	234.796463012695
5824	29.115	794.978576660156	357.056304931641	134.066543579102	930.018920898438	179.506744384766	227.917449951172
5825	29.12	786.556457519531	358.262115478516	138.378112792969	942.758544921875	181.388854980469	220.998397827148
5826	29.125	778.536682128906	359.535186767578	142.793899536133	955.834350585938	183.326095581055	213.919784545898
5827	29.13	770.859069824219	360.957122802734	147.378356933594	969.123291015625	185.255737304688	206.871398925781
5828	29.135	763.636840820312	362.475006103516	152.032012939453	982.547912597656	187.306533813477	199.75798034668
5829	29.14	756.753784179688	364.062408447266	156.734985351562	996.292175292969	189.240432739258	192.818130493164
5830	29.145	750.307006835938	365.764556884766	161.487655639648	1010.10015869141	191.176315307617	185.941848754883
5831	29.15	744.23486328125	367.520904541016	166.328170776367	1024.19714355469	193.036865234375	179.023818969727
5832	29.155	738.547485351562	369.443969726562	171.186004638672	1038.46655273438	194.707061767578	172.425064086914
5833	29.16	733.177185058594	371.317291259766	176.104064941406	1052.92468261719	196.325454711914	165.863525390625
5834	29.165	728.094909667969	373.210723876953	181.044403076172	1067.51184082031	197.757217407227	159.6279296875
5835	29.17	723.207214355469	375.09228515625	185.97216796875	1082.16809082031	199.074600219727	153.573654174805
5836	29.175	718.628295898438	376.939208984375	190.863311767578	1096.75854492188	200.252975463867	147.896514892578
5837	29.18	714.186584472656	378.765869140625	195.768905639648	1111.20239257812	201.246871948242	142.636367797852
5838	29.185	709.921020507812	380.603240966797	200.568328857422	1125.30541992188	202.138168334961	137.874588012695
5839	29.19	705.675476074219	382.334259033203	205.270202636719	1139.13415527344	202.950103759766	133.280426025391
5840	29.195	701.270141601562	384.128692626953	210.106338500977	1152.38403320312	203.59700012207	129.354965209961
5841	29.2	696.775268554688	385.804901123047	214.995559692383	1164.67004394531	204.185623168945	126.092964172363
5842	29.205	692.038940429688	387.437469482422	220.112976074219	1176.43225097656	204.718383789062	123.119834899902
5843	29.21	687.1357421875	388.953552246094	225.54248046875	1187.29797363281	205.308227539062	120.690330505371
5844	29.215	682.508605957031	390.32080078125	231.076187133789	1197.19836425781	205.949569702148	118.742065429688
5845	29.22	678.093139648438	391.770812988281	236.826797485352	1206.14904785156	206.724334716797	117.116493225098
5846	29.225	674.185302734375	393.088745117188	242.634857177734	1213.955078125	207.784637451172	115.736961364746
5847	29.23	670.730163574219	394.538360595703	248.418243408203	1220.66394042969	209.086273193359	114.529174804688
5848	29.235	667.847717285156	396.010803222656	254.244750976562	1226.18579101562	210.413223266602	113.27180480957
5849	29.24	665.468017578125	397.521209716797	260.010650634766	1230.37158203125	211.887191772461	111.709403991699
5850	29.245	663.641723632812	399.072418212891	265.689147949219	1233.357421875	213.295257568359	109.917213439941
5851	29.25	662.38427734375	400.685241699219	271.297973632812	1236.09289550781	214.501342773438	107.414237976074
5852	29.255	661.649536132812	402.314575195312	276.837524414062	1237.01965332031	215.722091674805	104.786567687988
5853	29.26	661.442810058594	403.819885253906	282.233215332031	1236.70275878906	216.700805664062	101.833961486816
5854	29.265	661.865295410156	405.374664306641	287.517791748047	1235.34313964844	217.641220092773	98.7232360839844
5855	29.27	662.785400390625	406.784912109375	292.642639160156	1232.86779785156	218.442123413086	95.4960632324219
5856	29.275	664.273498535156	408.208740234375	297.560424804688	1229.74145507812	218.960601806641	92.067497253418
5857	29.28	666.238464355469	409.231964111328	302.413238525391	1225.94604492188	219.223419189453	88.9667892456055
5858	29.285	668.752746582031	410.46435546875	307.072174072266	1221.42797851562	219.412902832031	86.4775314331055
5859	29.29	671.873168945312	411.540496826172	311.458099365234	1215.50170898438	220.214553833008	83.4393768310547
5860	29.295	675.4951171875	412.526763916016	315.460144042969	1208.29833984375	221.894027709961	81.0513916015625
5861	29.3	679.647827148438	413.559967041016	319.234161376953	1200.1279296875	224.040649414062	79.3939208984375
5862	29.305	684.481811523438	414.569091796875	322.738647460938	1189.74060058594	227.063522338867	78.7776336669922
5863	29.31	689.74951171875	415.546447753906	325.878173828125	1178.04150390625	230.146484375	79.5248031616211
5864	29.315	695.691650390625	416.503356933594	328.605682373047	1168.02087402344	232.290405273438	81.3827285766602
5865	29.32	702.168212890625	417.532684326172	330.986389160156	1159.86889648438	233.617385864258	83.3188400268555
5866	29.325	709.306579589844	418.564758300781	332.930358886719	1151.65051269531	234.58479309082	84.7353897094727
5867	29.33	716.803039550781	419.456176757812	334.41796875	1141.62121582031	235.42692565918	86.0826873779297
5868	29.335	724.713806152344	420.340454101562	335.526672363281	1130.63439941406	235.929504394531	87.4565505981445
5869	29.34	732.799133300781	421.130706787109	336.290252685547	1119.70141601562	235.827194213867	88.1962661743164
5870	29.345	741.265686035156	421.988098144531	336.673187255859	1108.70397949219	235.462814331055	88.4917678833008
5871	29.35	749.75830078125	422.717163085938	336.606536865234	1097.16296386719	235.198745727539	89.0411148071289
5872	29.355	758.475769042969	423.513031005859	336.177703857422	1085.28625488281	235.093826293945	89.416748046875
5873	29.36	767.404663085938	424.213439941406	335.317260742188	1073.37890625	235.109848022461	89.6204986572266
5874	29.365	776.382263183594	424.909149169922	334.016296386719	1061.46667480469	235.262115478516	89.8281097412109
5875	29.37	785.540954589844	425.489379882812	332.218414306641	1049.34936523438	235.476287841797	90.2526245117188
5876	29.375	794.829162597656	426.053741455078	330.037719726562	1037.32580566406	235.788497924805	90.6407852172852
5877	29.38	804.215148925781	426.542205810547	327.440216064453	1025.0087890625	235.953140258789	90.8888854980469
5878	29.385	813.658447265625	426.996063232422	324.406616210938	1012.70239257812	235.956497192383	91.3229904174805
5879	29.39	823.153625488281	427.305297851562	320.941284179688	1000.33551025391	235.936996459961	91.9480514526367
5880	29.395	832.679016113281	427.585021972656	317.160705566406	988.027282714844	235.925521850586	92.5896682739258
5881	29.4	842.1953125	427.749938964844	312.939544677734	975.709289550781	235.773574829102	93.266487121582
5882	29.405	851.761108398438	427.818359375	308.399078369141	963.509094238281	235.582489013672	94.2077026367188
5883	29.41	861.331970214844	427.83544921875	303.568817138672	951.418823242188	235.324005126953	95.1966781616211
5884	29.415	870.942138671875	427.753570556641	298.388275146484	939.447937011719	234.986724853516	96.3446807861328
5885	29.42	880.621215820312	427.545166015625	293.000579833984	927.561218261719	234.530975341797	97.7470779418945
5886	29.425	890.463745117188	427.330413818359	287.219390869141	915.833312988281	234.103942871094	99.4306716918945
5887	29.43	900.476745605469	426.885192871094	281.186309814453	904.247741699219	233.390045166016	101.397010803223
5888	29.435	910.575988769531	426.455535888672	274.870819091797	892.779846191406	232.583190917969	103.65357208252
5889	29.44	920.929504394531	425.968933105469	268.35986328125	881.448181152344	231.609481811523	106.150451660156
5890	29.445	931.40185546875	425.375183105469	261.519592285156	870.489868164062	230.565338134766	108.859275817871
5891	29.45	942.165649414062	424.820129394531	254.512023925781	859.674255371094	229.392349243164	112.060897827148
5892	29.455	953.160095214844	424.056396484375	247.002365112305	849.11572265625	228.323837280273	115.302879333496
5893	29.46	964.319030761719	423.427154541016	239.611267089844	838.901916503906	227.079895019531	118.743202209473
5894	29.465	975.900390625	422.845123291016	231.940933227539	828.899230957031	225.898391723633	122.403472900391
5895	29.47	987.595153808594	422.246734619141	224.163757324219	819.262512207031	224.600234985352	126.216766357422
5896	29.475	999.605041503906	421.573181152344	216.309143066406	809.940185546875	223.384536743164	130.120193481445
5897	29.48	1011.72918701172	421.052398681641	208.333786010742	800.928466796875	222.059219360352	134.2578125
5898	29.485	1024.13122558594	420.475494384766	200.535736083984	792.272216796875	220.660949707031	138.453216552734
5899	29.49	1036.51953125	419.897186279297	192.7060546875	783.837097167969	219.364013671875	142.827880859375
5900	29.495	1049.11389160156	419.358978271484	185.157028198242	775.819396972656	217.841720581055	147.289123535156
5901	29.5	1062.04235839844	418.566009521484	177.693893432617	768.402282714844	216.676879882812	151.465667724609
5902	29.505	1074.83435058594	418.020385742188	170.746841430664	760.886352539062	215.176513671875	156.129989624023
5903	29.51	1087.61840820312	417.311218261719	164.103393554688	753.782653808594	213.816055297852	160.805465698242
5904	29.515	1100.34375	416.478820800781	157.839599609375	746.789672851562	212.385620117188	165.703170776367
5905	29.52	1112.71765136719	415.699279785156	152.231307983398	740.318298339844	211.011566162109	170.408493041992
5906	29.525	1124.6044921875	414.7744140625	146.94792175293	733.388977050781	210.287384033203	175.424957275391
5907	29.53	1135.92053222656	413.730316162109	142.227996826172	727.117004394531	209.6337890625	180.014663696289
5908	29.535	1146.39208984375	412.680480957031	137.925155639648	720.827880859375	208.902572631836	184.838119506836
5909	29.54	1155.76647949219	411.620208740234	134.027038574219	714.613220214844	208.268997192383	189.818054199219
5910	29.545	1164.8125	410.496002197266	130.453582763672	708.349975585938	207.779266357422	194.600143432617
5911	29.55	1172.34399414062	409.232849121094	127.399513244629	702.156555175781	207.377822875977	199.457107543945
5912	29.555	1179.091796875	408.009490966797	124.815971374512	695.934631347656	207.067718505859	204.353286743164
5913	29.56	1184.78930664062	406.656982421875	122.614196777344	689.910522460938	206.789031982422	209.336547851562
5914	29.565	1189.4287109375	405.278442382812	120.792747497559	683.815856933594	206.581634521484	214.376861572266
5915	29.57	1193.01501464844	403.653472900391	118.997634887695	677.696716308594	206.366668701172	219.491607666016
5916	29.575	1195.3134765625	402.064666748047	117.353721618652	671.727661132812	206.342971801758	224.641418457031
5917	29.58	1196.61694335938	400.335021972656	115.581298828125	666.096557617188	206.192260742188	229.956085205078
5918	29.585	1196.96398925781	398.720794677734	113.765396118164	660.998291015625	206.041641235352	235.247406005859
5919	29.59	1196.23449707031	397.178588867188	111.86319732666	656.317749023438	205.954162597656	240.737274169922
5920	29.595	1194.64379882812	395.845001220703	109.794746398926	652.206115722656	205.721832275391	246.256820678711
5921	29.6	1192.21643066406	394.747711181641	107.699096679688	648.633544921875	205.50341796875	251.817901611328
5922	29.605	1188.98168945312	393.901641845703	105.38646697998	645.67529296875	205.263809204102	257.456176757812
5923	29.61	1185.01843261719	393.159240722656	102.868255615234	643.201110839844	204.801376342773	262.99072265625
5924	29.615	1180.34729003906	392.674346923828	100.155830383301	641.448791503906	204.427642822266	268.616485595703
5925	29.62	1175.04089355469	392.276031494141	97.2339782714844	640.211853027344	203.891540527344	274.116973876953
5926	29.625	1168.34814453125	391.402984619141	95.1807556152344	639.737854003906	203.305526733398	279.529418945312
5927	29.63	1160.62463378906	389.728057861328	93.4369354248047	640.00634765625	202.481094360352	284.794799804688
5928	29.635	1149.32495117188	386.652374267578	91.5134429931641	640.751770019531	201.846206665039	289.934844970703
5929	29.64	1135.79919433594	383.386932373047	90.4573516845703	642.20361328125	201.095092773438	294.841156005859
5930	29.645	1123.18957519531	381.078887939453	89.8898239135742	644.420471191406	200.523574829102	299.689025878906
5931	29.65	1112.07153320312	379.408050537109	90.1333389282227	647.435729980469	199.911819458008	304.340881347656
5932	29.655	1101.8583984375	378.171875	90.8737335205078	651.316650390625	199.361038208008	308.703247070312
5933	29.66	1091.40795898438	377.165985107422	91.5538482666016	656.026794433594	198.834091186523	312.851593017578
5934	29.665	1080.18933105469	376.399139404297	92.5467987060547	661.486633300781	198.344802856445	316.63232421875
5935	29.67	1068.68359375	375.98486328125	93.4643707275391	667.635009765625	197.907073974609	320.036010742188
5936	29.675	1057.05859375	376.077819824219	94.0250244140625	674.290649414062	197.552352905273	322.967529296875
5937	29.68	1045.73876953125	376.565673828125	94.5695419311523	681.486267089844	197.206741333008	325.460540771484
5938	29.685	1034.45043945312	377.341064453125	95.1512908935547	688.954772949219	197.060028076172	327.589782714844
5939	29.69	1022.94097900391	378.144653320312	95.6089782714844	696.615844726562	196.913009643555	329.291870117188
5940	29.695	1011.38232421875	378.872528076172	95.9291839599609	704.500793457031	196.857788085938	330.527252197266
5941	29.7	999.744567871094	379.449432373047	96.1116943359375	712.483703613281	196.770172119141	331.434906005859
5942	29.705	987.867614746094	379.899597167969	96.43310546875	720.702331542969	196.76496887207	331.826934814453
5943	29.71	975.876220703125	380.068359375	96.6832962036133	729.027038574219	196.98371887207	331.771301269531
5944	29.715	963.869506835938	380.268280029297	97.140625	737.45703125	197.197036743164	331.31787109375
5945	29.72	951.8154296875	380.284118652344	97.6436004638672	746.045471191406	197.520050048828	330.361419677734
5946	29.725	939.652709960938	380.270782470703	98.281623840332	754.743347167969	197.836639404297	328.844482421875
5947	29.73	927.619812011719	380.2412109375	99.0327453613281	763.494506835938	198.192764282227	326.847015380859
5948	29.735	915.518432617188	380.239654541016	99.8240966796875	772.296447753906	198.590957641602	324.346069335938
5949	29.74	903.559753417969	380.309631347656	100.826126098633	781.1611328125	199.067611694336	321.307739257812
5950	29.745	891.59814453125	380.383483886719	101.941505432129	790.044311523438	199.427352905273	317.833435058594
5951	29.75	879.833312988281	380.627288818359	103.316131591797	798.782592773438	199.733779907227	313.934936523438
5952	29.755	868.154846191406	380.892547607422	104.93620300293	807.889343261719	200.315170288086	309.443420410156
5953	29.76	856.736999511719	381.216644287109	106.867362976074	816.517395019531	200.447875976562	304.800506591797
5954	29.765	845.488525390625	381.666534423828	109.123649597168	826.165588378906	201.405395507812	299.411224365234
5955	29.77	834.605346679688	382.100708007812	111.753601074219	835.525512695312	202.105163574219	293.883331298828
5956	29.775	823.947509765625	382.643432617188	114.649917602539	845.098205566406	202.852996826172	288.023529052734
5957	29.78	813.621337890625	383.275299072266	117.851097106934	854.872680664062	203.64924621582	281.891723632812
5958	29.785	803.635192871094	383.967468261719	121.296813964844	864.818237304688	204.416549682617	275.54736328125
5959	29.79	793.910766601562	384.851196289062	125.036758422852	875.033752441406	205.249435424805	268.930358886719
5960	29.795	784.560791015625	385.840484619141	128.941207885742	885.575866699219	206.112030029297	262.075225830078
5961	29.8	775.599304199219	386.964599609375	133.053909301758	896.286071777344	207.083709716797	255.106964111328
5962	29.805	766.959655761719	388.299682617188	137.256500244141	907.381103515625	207.980773925781	247.908279418945
5963	29.81	758.720458984375	389.677703857422	141.634231567383	918.612182617188	208.865707397461	240.610137939453
5964	29.815	750.819763183594	391.190521240234	146.045013427734	930.260681152344	209.760467529297	233.146392822266
5965	29.82	743.298583984375	392.839660644531	150.518630981445	942.209716796875	210.580657958984	225.604461669922
5966	29.825	736.068176269531	394.612274169922	155.039566040039	954.380981445312	211.378265380859	218.037399291992
5967	29.83	729.268798828125	396.477355957031	159.534591674805	966.953918457031	212.257553100586	210.509292602539
5968	29.835	722.781555175781	398.409973144531	164.033142089844	979.922302246094	212.971786499023	202.878768920898
5969	29.84	716.598205566406	400.350219726562	168.542205810547	993.087036132812	213.688522338867	195.231979370117
5970	29.845	710.770385742188	402.406677246094	173.10466003418	1006.45220947266	214.293228149414	187.795593261719
5971	29.85	705.109069824219	404.428649902344	177.737762451172	1020.07550048828	214.9833984375	180.473037719727
5972	29.855	699.796875	406.49072265625	182.389770507812	1033.61096191406	215.467742919922	173.459243774414
5973	29.86	694.693298339844	408.457672119141	187.161010742188	1047.56335449219	216.061965942383	166.431106567383
5974	29.865	689.711364746094	410.373504638672	191.877746582031	1061.42419433594	216.555038452148	159.850494384766
5975	29.87	684.9296875	412.195770263672	196.639038085938	1075.24658203125	216.973236083984	153.507125854492
5976	29.875	680.129760742188	413.981597900391	201.425689697266	1088.89953613281	217.387100219727	147.645126342773
5977	29.88	675.341186523438	415.593933105469	206.067321777344	1102.19653320312	217.681228637695	142.116424560547
5978	29.885	670.426513671875	417.173980712891	210.94450378418	1115.25085449219	218.035705566406	137.018341064453
5979	29.89	665.29736328125	418.676025390625	215.913681030273	1127.78100585938	218.340347290039	132.364822387695
5980	29.895	659.803283691406	419.997528076172	221.203247070312	1139.63879394531	218.616729736328	128.083908081055
5981	29.9	654.340087890625	421.260345458984	226.731750488281	1150.65966796875	218.925888061523	124.340309143066
5982	29.905	648.979431152344	422.35693359375	232.448867797852	1160.76867675781	219.196365356445	121.097007751465
5983	29.91	643.845581054688	423.384948730469	238.384033203125	1170.08349609375	219.67626953125	118.272842407227
5984	29.915	639.158813476562	424.290802001953	244.384033203125	1178.12268066406	220.283096313477	115.81575012207
5985	29.92	634.8935546875	425.202758789062	250.470413208008	1185.00268554688	221.186157226562	113.704917907715
5986	29.925	631.087463378906	426.019561767578	256.530975341797	1190.61645507812	222.335601806641	111.730682373047
5987	29.93	627.778076171875	426.890106201172	262.607696533203	1195.03405761719	223.588363647461	109.694793701172
5988	29.935	625.013305664062	427.725860595703	268.600433349609	1198.19091796875	224.898529052734	107.457527160645
5989	29.94	622.901245117188	428.542724609375	274.531890869141	1200.18237304688	226.160720825195	104.938636779785
5990	29.945	621.320922851562	429.355743408203	280.382934570312	1201.01135253906	227.280014038086	102.054405212402
5991	29.95	620.429382324219	430.144866943359	286.120819091797	1200.64892578125	228.279434204102	98.9737701416016
5992	29.955	620.092529296875	430.883758544922	291.791809082031	1199.28100585938	229.194381713867	95.6220016479492
5993	29.96	620.380310058594	431.531799316406	297.289703369141	1197.03747558594	230.157501220703	92.2492523193359
5994	29.965	621.267028808594	431.942199707031	302.574279785156	1193.9150390625	230.736587524414	89.4083404541016
5995	29.97	622.779357910156	432.489501953125	307.751892089844	1189.81604003906	231.343200683594	87.1969680786133
5996	29.975	624.884399414062	432.858062744141	312.677795410156	1183.94506835938	232.453399658203	84.3792724609375
5997	29.98	627.585571289062	433.168090820312	317.333221435547	1176.36901855469	234.248123168945	82.2231674194336
5998	29.985	631.061706542969	433.490631103516	321.726593017578	1167.30981445312	236.108535766602	80.758918762207
5999	29.99	635.074951171875	433.792694091797	325.861572265625	1156.31616210938	238.553298950195	80.1011047363281
6000	29.995	639.732421875	434.06494140625	329.660095214844	1144.17199707031	240.884521484375	80.6911697387695
